coverage,risk,accuracy,abstain_threshold
0.0005,1.0,0.0,0.22253292023794946
0.001,1.0,0.0,0.22494259053553095
0.0015,0.6666666666666666,0.33333333333333337,0.22581225818934325
0.002,0.5,0.5,0.22651489482197873
0.0025,0.4,0.6,0.23044605370068644
0.003,0.3333333333333333,0.6666666666666667,0.23157686123999743
0.0035,0.2857142857142857,0.7142857142857143,0.23383286476540288
0.004,0.375,0.625,0.23987844682435283
0.0045,0.4444444444444444,0.5555555555555556,0.24232075457123303
0.005,0.4,0.6,0.2424667602849016
0.0055,0.36363636363636365,0.6363636363636364,0.24834664095911718
0.006,0.4166666666666667,0.5833333333333333,0.251820853302695
0.0065,0.38461538461538464,0.6153846153846154,0.2529559027037805
0.007,0.42857142857142855,0.5714285714285714,0.25352536033405493
0.0075,0.4666666666666667,0.5333333333333333,0.2540222411044542
0.008,0.4375,0.5625,0.25654621834385516
0.0085,0.4117647058823529,0.5882352941176471,0.25712471371981266
0.009,0.4444444444444444,0.5555555555555556,0.2584528233841969
0.0095,0.42105263157894735,0.5789473684210527,0.2613666986746559
0.01,0.4,0.6,0.2615839155257993
0.0105,0.38095238095238093,0.6190476190476191,0.2618164275071759
0.011,0.4090909090909091,0.5909090909090908,0.2636195483557375
0.0115,0.391304347826087,0.6086956521739131,0.26430407896055635
0.012,0.4166666666666667,0.5833333333333333,0.2646899008643978
0.0125,0.4,0.6,0.26476077247762186
0.013,0.38461538461538464,0.6153846153846154,0.2649543289511077
0.0135,0.4074074074074074,0.5925925925925926,0.26601125636218126
0.014,0.42857142857142855,0.5714285714285714,0.26742366168998266
0.0145,0.41379310344827586,0.5862068965517242,0.26896517208493825
0.015,0.4,0.6,0.2701252428051266
0.0155,0.3870967741935484,0.6129032258064516,0.27056997619409223
0.016,0.375,0.625,0.2710242125052063
0.0165,0.3939393939393939,0.6060606060606061,0.27151733282266144
0.017,0.4117647058823529,0.5882352941176471,0.27178804633292764
0.0175,0.42857142857142855,0.5714285714285714,0.27456218514808745
0.018,0.4444444444444444,0.5555555555555556,0.27713545906527814
0.0185,0.43243243243243246,0.5675675675675675,0.27767202702816074
0.019,0.42105263157894735,0.5789473684210527,0.27799817851472575
0.0195,0.4358974358974359,0.5641025641025641,0.27960335058747365
0.02,0.45,0.55,0.2797465983587986
0.0205,0.43902439024390244,0.5609756097560976,0.2798370968976386
0.021,0.4523809523809524,0.5476190476190477,0.27987318936051647
0.0215,0.4418604651162791,0.5581395348837209,0.281324601668347
0.022,0.4318181818181818,0.5681818181818181,0.2831471253773377
0.0225,0.4222222222222222,0.5777777777777777,0.28413993133596743
0.023,0.41304347826086957,0.5869565217391304,0.2842441900774365
0.0235,0.425531914893617,0.574468085106383,0.28560711066551553
0.024,0.4375,0.5625,0.2860217070904794
0.0245,0.4489795918367347,0.5510204081632653,0.28668340670289305
0.025,0.46,0.54,0.2896849644748812
0.0255,0.45098039215686275,0.5490196078431373,0.29044887802851277
0.026,0.46153846153846156,0.5384615384615384,0.2914484146056041
0.0265,0.4716981132075472,0.5283018867924528,0.29159469772889757
0.027,0.48148148148148145,0.5185185185185186,0.29350916283583467
0.0275,0.4727272727272727,0.5272727272727273,0.2937177747286217
0.028,0.4642857142857143,0.5357142857142857,0.2940359573327761
0.0285,0.45614035087719296,0.543859649122807,0.29422297085326293
0.029,0.4482758620689655,0.5517241379310345,0.29587580958641496
0.0295,0.4406779661016949,0.5593220338983051,0.297351297635457
0.03,0.45,0.55,0.2975334932577062
0.0305,0.4426229508196721,0.5573770491803278,0.29794373412902503
0.031,0.45161290322580644,0.5483870967741935,0.29809178795895097
0.0315,0.4603174603174603,0.5396825396825398,0.300043276020911
0.032,0.46875,0.53125,0.30096428919524715
0.0325,0.47692307692307695,0.523076923076923,0.3017335206091355
0.033,0.48484848484848486,0.5151515151515151,0.3020254244346563
0.0335,0.4925373134328358,0.5074626865671642,0.3025467365159325
0.034,0.5,0.5,0.3035524880653352
0.0345,0.5072463768115942,0.49275362318840576,0.30577687076960847
0.035,0.5,0.5,0.30621550613865106
0.0355,0.5070422535211268,0.49295774647887325,0.30625312207213473
0.036,0.5,0.5,0.30644766407205704
0.0365,0.5068493150684932,0.4931506849315068,0.30708442767752997
0.037,0.5,0.5,0.30795348751131874
0.0375,0.5066666666666667,0.4933333333333333,0.30838677516171725
0.038,0.5,0.5,0.3092471456842661
0.0385,0.5064935064935064,0.49350649350649356,0.3096494299325158
0.039,0.5128205128205128,0.4871794871794872,0.30999281813140184
0.0395,0.5189873417721519,0.4810126582278481,0.31157045987808624
0.04,0.525,0.475,0.3123837968115663
0.0405,0.5308641975308642,0.4691358024691358,0.31371828495828463
0.041,0.5365853658536586,0.46341463414634143,0.31442614517301976
0.0415,0.5301204819277109,0.4698795180722891,0.31443430277850004
0.042,0.5238095238095238,0.47619047619047616,0.31498744185581096
0.0425,0.5294117647058824,0.47058823529411764,0.3152932937139183
0.043,0.5232558139534884,0.4767441860465116,0.3153095427210167
0.0435,0.5172413793103449,0.48275862068965514,0.3155516582243816
0.044,0.5113636363636364,0.48863636363636365,0.31631559093057
0.0445,0.5056179775280899,0.4943820224719101,0.316633514093797
0.045,0.5111111111111111,0.48888888888888893,0.31745588711435824
0.0455,0.5164835164835165,0.48351648351648346,0.31796659253876636
0.046,0.5217391304347826,0.4782608695652174,0.3187302027923968
0.0465,0.5268817204301075,0.4731182795698925,0.31966208602138096
0.047,0.5212765957446809,0.4787234042553191,0.32028302370711614
0.0475,0.5157894736842106,0.4842105263157894,0.32060829287514986
0.048,0.5208333333333334,0.47916666666666663,0.32061823116610655
0.0485,0.5154639175257731,0.48453608247422686,0.32126841981014215
0.049,0.5102040816326531,0.4897959183673469,0.3220286072366281
0.0495,0.5151515151515151,0.48484848484848486,0.3231652354160731
0.05,0.52,0.48,0.3257776795116104
0.0505,0.5247524752475248,0.4752475247524752,0.3258990757820925
0.051,0.5294117647058824,0.47058823529411764,0.3268490038542816
0.0515,0.5242718446601942,0.47572815533980584,0.3270751272271748
0.052,0.5192307692307693,0.4807692307692307,0.3272146687171232
0.0525,0.5238095238095238,0.47619047619047616,0.3276604301315575
0.053,0.5188679245283019,0.4811320754716981,0.3278761590851801
0.0535,0.5233644859813084,0.47663551401869164,0.3287823641914987
0.054,0.5185185185185185,0.4814814814814815,0.33069769450795283
0.0545,0.5137614678899083,0.4862385321100917,0.33078394458274446
0.055,0.5181818181818182,0.4818181818181818,0.3308626886851777
0.0555,0.5225225225225225,0.4774774774774775,0.33156003307630705
0.056,0.5178571428571429,0.4821428571428571,0.33238409104179417
0.0565,0.5132743362831859,0.48672566371681414,0.33285873136036875
0.057,0.5087719298245614,0.49122807017543857,0.3331655921622428
0.0575,0.5130434782608696,0.4869565217391304,0.3334095604138021
0.058,0.5172413793103449,0.48275862068965514,0.33401284732964626
0.0585,0.5128205128205128,0.4871794871794872,0.33415552599973186
0.059,0.5084745762711864,0.4915254237288136,0.3345441164296452
0.0595,0.5126050420168067,0.4873949579831933,0.3354825366000375
0.06,0.5083333333333333,0.4916666666666667,0.33555163930728443
0.0605,0.5041322314049587,0.49586776859504134,0.3355901406847339
0.061,0.5081967213114754,0.4918032786885246,0.3356490146562202
0.0615,0.5040650406504065,0.49593495934959353,0.3382157399972903
0.062,0.5080645161290323,0.49193548387096775,0.33845704086142836
0.0625,0.512,0.488,0.33889673206980114
0.063,0.5158730158730159,0.4841269841269841,0.3393599086528167
0.0635,0.5118110236220472,0.4881889763779528,0.33968233342647136
0.064,0.515625,0.484375,0.34006231061327846
0.0645,0.5116279069767442,0.4883720930232558,0.34078252208090276
0.065,0.5153846153846153,0.48461538461538467,0.34113989223375063
0.0655,0.5190839694656488,0.48091603053435117,0.3414526678223842
0.066,0.5227272727272727,0.4772727272727273,0.34160897725434
0.0665,0.518796992481203,0.48120300751879697,0.3416339262278803
0.067,0.5223880597014925,0.4776119402985075,0.3417922938158293
0.0675,0.5259259259259259,0.4740740740740741,0.34196670053008316
0.068,0.5294117647058824,0.47058823529411764,0.3420467217559606
0.0685,0.5328467153284672,0.46715328467153283,0.3420581209274733
0.069,0.5289855072463768,0.47101449275362317,0.3420960467531963
0.0695,0.5251798561151079,0.47482014388489213,0.34220724827947596
0.07,0.5285714285714286,0.4714285714285714,0.34238146940670067
0.0705,0.5319148936170213,0.46808510638297873,0.34280737729038085
0.071,0.528169014084507,0.471830985915493,0.34281089467606557
0.0715,0.5244755244755245,0.4755244755244755,0.3429540567485947
0.072,0.5277777777777778,0.4722222222222222,0.34295523013740203
0.0725,0.5310344827586206,0.46896551724137936,0.3436310226476057
0.073,0.5342465753424658,0.4657534246575342,0.34403217978291
0.0735,0.5374149659863946,0.4625850340136054,0.3443988866758922
0.074,0.5337837837837838,0.46621621621621623,0.3455336808885066
0.0745,0.5369127516778524,0.46308724832214765,0.3456666423452306
0.075,0.54,0.45999999999999996,0.3458068773493409
0.0755,0.543046357615894,0.45695364238410596,0.34629619725607375
0.076,0.5394736842105263,0.4605263157894737,0.34633345469668214
0.0765,0.5359477124183006,0.46405228758169936,0.3464126856620034
0.077,0.538961038961039,0.461038961038961,0.346435943065243
0.0775,0.5419354838709678,0.4580645161290322,0.3468014084698808
0.078,0.5384615384615384,0.46153846153846156,0.3471847458418448
0.0785,0.5414012738853503,0.4585987261146497,0.34734155683314544
0.079,0.5379746835443038,0.4620253164556962,0.34738559580681494
0.0795,0.5345911949685535,0.46540880503144655,0.34740383239432365
0.08,0.5375,0.4625,0.3478955462851878
0.0805,0.5403726708074534,0.45962732919254656,0.3479118111662986
0.081,0.5370370370370371,0.4629629629629629,0.34794935039942554
0.0815,0.5398773006134969,0.4601226993865031,0.3479664066042359
0.082,0.5426829268292683,0.45731707317073167,0.3481687170527612
0.0825,0.5393939393939394,0.4606060606060606,0.34879977191428907
0.083,0.536144578313253,0.463855421686747,0.34925945822284
0.0835,0.5389221556886228,0.4610778443113772,0.3493598730461413
0.084,0.5416666666666666,0.45833333333333337,0.34944039812190336
0.0845,0.5443786982248521,0.4556213017751479,0.349647162367395
0.085,0.5470588235294118,0.4529411764705882,0.3497058287222606
0.0855,0.543859649122807,0.45614035087719296,0.35119714218446607
0.086,0.5406976744186046,0.4593023255813954,0.35136377067505636
0.0865,0.5433526011560693,0.4566473988439307,0.35139095575486623
0.087,0.5402298850574713,0.45977011494252873,0.3513960926143027
0.0875,0.5428571428571428,0.4571428571428572,0.3514625539932546
0.088,0.5454545454545454,0.4545454545454546,0.3514756328186057
0.0885,0.5480225988700564,0.45197740112994356,0.3515620383154134
0.089,0.5449438202247191,0.4550561797752809,0.3527670659645983
0.0895,0.547486033519553,0.45251396648044695,0.3528975185375818
0.09,0.55,0.44999999999999996,0.35295379955717504
0.0905,0.5469613259668509,0.4530386740331491,0.35308009514082045
0.091,0.5439560439560439,0.4560439560439561,0.3531317043574398
0.0915,0.546448087431694,0.45355191256830596,0.3533039529733723
0.092,0.5489130434782609,0.45108695652173914,0.3535887891115548
0.0925,0.5513513513513514,0.4486486486486486,0.3542226920315023
0.093,0.553763440860215,0.446236559139785,0.35426589951309584
0.0935,0.5508021390374331,0.44919786096256686,0.3543563237527166
0.094,0.5478723404255319,0.4521276595744681,0.3544249291659671
0.0945,0.544973544973545,0.455026455026455,0.3550186457257214
0.095,0.5473684210526316,0.4526315789473684,0.35518579480267287
0.0955,0.5445026178010471,0.45549738219895286,0.3553742434412695
0.096,0.546875,0.453125,0.3554224302323665
0.0965,0.5440414507772021,0.4559585492227979,0.3556550812007969
0.097,0.5463917525773195,0.45360824742268047,0.35573827102682753
0.0975,0.5487179487179488,0.45128205128205123,0.3559525837463486
0.098,0.5510204081632653,0.44897959183673475,0.3566546077704437
0.0985,0.5532994923857868,0.4467005076142132,0.35708174602422776
0.099,0.5505050505050505,0.4494949494949495,0.35720658074848854
0.0995,0.5477386934673367,0.4522613065326633,0.35769484767341986
0.1,0.55,0.44999999999999996,0.357883452737224
0.1005,0.5472636815920398,0.45273631840796025,0.35799649731693095
0.101,0.5495049504950495,0.45049504950495045,0.3582749934837413
0.1015,0.5467980295566502,0.45320197044334976,0.35872496157328543
0.102,0.5441176470588235,0.4558823529411765,0.35878443982786123
0.1025,0.5414634146341464,0.4585365853658536,0.3589583216643358
0.103,0.5436893203883495,0.4563106796116505,0.3592894983441236
0.1035,0.5410628019323671,0.4589371980676329,0.359497042089987
0.104,0.5432692307692307,0.4567307692307693,0.35962310037364054
0.1045,0.5406698564593302,0.4593301435406698,0.3599452443172728
0.105,0.5428571428571428,0.4571428571428572,0.3599890182542002
0.1055,0.5450236966824644,0.4549763033175356,0.36030428750461735
0.106,0.5424528301886793,0.4575471698113207,0.3604927750960029
0.1065,0.5446009389671361,0.45539906103286387,0.3605396331969975
0.107,0.5420560747663551,0.4579439252336449,0.3609119663189227
0.1075,0.5441860465116279,0.45581395348837206,0.3619948969811783
0.108,0.5462962962962963,0.4537037037037037,0.36222635235684375
0.1085,0.5483870967741935,0.4516129032258065,0.36262412570107283
0.109,0.5504587155963303,0.4495412844036697,0.3628707964913847
0.1095,0.547945205479452,0.452054794520548,0.3630293775167841
0.11,0.55,0.44999999999999996,0.36317469455913737
0.1105,0.5520361990950227,0.44796380090497734,0.363697392619675
0.111,0.5540540540540541,0.44594594594594594,0.3638393412201073
0.1115,0.5560538116591929,0.4439461883408071,0.3640202502282686
0.112,0.5535714285714286,0.4464285714285714,0.3640728629857474
0.1125,0.5555555555555556,0.4444444444444444,0.3642781354108272
0.113,0.5575221238938053,0.4424778761061947,0.3643160578796501
0.1135,0.5594713656387665,0.44052863436123346,0.36458970657851375
0.114,0.5614035087719298,0.4385964912280702,0.3646421534437634
0.1145,0.5633187772925764,0.4366812227074236,0.36464341238556064
0.115,0.5652173913043478,0.4347826086956522,0.36472721569139244
0.1155,0.5670995670995671,0.4329004329004329,0.36484383572807194
0.116,0.5689655172413793,0.43103448275862066,0.3649706377268584
0.1165,0.5708154506437768,0.4291845493562232,0.3650577566761246
0.117,0.5726495726495726,0.4273504273504274,0.3651359521253484
0.1175,0.5702127659574469,0.42978723404255315,0.36516387499410163
0.118,0.5720338983050848,0.4279661016949152,0.3655462104854413
0.1185,0.5738396624472574,0.42616033755274263,0.36614414346982843
0.119,0.5756302521008403,0.4243697478991597,0.3662623835896384
0.1195,0.5732217573221757,0.42677824267782427,0.36676149910401035
0.12,0.575,0.42500000000000004,0.36715167337127397
0.1205,0.5767634854771784,0.4232365145228216,0.3671650402512132
0.121,0.5743801652892562,0.4256198347107438,0.3672841545124993
0.1215,0.5761316872427984,0.4238683127572016,0.3674622295592557
0.122,0.5778688524590164,0.4221311475409836,0.3676507306507333
0.1225,0.5755102040816327,0.42448979591836733,0.3677022430518271
0.123,0.5772357723577236,0.4227642276422764,0.36803515260555475
0.1235,0.5748987854251012,0.4251012145748988,0.36830311959556455
0.124,0.5725806451612904,0.42741935483870963,0.3685019749290005
0.1245,0.5742971887550201,0.4257028112449799,0.36899403076407816
0.125,0.576,0.42400000000000004,0.3694663895503811
0.1255,0.5776892430278885,0.4223107569721115,0.3696494233302777
0.126,0.5793650793650794,0.4206349206349206,0.3696580360037591
0.1265,0.5810276679841897,0.4189723320158103,0.37068554874818976
0.127,0.5787401574803149,0.42125984251968507,0.37110707230519546
0.1275,0.5803921568627451,0.41960784313725485,0.37154260982213116
0.128,0.58203125,0.41796875,0.37155147319070236
0.1285,0.5797665369649806,0.4202334630350194,0.37189918441633824
0.129,0.5813953488372093,0.41860465116279066,0.37195790149601005
0.1295,0.583011583011583,0.41698841698841704,0.3722454583170655
0.13,0.5846153846153846,0.41538461538461535,0.37233265032629825
0.1305,0.5823754789272031,0.4176245210727969,0.3728133574036674
0.131,0.5801526717557252,0.41984732824427484,0.3729363779526721
0.1315,0.5779467680608364,0.42205323193916355,0.3730833962729062
0.132,0.5795454545454546,0.4204545454545454,0.37323558480065455
0.1325,0.5811320754716981,0.4188679245283019,0.37323998046246154
0.133,0.5827067669172933,0.4172932330827067,0.37338767946631307
0.1335,0.5842696629213483,0.4157303370786517,0.3738889821948409
0.134,0.585820895522388,0.41417910447761197,0.3738938259402387
0.1345,0.587360594795539,0.41263940520446096,0.37462790483967123
0.135,0.5888888888888889,0.4111111111111111,0.37493467882306963
0.1355,0.5867158671586716,0.41328413284132837,0.3750261200407063
0.136,0.5882352941176471,0.4117647058823529,0.37504380356220357
0.1365,0.5897435897435898,0.41025641025641024,0.37564463454093994
0.137,0.5875912408759124,0.4124087591240876,0.37566564635550587
0.1375,0.5890909090909091,0.4109090909090909,0.37583844427790686
0.138,0.5905797101449275,0.4094202898550725,0.37612894984459644
0.1385,0.5884476534296029,0.4115523465703971,0.37621348454158804
0.139,0.5899280575539568,0.41007194244604317,0.3764363886074904
0.1395,0.5913978494623656,0.4086021505376344,0.3766141658763111
0.14,0.5892857142857143,0.4107142857142857,0.37668286435865916
0.1405,0.5871886120996441,0.4128113879003559,0.37677789070383555
0.141,0.5851063829787234,0.4148936170212766,0.37681916135711047
0.1415,0.5865724381625441,0.4134275618374559,0.3779463458164166
0.142,0.5880281690140845,0.4119718309859155,0.3780113032505358
0.1425,0.5894736842105263,0.41052631578947374,0.3780420303740886
0.143,0.5909090909090909,0.40909090909090906,0.37822492554172754
0.1435,0.5888501742160279,0.4111498257839721,0.37837527931030973
0.144,0.5902777777777778,0.4097222222222222,0.37891078440033055
0.1445,0.5916955017301038,0.40830449826989623,0.3789202998322161
0.145,0.593103448275862,0.40689655172413797,0.3789277196066678
0.1455,0.5945017182130584,0.4054982817869416,0.37902841025125933
0.146,0.5958904109589042,0.40410958904109584,0.37914315185280795
0.1465,0.5938566552901023,0.40614334470989766,0.3791611601266878
0.147,0.5952380952380952,0.40476190476190477,0.3794326661011313
0.1475,0.5932203389830508,0.4067796610169492,0.3794739432752364
0.148,0.5945945945945946,0.4054054054054054,0.3796297799583888
0.1485,0.5959595959595959,0.4040404040404041,0.3796658184595036
0.149,0.5973154362416108,0.40268456375838924,0.38020988538516354
0.1495,0.5986622073578596,0.4013377926421404,0.38114421097675977
0.15,0.6,0.4,0.38133703106341427
0.1505,0.5980066445182725,0.40199335548172754,0.38134962614490214
0.151,0.5993377483443708,0.4006622516556292,0.38159953780347017
0.1515,0.6006600660066007,0.3993399339933993,0.38166486851787457
0.152,0.6019736842105263,0.3980263157894737,0.3817998645032931
0.1525,0.6,0.4,0.3822587720612631
0.153,0.5980392156862745,0.4019607843137255,0.3825322802641709
0.1535,0.5993485342019544,0.40065146579804556,0.38275979481401434
0.154,0.5974025974025974,0.4025974025974026,0.38293468010135756
0.1545,0.598705501618123,0.40129449838187703,0.3830178275921735
0.155,0.5967741935483871,0.4032258064516129,0.38322012932634597
0.1555,0.5980707395498392,0.40192926045016075,0.3836126461919476
0.156,0.5993589743589743,0.40064102564102566,0.3838732382199313
0.1565,0.6006389776357828,0.3993610223642172,0.38408430728913107
0.157,0.6019108280254777,0.3980891719745223,0.3843319058366961
0.1575,0.6031746031746031,0.39682539682539686,0.38437100483670156
0.158,0.6012658227848101,0.3987341772151899,0.3843785191333083
0.1585,0.6025236593059937,0.3974763406940063,0.38445503581884444
0.159,0.6037735849056604,0.39622641509433965,0.38509653027411717
0.1595,0.6018808777429467,0.39811912225705326,0.3851773817856987
0.16,0.603125,0.396875,0.38519464950316584
0.1605,0.6043613707165109,0.39563862928348914,0.3854110083463278
0.161,0.6024844720496895,0.39751552795031053,0.38548614578183416
0.1615,0.6037151702786377,0.39628482972136225,0.38558285148143634
0.162,0.6049382716049383,0.3950617283950617,0.3858026371591475
0.1625,0.6061538461538462,0.39384615384615385,0.3858255450846383
0.163,0.6073619631901841,0.3926380368098159,0.38597507458859687
0.1635,0.6085626911314985,0.3914373088685015,0.38599696561556224
0.164,0.6067073170731707,0.3932926829268293,0.3863479584118711
0.1645,0.60790273556231,0.39209726443769,0.38636899897738763
0.165,0.6090909090909091,0.3909090909090909,0.3866665466842327
0.1655,0.6102719033232629,0.38972809667673713,0.38696262518757507
0.166,0.6114457831325302,0.3885542168674698,0.3869946641181969
0.1665,0.6096096096096096,0.39039039039039036,0.38757008044808045
0.167,0.6077844311377245,0.3922155688622755,0.3876382460184812
0.1675,0.6059701492537314,0.3940298507462686,0.3883278343833831
0.168,0.6041666666666666,0.39583333333333337,0.3885490865000253
0.1685,0.6023738872403561,0.3976261127596439,0.3886045036158601
0.169,0.6005917159763313,0.3994082840236687,0.38897640577294856
0.1695,0.6017699115044248,0.3982300884955752,0.3890569436887476
0.17,0.6029411764705882,0.3970588235294118,0.3891682444691395
0.1705,0.6011730205278593,0.39882697947214074,0.3892832895190354
0.171,0.5994152046783626,0.4005847953216374,0.38928646782500326
0.1715,0.6005830903790087,0.3994169096209913,0.389333494431336
0.172,0.5988372093023255,0.40116279069767447,0.38946767896597834
0.1725,0.6,0.4,0.38983854651284783
0.173,0.6011560693641619,0.3988439306358381,0.3900024775506974
0.1735,0.5994236311239193,0.4005763688760807,0.3901581230214496
0.174,0.5977011494252874,0.4022988505747126,0.3905601999829507
0.1745,0.5988538681948424,0.40114613180515757,0.3906213582687812
0.175,0.6,0.4,0.39078754824458156
0.1755,0.5982905982905983,0.4017094017094017,0.39081190977355856
0.176,0.5965909090909091,0.40340909090909094,0.3911885901097898
0.1765,0.5949008498583569,0.4050991501416431,0.391338761992693
0.177,0.5932203389830508,0.4067796610169492,0.3914885940859624
0.1775,0.5915492957746479,0.4084507042253521,0.3916469126562236
0.178,0.5926966292134831,0.4073033707865169,0.39193039299811955
0.1785,0.5938375350140056,0.4061624649859944,0.3924282619855787
0.179,0.5921787709497207,0.4078212290502793,0.3931990475740707
0.1795,0.5905292479108635,0.4094707520891365,0.3934487453289024
0.18,0.5916666666666667,0.4083333333333333,0.3937092954308067
0.1805,0.592797783933518,0.407202216066482,0.39392433005958405
0.181,0.5911602209944752,0.4088397790055248,0.393997829972284
0.1815,0.5895316804407713,0.4104683195592287,0.394088111993982
0.182,0.5879120879120879,0.41208791208791207,0.39415911910313456
0.1825,0.589041095890411,0.410958904109589,0.3946017386631436
0.183,0.5901639344262295,0.4098360655737705,0.3946680131458339
0.1835,0.5912806539509536,0.40871934604904636,0.3948061102526929
0.184,0.5896739130434783,0.41032608695652173,0.39498249894301224
0.1845,0.5880758807588076,0.41192411924119243,0.39562236363082626
0.185,0.5891891891891892,0.41081081081081083,0.3957277873034385
0.1855,0.5902964959568733,0.4097035040431267,0.39577098263334226
0.186,0.5887096774193549,0.41129032258064513,0.3958075075351912
0.1865,0.5871313672922251,0.41286863270777485,0.39588714406214776
0.187,0.5882352941176471,0.4117647058823529,0.3963014882474986
0.1875,0.5893333333333334,0.4106666666666666,0.396370235970926
0.188,0.5877659574468085,0.4122340425531915,0.39660737968370613
0.1885,0.5888594164456233,0.41114058355437666,0.3966238124459276
0.189,0.58994708994709,0.41005291005291,0.39665748587469063
0.1895,0.5910290237467019,0.40897097625329815,0.3967556416302771
0.19,0.5894736842105263,0.41052631578947374,0.39676894395269985
0.1905,0.5879265091863517,0.4120734908136483,0.39688149739485395
0.191,0.5890052356020943,0.4109947643979057,0.39688386782933094
0.1915,0.587467362924282,0.41253263707571797,0.3972477377421823
0.192,0.5885416666666666,0.41145833333333337,0.39758436646964074
0.1925,0.5896103896103896,0.4103896103896104,0.39760646530455784
0.193,0.5880829015544041,0.4119170984455959,0.3978160228146834
0.1935,0.5891472868217055,0.4108527131782945,0.3981928485377295
0.194,0.5876288659793815,0.41237113402061853,0.39872187243328183
0.1945,0.5886889460154242,0.4113110539845758,0.3989947254909785
0.195,0.5897435897435898,0.41025641025641024,0.39913818901442
0.1955,0.5907928388746803,0.40920716112531974,0.3992857901920059
0.196,0.5892857142857143,0.4107142857142857,0.3996872619904319
0.1965,0.5877862595419847,0.4122137404580153,0.39973328055900065
0.197,0.5888324873096447,0.41116751269035534,0.3997947411843436
0.1975,0.589873417721519,0.410126582278481,0.3999496404908348
0.198,0.5883838383838383,0.41161616161616166,0.4000753368817417
0.1985,0.5869017632241813,0.4130982367758187,0.4003686528160624
0.199,0.5879396984924623,0.4120603015075377,0.4003990305893794
0.1995,0.5864661654135338,0.4135338345864662,0.4004907164134666
0.2,0.5875,0.4125,0.4008246148981033
0.2005,0.5860349127182045,0.4139650872817955,0.4012684433754012
0.201,0.5845771144278606,0.41542288557213936,0.4018195147036172
0.2015,0.5856079404466501,0.4143920595533499,0.4018744465476763
0.202,0.5841584158415841,0.4158415841584159,0.4022535192441739
0.2025,0.582716049382716,0.41728395061728396,0.4026115076323925
0.203,0.5812807881773399,0.41871921182266014,0.40282875874414426
0.2035,0.5823095823095823,0.4176904176904177,0.4029207795767231
0.204,0.5808823529411765,0.4191176470588235,0.40293134410739817
0.2045,0.5794621026894865,0.4205378973105135,0.40299732059806176
0.205,0.5804878048780487,0.41951219512195126,0.403431341119688
0.2055,0.5790754257907542,0.4209245742092458,0.40359620214566244
0.206,0.5776699029126213,0.4223300970873787,0.40362614699994237
0.2065,0.5786924939467313,0.4213075060532687,0.4036919075871569
0.207,0.5772946859903382,0.4227053140096618,0.4038936506080398
0.2075,0.5783132530120482,0.42168674698795183,0.40395358871072184
0.208,0.5793269230769231,0.42067307692307687,0.404307290163061
0.2085,0.5779376498800959,0.4220623501199041,0.4044849697221999
0.209,0.5789473684210527,0.42105263157894735,0.4045537377802255
0.2095,0.5799522673031027,0.4200477326968973,0.40463328181885083
0.21,0.580952380952381,0.419047619047619,0.40509127682364837
0.2105,0.5819477434679335,0.41805225653206646,0.4056373733790722
0.211,0.580568720379147,0.419431279620853,0.40608809445104416
0.2115,0.5815602836879432,0.4184397163120568,0.4061890200784387
0.212,0.5801886792452831,0.41981132075471694,0.40621007314312113
0.2125,0.5811764705882353,0.4188235294117647,0.40667397777231096
0.213,0.5821596244131455,0.4178403755868545,0.4073421364705275
0.2135,0.5831381733021077,0.4168618266978923,0.40767359610422693
0.214,0.5841121495327103,0.4158878504672897,0.4077017726404322
0.2145,0.5827505827505828,0.4172494172494172,0.4081949526599587
0.215,0.5837209302325581,0.4162790697674419,0.4082795400673693
0.2155,0.5823665893271461,0.41763341067285387,0.4084994393472429
0.216,0.5810185185185185,0.4189814814814815,0.4088148782066083
0.2165,0.5796766743648961,0.4203233256351039,0.4096544119784277
0.217,0.5783410138248848,0.4216589861751152,0.40974490892494486
0.2175,0.5770114942528736,0.42298850574712643,0.4097533401069069
0.218,0.5779816513761468,0.42201834862385323,0.4097750171416587
0.2185,0.5766590389016019,0.42334096109839814,0.4098553344263879
0.219,0.5776255707762558,0.42237442922374424,0.41020105337084467
0.2195,0.5763097949886105,0.42369020501138954,0.41020420054179857
0.22,0.5772727272727273,0.42272727272727273,0.4103585721490031
0.2205,0.5782312925170068,0.4217687074829932,0.41045739108122614
0.221,0.579185520361991,0.420814479638009,0.4106590539886173
0.2215,0.5801354401805869,0.41986455981941306,0.41073695174811453
0.222,0.5788288288288288,0.4211711711711712,0.4108189401190703
0.2225,0.5797752808988764,0.4202247191011236,0.41093260640434265
0.223,0.57847533632287,0.42152466367713004,0.41114516434788634
0.2235,0.5771812080536913,0.42281879194630867,0.41135802420151935
0.224,0.5758928571428571,0.4241071428571429,0.4113769480665117
0.2245,0.576837416481069,0.423162583518931,0.41165560696914655
0.225,0.5777777777777777,0.4222222222222223,0.4117270142372084
0.2255,0.5764966740576497,0.4235033259423503,0.4118097095983763
0.226,0.5752212389380531,0.4247787610619469,0.41187043988077565
0.2265,0.5739514348785872,0.42604856512141276,0.4119412636221639
0.227,0.5726872246696035,0.42731277533039647,0.4120266389846646
0.2275,0.5736263736263736,0.4263736263736264,0.41234634742078874
0.228,0.5723684210526315,0.4276315789473685,0.41254585313557646
0.2285,0.5733041575492341,0.42669584245076586,0.4127182670674967
0.229,0.574235807860262,0.42576419213973804,0.41285179752805923
0.2295,0.5751633986928104,0.4248366013071896,0.4132912101290813
0.23,0.5760869565217391,0.42391304347826086,0.4136795402186329
0.2305,0.5770065075921909,0.42299349240780915,0.41398511795397
0.231,0.5757575757575758,0.4242424242424242,0.4141748862980637
0.2315,0.5766738660907127,0.4233261339092873,0.4144719065858091
0.232,0.5775862068965517,0.4224137931034483,0.4147501580681732
0.2325,0.578494623655914,0.421505376344086,0.41481142044385677
0.233,0.5793991416309013,0.42060085836909866,0.4152486357667124
0.2335,0.5781584582441114,0.4218415417558886,0.41535426102501155
0.234,0.5769230769230769,0.42307692307692313,0.41536984478069156
0.2345,0.5756929637526652,0.4243070362473348,0.4153703997524329
0.235,0.574468085106383,0.42553191489361697,0.41636555241005174
0.2355,0.5753715498938429,0.42462845010615713,0.41648350805796597
0.236,0.5741525423728814,0.4258474576271186,0.4168179554308665
0.2365,0.5750528541226215,0.4249471458773785,0.41699102335340293
0.237,0.5738396624472574,0.42616033755274263,0.4178564367681982
0.2375,0.5747368421052632,0.4252631578947368,0.4178740436186077
0.238,0.5735294117647058,0.42647058823529416,0.4179632808955157
0.2385,0.5744234800838575,0.42557651991614254,0.41802016229517974
0.239,0.5732217573221757,0.42677824267782427,0.418078910823474
0.2395,0.5720250521920668,0.4279749478079332,0.4190931851034533
0.24,0.5708333333333333,0.4291666666666667,0.4191531262819186
0.2405,0.5717255717255717,0.4282744282744283,0.4192866895480602
0.241,0.5726141078838174,0.4273858921161826,0.419340985173579
0.2415,0.5734989648033126,0.42650103519668736,0.4195834361427482
0.242,0.5723140495867769,0.4276859504132231,0.42041562286033635
0.2425,0.5731958762886598,0.42680412371134024,0.42056586470888224
0.243,0.5720164609053497,0.42798353909465026,0.42103104609198627
0.2435,0.5708418891170431,0.42915811088295686,0.42103470046726243
0.244,0.569672131147541,0.430327868852459,0.42105230153449624
0.2445,0.5705521472392638,0.42944785276073616,0.4218296184341703
0.245,0.5693877551020409,0.43061224489795913,0.4219950018643156
0.2455,0.5682281059063137,0.4317718940936863,0.4220587436724388
0.246,0.5691056910569106,0.43089430894308944,0.4222091941922432
0.2465,0.5699797160243407,0.4300202839756593,0.4223238786412598
0.247,0.5688259109311741,0.4311740890688259,0.42249271069511407
0.2475,0.5696969696969697,0.4303030303030303,0.4225061592935387
0.248,0.5705645161290323,0.42943548387096775,0.4225663547041455
0.2485,0.5714285714285714,0.4285714285714286,0.4227849940733046
0.249,0.570281124497992,0.42971887550200805,0.4228909023343238
0.2495,0.5691382765531062,0.4308617234468938,0.4232070901329815
0.25,0.568,0.43200000000000005,0.4235419885020859
0.2505,0.5688622754491018,0.43113772455089816,0.42356969739178196
0.251,0.5677290836653387,0.4322709163346613,0.4238408724075986
0.2515,0.5666003976143141,0.43339960238568587,0.42393126571899703
0.252,0.5654761904761905,0.43452380952380953,0.4240938779959766
0.2525,0.5663366336633663,0.4336633663366337,0.42419414899994
0.253,0.5652173913043478,0.4347826086956522,0.4242081435011438
0.2535,0.5641025641025641,0.4358974358974359,0.42452763334931354
0.254,0.5649606299212598,0.43503937007874016,0.4247991371600714
0.2545,0.5638506876227898,0.4361493123772102,0.4251511470028371
0.255,0.5627450980392157,0.4372549019607843,0.4259435631877294
0.2555,0.5616438356164384,0.4383561643835616,0.42654429779779734
0.256,0.560546875,0.439453125,0.4269021255516505
0.2565,0.5614035087719298,0.4385964912280702,0.4274855937073414
0.257,0.5603112840466926,0.4396887159533074,0.427591391062923
0.2575,0.5592233009708738,0.4407766990291262,0.42835343283618643
0.258,0.5581395348837209,0.4418604651162791,0.4284220116536007
0.2585,0.5570599613152805,0.44294003868471954,0.4285830776192424
0.259,0.555984555984556,0.444015444015444,0.4286129805939107
0.2595,0.5549132947976878,0.4450867052023122,0.42919930126253975
0.26,0.5538461538461539,0.4461538461538461,0.4295374956407573
0.2605,0.5547024952015355,0.4452975047984645,0.4296152975384722
0.261,0.5555555555555556,0.4444444444444444,0.4299917326787096
0.2615,0.5544933078393881,0.4455066921606119,0.43015391314097684
0.262,0.5534351145038168,0.44656488549618323,0.430555301150737
0.2625,0.5542857142857143,0.44571428571428573,0.4305594303650268
0.263,0.5532319391634981,0.4467680608365019,0.4318389418194461
0.2635,0.5521821631878557,0.44781783681214427,0.4319832652264523
0.264,0.5511363636363636,0.44886363636363635,0.43202792846484994
0.2645,0.5500945179584121,0.44990548204158787,0.4321313328322674
0.265,0.5490566037735849,0.4509433962264151,0.43228560859189147
0.2655,0.5480225988700564,0.45197740112994356,0.4326000667168303
0.266,0.5469924812030075,0.4530075187969925,0.4329425563869186
0.2665,0.5459662288930581,0.4540337711069419,0.433376744296858
0.267,0.5468164794007491,0.45318352059925093,0.43354864685646693
0.2675,0.5457943925233645,0.4542056074766355,0.4339898024144517
0.268,0.5447761194029851,0.4552238805970149,0.43416419218639074
0.2685,0.5437616387337058,0.45623836126629425,0.43427791405848215
0.269,0.5446096654275093,0.4553903345724907,0.4345096443771543
0.2695,0.5435992578849722,0.4564007421150278,0.43456096271954847
0.27,0.5444444444444444,0.4555555555555556,0.4346518416920789
0.2705,0.5434380776340111,0.4565619223659889,0.43480531231760755
0.271,0.5424354243542435,0.4575645756457565,0.43481805311922955
0.2715,0.5414364640883977,0.45856353591160226,0.43482666270440246
0.272,0.5404411764705882,0.4595588235294118,0.4348373020963599
0.2725,0.5394495412844037,0.4605504587155963,0.4350082404137732
0.273,0.5402930402930403,0.45970695970695974,0.43528263518133414
0.2735,0.5393053016453382,0.4606946983546618,0.4353735100117634
0.274,0.5401459854014599,0.45985401459854014,0.43537518731112634
0.2745,0.5391621129326047,0.46083788706739526,0.4355666441911872
0.275,0.5381818181818182,0.4618181818181818,0.4358969963524712
0.2755,0.5372050816696915,0.4627949183303085,0.4359649424769223
0.276,0.5362318840579711,0.46376811594202894,0.43612681595346037
0.2765,0.5370705244122965,0.4629294755877035,0.43656238236157713
0.277,0.5379061371841155,0.4620938628158845,0.43660161367578515
0.2775,0.5387387387387388,0.4612612612612612,0.4366890955085291
0.278,0.539568345323741,0.460431654676259,0.4369620699629049
0.2785,0.5385996409335727,0.4614003590664273,0.4371616036341965
0.279,0.5376344086021505,0.4623655913978495,0.4372406051213356
0.2795,0.5366726296958855,0.4633273703041145,0.43735353202283606
0.28,0.5375,0.4625,0.43736458812551576
0.2805,0.5365418894830659,0.4634581105169341,0.4376065359724163
0.281,0.5373665480427047,0.4626334519572953,0.43763174210718053
0.2815,0.5364120781527532,0.46358792184724684,0.4379498479733831
0.282,0.5354609929078015,0.46453900709219853,0.4381038148020652
0.2825,0.536283185840708,0.463716814159292,0.4381591321770752
0.283,0.5353356890459364,0.4646643109540636,0.4382233699735471
0.2835,0.5361552028218695,0.46384479717813054,0.4382588225698284
0.284,0.5352112676056338,0.46478873239436624,0.4388458602680289
0.2845,0.5342706502636204,0.4657293497363796,0.4393321722378504
0.285,0.5333333333333333,0.4666666666666667,0.43942307659970326
0.2855,0.532399299474606,0.46760070052539404,0.4394977868322585
0.286,0.5314685314685315,0.46853146853146854,0.44003546392813736
0.2865,0.5322862129144852,0.4677137870855148,0.44053621729045245
0.287,0.5313588850174216,0.46864111498257843,0.4412802395298413
0.2875,0.5304347826086957,0.4695652173913043,0.4421151207289106
0.288,0.5295138888888888,0.47048611111111116,0.4425671904335673
0.2885,0.5285961871750433,0.4714038128249567,0.4426927138940536
0.289,0.527681660899654,0.47231833910034604,0.44345055697765773
0.2895,0.5284974093264249,0.47150259067357514,0.4444340140710299
0.29,0.5275862068965518,0.4724137931034482,0.4446910719030193
0.2905,0.5283993115318416,0.4716006884681584,0.444843383956875
0.291,0.5274914089347079,0.4725085910652921,0.44491838064927114
0.2915,0.5265866209262435,0.47341337907375647,0.44499633624715484
0.292,0.5273972602739726,0.4726027397260274,0.44567197868441283
0.2925,0.5282051282051282,0.4717948717948718,0.44665402585581737
0.293,0.5290102389078498,0.4709897610921502,0.44670146306245506
0.2935,0.5298126064735945,0.4701873935264055,0.4471860100985035
0.294,0.5289115646258503,0.4710884353741497,0.4481200295744437
0.2945,0.5280135823429541,0.47198641765704585,0.4483622698349303
0.295,0.5271186440677966,0.4728813559322034,0.44960339811098776
0.2955,0.5262267343485617,0.4737732656514383,0.4496439490944952
0.296,0.5253378378378378,0.47466216216216217,0.44972094732298945
0.2965,0.5261382799325464,0.47386172006745364,0.45029274269176683
0.297,0.5269360269360269,0.4730639730639731,0.45038646953332095
0.2975,0.5277310924369748,0.4722689075630252,0.45063647863718087
0.298,0.5285234899328859,0.4714765100671141,0.45109850943997215
0.2985,0.5293132328308208,0.47068676716917923,0.4512242776266005
0.299,0.5284280936454849,0.47157190635451507,0.4513534714590603
0.2995,0.5275459098497496,0.4724540901502504,0.4515650563873708
0.3,0.5283333333333333,0.4716666666666667,0.45183384897758605
0.3005,0.5291181364392679,0.47088186356073214,0.4519877939188986
0.301,0.5282392026578073,0.4717607973421927,0.45202988294659296
0.3015,0.5290215588723052,0.4709784411276948,0.4523670825253856
0.302,0.5281456953642384,0.4718543046357616,0.452687701940979
0.3025,0.5289256198347108,0.47107438016528924,0.4528633514365751
0.303,0.528052805280528,0.471947194719472,0.45316492003373576
0.3035,0.528830313014827,0.47116968698517303,0.45368087133540463
0.304,0.5279605263157895,0.4720394736842105,0.45427755374105433
0.3045,0.5270935960591133,0.4729064039408867,0.4543796391887293
0.305,0.5278688524590164,0.4721311475409836,0.4545048371228134
0.3055,0.5270049099836334,0.47299509001636664,0.4545574253702295
0.306,0.5261437908496732,0.4738562091503268,0.45550829844191537
0.3065,0.5269168026101142,0.4730831973898858,0.4556520560478296
0.307,0.5260586319218241,0.4739413680781759,0.4556634328326556
0.3075,0.5252032520325203,0.4747967479674797,0.45618791857552254
0.308,0.525974025974026,0.474025974025974,0.4564137212842652
0.3085,0.5251215559157212,0.4748784440842788,0.45659178603374223
0.309,0.5258899676375405,0.4741100323624595,0.4566010141039419
0.3095,0.5266558966074314,0.4733441033925686,0.4568585113096297
0.31,0.5274193548387097,0.4725806451612903,0.4571238275560115
0.3105,0.5265700483091788,0.47342995169082125,0.45746790116283154
0.311,0.5257234726688103,0.47427652733118975,0.4575071526266879
0.3115,0.5264847512038523,0.4735152487961477,0.45764493468977063
0.312,0.5272435897435898,0.47275641025641024,0.45813506044195995
0.3125,0.528,0.472,0.4588203513021631
0.313,0.5287539936102237,0.4712460063897763,0.4588861612157037
0.3135,0.5279106858054227,0.47208931419457734,0.45938668043207603
0.314,0.5286624203821656,0.4713375796178344,0.45943770748935037
0.3145,0.5294117647058824,0.47058823529411764,0.45979204745916624
0.315,0.5301587301587302,0.46984126984126984,0.4599497467818567
0.3155,0.5293185419968305,0.4706814580031695,0.46017708634465765
0.316,0.5300632911392406,0.46993670886075944,0.46046271269478556
0.3165,0.5292259083728278,0.4707740916271722,0.4604891183550978
0.317,0.5299684542586751,0.4700315457413249,0.4606167641149806
0.3175,0.5291338582677165,0.47086614173228347,0.46081507793052645
0.318,0.529874213836478,0.47012578616352196,0.46084817263389677
0.3185,0.5306122448979592,0.4693877551020408,0.4609497933938826
0.319,0.5313479623824452,0.4686520376175548,0.461386878780104
0.3195,0.5305164319248826,0.4694835680751174,0.462062786598926
0.32,0.53125,0.46875,0.4623838689283436
0.3205,0.5304212168486739,0.46957878315132606,0.4626285334263332
0.321,0.5311526479750779,0.4688473520249221,0.46326508330328675
0.3215,0.5303265940902022,0.4696734059097978,0.4635906203232877
0.322,0.5295031055900621,0.4704968944099379,0.4640938341745541
0.3225,0.5302325581395348,0.46976744186046515,0.46426076641922975
0.323,0.5309597523219814,0.46904024767801855,0.46429100675609225
0.3235,0.5316846986089645,0.4683153013910355,0.464360948890008
0.324,0.5308641975308642,0.4691358024691358,0.46474384416697984
0.3245,0.5300462249614792,0.46995377503852076,0.46519173755249654
0.325,0.5307692307692308,0.46923076923076923,0.4652255616900106
0.3255,0.5314900153609831,0.46850998463901694,0.46677495925511736
0.326,0.5322085889570553,0.46779141104294475,0.46752082877443424
0.3265,0.5313935681470138,0.4686064318529862,0.4675926762957923
0.327,0.5305810397553516,0.46941896024464835,0.4684633546818372
0.3275,0.5297709923664122,0.47022900763358777,0.4686184949759936
0.328,0.5289634146341463,0.4710365853658537,0.46971492242387675
0.3285,0.528158295281583,0.471841704718417,0.46989508504476885
0.329,0.5288753799392097,0.47112462006079026,0.4700478934921134
0.3295,0.5295902883156297,0.4704097116843703,0.47028841647525016
0.33,0.5303030303030303,0.4696969696969697,0.4703668695790618
0.3305,0.5310136157337367,0.46898638426626327,0.47126161381619625
0.331,0.5302114803625377,0.46978851963746227,0.47135719305140855
0.3315,0.530920060331825,0.46907993966817496,0.47231956243506484
0.332,0.5316265060240963,0.46837349397590367,0.47236494597089673
0.3325,0.5323308270676692,0.4676691729323308,0.47257265324840864
0.333,0.5315315315315315,0.46846846846846846,0.47281017373064455
0.3335,0.5322338830584707,0.46776611694152925,0.4750698182196443
0.334,0.5329341317365269,0.46706586826347307,0.475120910051433
0.3345,0.5321375186846039,0.4678624813153961,0.47637309190140853
0.335,0.5328358208955224,0.4671641791044776,0.4763733129629033
0.3355,0.533532041728763,0.466467958271237,0.4799903657551938
0.336,0.5327380952380952,0.46726190476190477,0.48010067395779055
0.3365,0.5319465081723626,0.46805349182763745,0.4810665655973572
0.337,0.5311572700296736,0.4688427299703264,0.48126411637676075
0.3375,0.5303703703703704,0.4696296296296296,0.4812684835739006
0.338,0.5295857988165681,0.4704142011834319,0.48151819471090584
0.3385,0.5288035450516987,0.4711964549483013,0.4819995948180767
0.339,0.528023598820059,0.471976401179941,0.4821197932417176
0.3395,0.5272459499263623,0.4727540500736377,0.4825483464250764
0.34,0.5264705882352941,0.47352941176470587,0.4826820993341241
0.3405,0.5256975036710719,0.47430249632892807,0.48271759746255893
0.341,0.5249266862170088,0.4750733137829912,0.48299467752651765
0.3415,0.5256222547584187,0.4743777452415813,0.48318475507005726
0.342,0.5263157894736842,0.4736842105263158,0.48346449473034414
0.3425,0.527007299270073,0.47299270072992705,0.483548154732491
0.343,0.5276967930029155,0.4723032069970845,0.48386597044856244
0.3435,0.5269286754002911,0.4730713245997089,0.484080675818137
0.344,0.5276162790697675,0.4723837209302325,0.4843736291088401
0.3445,0.5268505079825835,0.4731494920174165,0.48457048713479695
0.345,0.5260869565217391,0.4739130434782609,0.48458623053882366
0.3455,0.5267727930535456,0.47322720694645437,0.48496812784215065
0.346,0.5274566473988439,0.4725433526011561,0.48507354526367596
0.3465,0.5281385281385281,0.47186147186147187,0.48708309133697547
0.347,0.5288184438040345,0.47118155619596547,0.48709095113944595
0.3475,0.5294964028776978,0.47050359712230216,0.4872015212985138
0.348,0.5301724137931034,0.4698275862068966,0.487719326837801
0.3485,0.5308464849354376,0.4691535150645624,0.4893867877786571
0.349,0.5300859598853869,0.46991404011461313,0.48965841246812725
0.3495,0.5293276108726752,0.4706723891273248,0.49039744991762874
0.35,0.53,0.47,0.4905326673612466
0.3505,0.5306704707560628,0.4693295292439372,0.49073668327248654
0.351,0.5299145299145299,0.4700854700854701,0.4911334102031605
0.3515,0.5305832147937412,0.46941678520625885,0.49226507793462554
0.352,0.53125,0.46875,0.49239965592999174
0.3525,0.5319148936170213,0.46808510638297873,0.49249734404027723
0.353,0.5311614730878187,0.4688385269121813,0.49289894227836284
0.3535,0.5318246110325319,0.46817538896746813,0.4933250507343569
0.354,0.5310734463276836,0.4689265536723164,0.4943604457996888
0.3545,0.5303244005641748,0.46967559943582515,0.4949669328231936
0.355,0.5295774647887324,0.47042253521126765,0.49565433078115245
0.3555,0.5288326300984529,0.47116736990154706,0.49643884900753155
0.356,0.5294943820224719,0.4705056179775281,0.49690043902313713
0.3565,0.5287517531556802,0.47124824684431976,0.49727501634469273
0.357,0.5294117647058824,0.47058823529411764,0.49973981695071257
0.3575,0.5300699300699301,0.4699300699300699,0.5000751611642538
0.358,0.5293296089385475,0.4706703910614525,0.50055950842962
0.3585,0.5285913528591353,0.4714086471408647,0.5008645210303678
0.359,0.5292479108635098,0.47075208913649025,0.5017763538333975
0.3595,0.5285118219749653,0.47148817802503473,0.5022336020560589
0.36,0.5277777777777778,0.4722222222222222,0.502629320731135
0.3605,0.5284327323162274,0.47156726768377255,0.504122539939823
0.361,0.5290858725761773,0.47091412742382266,0.5072973102613609
0.3615,0.5297372060857538,0.4702627939142462,0.507672110630893
0.362,0.5303867403314917,0.4696132596685083,0.5080570933391418
0.3625,0.5296551724137931,0.4703448275862069,0.5086519320616976
0.363,0.5303030303030303,0.4696969696969697,0.5087328396619275
0.3635,0.530949105914718,0.469050894085282,0.5088187889244953
0.364,0.5302197802197802,0.4697802197802198,0.5089798669441412
0.3645,0.5308641975308642,0.4691358024691358,0.5092816475263566
0.365,0.5301369863013699,0.46986301369863015,0.5097092608934722
0.3655,0.5294117647058824,0.47058823529411764,0.5097106062193837
0.366,0.5286885245901639,0.4713114754098361,0.5102713396442882
0.3665,0.5279672578444747,0.47203274215552526,0.5107892017818685
0.367,0.5272479564032697,0.4727520435967303,0.5119024662666549
0.3675,0.5265306122448979,0.47346938775510206,0.5119485883216532
0.368,0.5271739130434783,0.47282608695652173,0.5122477958903116
0.3685,0.5278154681139756,0.4721845318860244,0.5122990813551597
0.369,0.5284552845528455,0.4715447154471545,0.512599256405931
0.3695,0.5277401894451962,0.4722598105548038,0.512704998100864
0.37,0.527027027027027,0.472972972972973,0.5127799040659591
0.3705,0.5276653171390013,0.47233468286099867,0.5128089320925934
0.371,0.5283018867924528,0.4716981132075472,0.5131220286710099
0.3715,0.5275908479138627,0.4724091520861373,0.5134275529286046
0.372,0.5282258064516129,0.4717741935483871,0.5135996615842768
0.3725,0.5288590604026846,0.4711409395973154,0.5136034380480068
0.373,0.5281501340482574,0.4718498659517426,0.5139814908774363
0.3735,0.5274431057563588,0.4725568942436412,0.5140263795525134
0.374,0.5280748663101604,0.47192513368983957,0.5140955544812051
0.3745,0.527369826435247,0.472630173564753,0.5140958312584154
0.375,0.5266666666666666,0.4733333333333334,0.5144065323685555
0.3755,0.5272969374167776,0.47270306258322237,0.5144456891576007
0.376,0.526595744680851,0.473404255319149,0.5147910353476668
0.3765,0.5258964143426295,0.47410358565737054,0.5149169530971176
0.377,0.5251989389920424,0.4748010610079576,0.5152054073608625
0.3775,0.5245033112582781,0.4754966887417219,0.5153045998546619
0.378,0.5238095238095238,0.47619047619047616,0.5156111278254986
0.3785,0.523117569352708,0.47688243064729197,0.5163081302213658
0.379,0.5237467018469657,0.4762532981530343,0.5163770775447386
0.3795,0.5230566534914362,0.47694334650856385,0.5164775934463487
0.38,0.5223684210526316,0.4776315789473684,0.5171198060932791
0.3805,0.5229960578186597,0.47700394218134035,0.5174338722681195
0.381,0.5236220472440944,0.47637795275590555,0.5179248839178512
0.3815,0.5229357798165137,0.47706422018348627,0.518231111175413
0.382,0.5222513089005235,0.4777486910994765,0.5182934929761811
0.3825,0.5215686274509804,0.4784313725490196,0.5183236507230489
0.383,0.52088772845953,0.47911227154047,0.5184092492672322
0.3835,0.5202086049543677,0.4797913950456323,0.5184964853889735
0.384,0.51953125,0.48046875,0.5185843710920165
0.3845,0.5188556566970091,0.48114434330299094,0.5186927602462006
0.385,0.5181818181818182,0.4818181818181818,0.5187173086924478
0.3855,0.5188067444876784,0.4811932555123216,0.5190852372916464
0.386,0.5181347150259067,0.4818652849740933,0.519578057275843
0.3865,0.51875808538163,0.48124191461836996,0.5202448406534169
0.387,0.5193798449612403,0.48062015503875966,0.5214688071308637
0.3875,0.5187096774193548,0.4812903225806452,0.521608842070395
0.388,0.5193298969072165,0.48067010309278346,0.5217363121924805
0.3885,0.51994851994852,0.48005148005148,0.5220417461771121
0.389,0.5205655526992288,0.4794344473007712,0.5222390276228382
0.3895,0.5198973042362003,0.4801026957637997,0.5224038056794469
0.39,0.5192307692307693,0.4807692307692307,0.5227026094117598
0.3905,0.5185659411011524,0.4814340588988476,0.5227806511274089
0.391,0.5179028132992327,0.4820971867007673,0.5227833887338054
0.3915,0.5172413793103449,0.48275862068965514,0.5232386307196014
0.392,0.5165816326530612,0.48341836734693877,0.523431414380744
0.3925,0.5171974522292994,0.48280254777070064,0.5237164894559381
0.393,0.5165394402035624,0.48346055979643765,0.5238278218447323
0.3935,0.5158831003811944,0.48411689961880555,0.5238798092872734
0.394,0.5152284263959391,0.48477157360406087,0.5239177300859806
0.3945,0.514575411913815,0.48542458808618505,0.5240194920535941
0.395,0.5139240506329114,0.48607594936708864,0.5242715332243104
0.3955,0.5132743362831859,0.48672566371681414,0.5246887895581323
0.396,0.5138888888888888,0.48611111111111116,0.524753384454277
0.3965,0.5132408575031526,0.4867591424968474,0.52496068875906
0.397,0.5125944584382871,0.4874055415617129,0.5250623079112031
0.3975,0.5119496855345912,0.4880503144654088,0.5251104988424256
0.398,0.5113065326633166,0.4886934673366834,0.5251146678581133
0.3985,0.5119196988707654,0.4880803011292346,0.5251746405542659
0.399,0.5125313283208021,0.48746867167919794,0.525292180372015
0.3995,0.5118898623279099,0.4881101376720901,0.5254116422296473
0.4,0.51125,0.48875,0.5254852640958279
0.4005,0.5118601747815231,0.4881398252184769,0.5256185148760097
0.401,0.5124688279301746,0.48753117206982544,0.5256615276855314
0.4015,0.5118306351183064,0.4881693648816936,0.5258623091670314
0.402,0.5124378109452736,0.48756218905472637,0.5258651693021434
0.4025,0.5118012422360249,0.48819875776397514,0.5261882672723133
0.403,0.511166253101737,0.488833746898263,0.526469169977041
0.4035,0.5105328376703842,0.48946716232961585,0.5265984429041402
0.404,0.5111386138613861,0.48886138613861385,0.5266912873367243
0.4045,0.5105067985166872,0.48949320148331277,0.5267741684367016
0.405,0.5098765432098765,0.4901234567901235,0.5269089842057091
0.4055,0.5104808877928483,0.4895191122071517,0.5269138778938917
0.406,0.5098522167487685,0.49014778325123154,0.5269626546462123
0.4065,0.5104551045510455,0.4895448954489545,0.5270470305867162
0.407,0.5110565110565111,0.48894348894348894,0.5273160001607383
0.4075,0.5116564417177915,0.48834355828220855,0.5273217904254106
0.408,0.5110294117647058,0.48897058823529416,0.5274256014946608
0.4085,0.5104039167686658,0.4895960832313342,0.5275106443037683
0.409,0.5097799511002445,0.49022004889975546,0.5278038555842517
0.4095,0.5091575091575091,0.4908424908424909,0.5279625734334672
0.41,0.5097560975609756,0.4902439024390244,0.5281809471220889
0.4105,0.5091352009744214,0.49086479902557856,0.5281967177632898
0.411,0.5097323600973236,0.4902676399026764,0.5285073717222784
0.4115,0.5103280680437424,0.4896719319562576,0.5285175997173683
0.412,0.5109223300970874,0.48907766990291257,0.5288245062895585
0.4125,0.5115151515151515,0.4884848484848485,0.5292963179466338
0.413,0.5108958837772397,0.4891041162227603,0.5293101210291244
0.4135,0.5114873035066505,0.4885126964933495,0.5294274053972827
0.414,0.5108695652173914,0.48913043478260865,0.529489234507802
0.4145,0.51145958986731,0.48854041013269,0.52957351715251
0.415,0.5120481927710844,0.4879518072289156,0.5301450925013509
0.4155,0.5114320096269555,0.48856799037304455,0.5304279678639903
0.416,0.5108173076923077,0.4891826923076923,0.5304697272510419
0.4165,0.5114045618247299,0.48859543817527007,0.5304796632825635
0.417,0.5107913669064749,0.48920863309352514,0.5305665448325992
0.4175,0.5101796407185629,0.4898203592814371,0.5308409944255457
0.418,0.5095693779904307,0.49043062200956933,0.5310181304804584
0.4185,0.5089605734767025,0.49103942652329746,0.5310458168755032
0.419,0.5095465393794749,0.4904534606205251,0.5313157196841929
0.4195,0.5101311084624554,0.48986889153754465,0.5314508499495209
0.42,0.5095238095238095,0.4904761904761905,0.5315444363427706
0.4205,0.5101070154577884,0.48989298454221164,0.5317139888329526
0.421,0.5095011876484561,0.4904988123515439,0.5317345404016702
0.4215,0.5088967971530249,0.49110320284697506,0.5320954177532393
0.422,0.509478672985782,0.490521327014218,0.5321872413348432
0.4225,0.5100591715976331,0.48994082840236686,0.5323611528831432
0.423,0.5094562647754137,0.4905437352245863,0.5326991083493591
0.4235,0.5088547815820543,0.4911452184179457,0.532802093311074
0.424,0.5094339622641509,0.49056603773584906,0.533020234186973
0.4245,0.508833922261484,0.49116607773851595,0.5331427935191533
0.425,0.508235294117647,0.491764705882353,0.5336788409248187
0.4255,0.5088131609870741,0.4911868390129259,0.5340278149130355
0.426,0.5093896713615024,0.49061032863849763,0.534198751763411
0.4265,0.5087924970691676,0.4912075029308324,0.5343305159292888
0.427,0.5081967213114754,0.4918032786885246,0.5343797556770766
0.4275,0.5076023391812865,0.4923976608187135,0.5344965905770025
0.428,0.508177570093458,0.491822429906542,0.5346921594643601
0.4285,0.5087514585764294,0.49124854142357055,0.5348577527056543
0.429,0.5081585081585082,0.49184149184149184,0.5350501582700562
0.4295,0.5075669383003493,0.49243306169965073,0.5353011572994106
0.43,0.5069767441860465,0.49302325581395345,0.5353121891295842
0.4305,0.5075493612078978,0.49245063879210216,0.5355792891103337
0.431,0.5081206496519721,0.4918793503480279,0.5356534728281235
0.4315,0.5086906141367323,0.49130938586326767,0.535791773668617
0.432,0.5081018518518519,0.49189814814814814,0.5359094927473237
0.4325,0.5086705202312138,0.49132947976878616,0.5359437314490756
0.433,0.5080831408775982,0.4919168591224018,0.5360877546215681
0.4335,0.5074971164936563,0.49250288350634375,0.5363202770566506
0.434,0.5080645161290323,0.49193548387096775,0.5368505719488026
0.4345,0.5074798619102416,0.49252013808975836,0.5368978088811208
0.435,0.506896551724138,0.49310344827586206,0.5374636051599102
0.4355,0.5074626865671642,0.4925373134328358,0.5375050731444098
0.436,0.5080275229357798,0.4919724770642202,0.5375210544378539
0.4365,0.5074455899198167,0.4925544100801833,0.537611670201998
0.437,0.5068649885583524,0.4931350114416476,0.5378462975462825
0.4375,0.5074285714285715,0.49257142857142855,0.537864263835617
0.438,0.5079908675799086,0.49200913242009137,0.5380114720267986
0.4385,0.507411630558723,0.49258836944127704,0.5381240626387124
0.439,0.5068337129840547,0.49316628701594534,0.5383827520811948
0.4395,0.5073947667804323,0.49260523321956773,0.5385214943298671
0.44,0.5068181818181818,0.49318181818181817,0.538602066068636
0.4405,0.5073779795686719,0.4926220204313281,0.5387747756625763
0.441,0.5068027210884354,0.4931972789115646,0.538972112056421
0.4415,0.5062287655719139,0.4937712344280861,0.538976978068382
0.442,0.5067873303167421,0.49321266968325794,0.5389865970082305
0.4425,0.5062146892655367,0.4937853107344633,0.5390385979201124
0.443,0.5056433408577878,0.49435665914221216,0.5392392991665019
0.4435,0.5062006764374295,0.4937993235625705,0.5392851687604576
0.444,0.5056306306306306,0.49436936936936937,0.5397917151534467
0.4445,0.5050618672665916,0.49493813273340836,0.5398056133246609
0.445,0.5056179775280899,0.4943820224719101,0.5405314601602456
0.4455,0.5050505050505051,0.4949494949494949,0.5410337514276543
0.446,0.5056053811659192,0.49439461883408076,0.5411304462656601
0.4465,0.5050391937290034,0.4949608062709966,0.5413634361865794
0.447,0.5055928411633109,0.49440715883668906,0.5415135384805981
0.4475,0.506145251396648,0.493854748603352,0.5420789578834154
0.448,0.5066964285714286,0.4933035714285714,0.5421756874327288
0.4485,0.5061315496098104,0.49386845039018956,0.5423851976441213
0.449,0.5055679287305123,0.49443207126948774,0.5425096714419154
0.4495,0.5050055617352615,0.49499443826473855,0.5425670197148075
0.45,0.5055555555555555,0.49444444444444446,0.5426978876735626
0.4505,0.5049944506104328,0.4950055493895672,0.5427664099561699
0.451,0.5044345898004434,0.4955654101995566,0.5429478888023531
0.4515,0.5038759689922481,0.49612403100775193,0.5429877920442134
0.452,0.504424778761062,0.49557522123893805,0.5430491324497357
0.4525,0.5049723756906077,0.4950276243093923,0.5430666564808715
0.453,0.5055187637969095,0.4944812362030905,0.5431225703560727
0.4535,0.5060639470782801,0.49393605292171994,0.5432352521711695
0.454,0.5066079295154186,0.49339207048458145,0.5434824301710826
0.4545,0.506050605060506,0.49394939493949397,0.5440418338321391
0.455,0.5054945054945055,0.4945054945054945,0.5442147303813704
0.4555,0.5049396267837541,0.49506037321624585,0.5445605494899305
0.456,0.5043859649122807,0.4956140350877193,0.544664611798452
0.4565,0.5038335158817087,0.49616648411829134,0.5447407378772846
0.457,0.5032822757111597,0.4967177242888403,0.5448084673919318
0.4575,0.5038251366120219,0.4961748633879781,0.5449414708820162
0.458,0.5043668122270742,0.49563318777292575,0.5449801624064172
0.4585,0.504907306434024,0.49509269356597596,0.5449981545804077
0.459,0.5054466230936819,0.49455337690631807,0.5450091038332445
0.4595,0.5048966267682263,0.49510337323177367,0.5450776814751974
0.46,0.5043478260869565,0.4956521739130435,0.5451950949775624
0.4605,0.504885993485342,0.495114006514658,0.5452132296285633
0.461,0.5054229934924078,0.4945770065075922,0.5452248770035126
0.4615,0.504875406283857,0.49512459371614304,0.5453175451707233
0.462,0.5054112554112554,0.4945887445887446,0.5453574354311577
0.4625,0.505945945945946,0.494054054054054,0.5453921696315717
0.463,0.5064794816414687,0.4935205183585313,0.545688052171448
0.4635,0.5070118662351673,0.49298813376483275,0.5456891710848476
0.464,0.5064655172413793,0.49353448275862066,0.5457193718283587
0.4645,0.5059203444564048,0.49407965554359523,0.5458238149674404
0.465,0.5053763440860215,0.4946236559139785,0.5460283237254008
0.4655,0.5048335123523093,0.49516648764769067,0.5460665998448284
0.466,0.5042918454935622,0.4957081545064378,0.5462517738713686
0.4665,0.5048231511254019,0.4951768488745981,0.5463710645384425
0.467,0.5053533190578159,0.4946466809421841,0.5463737435301402
0.4675,0.5048128342245989,0.4951871657754011,0.5464308386354799
0.468,0.5042735042735043,0.49572649572649574,0.5464603472520126
0.4685,0.5048025613660619,0.49519743863393806,0.5465714646522395
0.469,0.5053304904051172,0.49466950959488276,0.5467327591960889
0.4695,0.5058572949946751,0.49414270500532487,0.5468309996862171
0.47,0.5063829787234042,0.4936170212765958,0.5468430978943652
0.4705,0.5069075451647184,0.49309245483528164,0.5469009658312675
0.471,0.5074309978768577,0.49256900212314225,0.5469061837454829
0.4715,0.5079533404029692,0.49204665959703076,0.547422662976369
0.472,0.5084745762711864,0.4915254237288136,0.547509634702789
0.4725,0.508994708994709,0.491005291005291,0.5477647674332077
0.473,0.5095137420718816,0.4904862579281184,0.5477693584332205
0.4735,0.5089757127771911,0.4910242872228089,0.5478931087478283
0.474,0.5084388185654009,0.49156118143459915,0.5479824424078523
0.4745,0.5089567966280295,0.4910432033719705,0.5480985049188227
0.475,0.5094736842105263,0.4905263157894737,0.5481801054870875
0.4755,0.508937960042061,0.49106203995793896,0.5482313364163944
0.476,0.5084033613445378,0.4915966386554622,0.5483657289332735
0.4765,0.5078698845750262,0.49213011542497376,0.5484474834997556
0.477,0.5083857442348009,0.4916142557651991,0.5484742181815987
0.4775,0.5089005235602094,0.49109947643979057,0.5485594912522694
0.478,0.5083682008368201,0.4916317991631799,0.5486253289417142
0.4785,0.5088819226750261,0.4911180773249739,0.5486730777032061
0.479,0.5083507306889353,0.4916492693110647,0.549147397585571
0.4795,0.5088633993743483,0.4911366006256517,0.5491598557736816
0.48,0.509375,0.490625,0.5492341761043529
0.4805,0.5088449531737773,0.4911550468262227,0.5496145736331682
0.481,0.5083160083160083,0.4916839916839917,0.5499150149554338
0.4815,0.5088265835929388,0.49117341640706125,0.5499497576296012
0.482,0.508298755186722,0.49170124481327804,0.5501789290952088
0.4825,0.5077720207253886,0.49222797927461137,0.5502170513159135
0.483,0.5082815734989649,0.49171842650103514,0.5502485435222844
0.4835,0.5077559462254395,0.4922440537745605,0.5503666054145515
0.484,0.5082644628099173,0.49173553719008267,0.5504015939505628
0.4845,0.5087719298245614,0.49122807017543857,0.550403167185485
0.485,0.5082474226804123,0.49175257731958766,0.5505851003770024
0.4855,0.5077239958805355,0.4922760041194645,0.5506285669664581
0.486,0.5082304526748971,0.4917695473251029,0.5508477740062219
0.4865,0.5077081192189106,0.49229188078108943,0.5509098022797886
0.487,0.5071868583162218,0.4928131416837782,0.5509778147092266
0.4875,0.5076923076923077,0.49230769230769234,0.5509944058457281
0.488,0.507172131147541,0.492827868852459,0.5510283962673974
0.4885,0.5066530194472876,0.4933469805527124,0.5511053484419537
0.489,0.5061349693251533,0.49386503067484666,0.5511376744905914
0.4895,0.5066394279877426,0.49336057201225736,0.5511854437543531
0.49,0.5061224489795918,0.4938775510204082,0.5512993139013678
0.4905,0.5066258919469928,0.4933741080530072,0.5513024721227864
0.491,0.5061099796334012,0.4938900203665988,0.5513315415830522
0.4915,0.5055951169888098,0.49440488301119023,0.5513506986222942
0.492,0.5050813008130082,0.49491869918699183,0.5514677007373636
0.4925,0.5055837563451777,0.4944162436548223,0.5514895881956328
0.493,0.5050709939148073,0.49492900608519275,0.5515076965275689
0.4935,0.5055724417426545,0.4944275582573455,0.5516197970416982
0.494,0.5050607287449392,0.49493927125506076,0.5518184662940033
0.4945,0.5045500505561172,0.49544994944388276,0.5518217250850568
0.495,0.5040404040404041,0.49595959595959593,0.5519562591778316
0.4955,0.5035317860746721,0.4964682139253279,0.5519695431737843
0.496,0.5040322580645161,0.4959677419354839,0.5522195655278723
0.4965,0.5045317220543807,0.4954682779456193,0.5526006154536698
0.497,0.5050301810865191,0.4949698189134809,0.5528199032222265
0.4975,0.5055276381909548,0.4944723618090452,0.5528326858081538
0.498,0.5060240963855421,0.49397590361445787,0.5528628666878045
0.4985,0.5055165496489469,0.4944834503510531,0.552896919949698
0.499,0.5050100200400801,0.4949899799599199,0.5529048826377181
0.4995,0.5055055055055055,0.49449449449449445,0.552943919846038
0.5,0.505,0.495,0.5529609604023313
0.5005,0.5044955044955045,0.4955044955044955,0.5529614732979227
0.501,0.5049900199600799,0.49500998003992014,0.552968232389662
0.5015,0.5054835493519442,0.4945164506480558,0.5530853158664844
0.502,0.5059760956175299,0.4940239043824701,0.5530911511667177
0.5025,0.5064676616915423,0.49353233830845766,0.553097433306937
0.503,0.5069582504970179,0.4930417495029821,0.5531467824561929
0.5035,0.506454816285998,0.493545183714002,0.5532157727034565
0.504,0.5059523809523809,0.49404761904761907,0.553328374516256
0.5045,0.5054509415262636,0.4945490584737364,0.5536556850261758
0.505,0.504950495049505,0.49504950495049505,0.5537129979382126
0.5055,0.5054401582591493,0.49455984174085066,0.5537921605541019
0.506,0.5059288537549407,0.4940711462450593,0.5539477472825298
0.5065,0.506416584402764,0.49358341559723595,0.554213963376101
0.507,0.5069033530571992,0.49309664694280075,0.5543601039400068
0.5075,0.5073891625615764,0.4926108374384236,0.5543689563144242
0.508,0.5068897637795275,0.49311023622047245,0.5543813678319238
0.5085,0.5073746312684366,0.4926253687315634,0.5544088495976506
0.509,0.5078585461689588,0.49214145383104124,0.5544370267002305
0.5095,0.507360157016683,0.492639842983317,0.554527383001306
0.51,0.5068627450980392,0.4931372549019608,0.5546850424933314
0.5105,0.5073457394711067,0.4926542605288933,0.5546987107793033
0.511,0.5078277886497065,0.49217221135029354,0.5547043259490199
0.5115,0.5083088954056696,0.4916911045943304,0.5548728955263389
0.512,0.5078125,0.4921875,0.5549283198202016
0.5125,0.5073170731707317,0.4926829268292683,0.5549472105603733
0.513,0.50682261208577,0.49317738791423005,0.5550457254645452
0.5135,0.50730282375852,0.49269717624148,0.5550654269146071
0.514,0.5068093385214008,0.49319066147859925,0.5551181398868688
0.5145,0.5063168124392614,0.4936831875607386,0.555137690997903
0.515,0.5067961165048543,0.49320388349514566,0.5552169367962624
0.5155,0.5063045586808923,0.4936954413191077,0.5552238222209904
0.516,0.5058139534883721,0.4941860465116279,0.5552660630407504
0.5165,0.505324298160697,0.494675701839303,0.5553890577206123
0.517,0.504835589941973,0.495164410058027,0.5554023015626744
0.5175,0.5043478260869565,0.4956521739130435,0.5554139563253019
0.518,0.5038610038610039,0.49613899613899615,0.5554986502805868
0.5185,0.5033751205400193,0.4966248794599807,0.5555693446621168
0.519,0.5038535645472062,0.4961464354527938,0.5555928608564202
0.5195,0.5043310875842156,0.49566891241578437,0.5556816926972347
0.52,0.5048076923076923,0.4951923076923077,0.555867287808064
0.5205,0.5043227665706052,0.49567723342939485,0.5558915952539001
0.521,0.5038387715930902,0.4961612284069098,0.5559716099205866
0.5215,0.5043144774688398,0.49568552253116016,0.5560695561532779
0.522,0.5047892720306514,0.4952107279693486,0.5561013704023492
0.5225,0.5043062200956938,0.4956937799043062,0.5563047935376008
0.523,0.5038240917782026,0.49617590822179736,0.5563374938464263
0.5235,0.504297994269341,0.49570200573065903,0.5563921387754065
0.524,0.5047709923664122,0.4952290076335878,0.5565523984878396
0.5245,0.5052430886558628,0.49475691134413724,0.5566173733673327
0.525,0.5057142857142857,0.49428571428571433,0.5566211553597911
0.5255,0.50523311132255,0.49476688867745,0.5567121070891965
0.526,0.5057034220532319,0.49429657794676807,0.5567437382006759
0.5265,0.5061728395061729,0.49382716049382713,0.5567553328669501
0.527,0.5066413662239089,0.4933586337760911,0.556963837452675
0.5275,0.5071090047393365,0.4928909952606635,0.556973625950653
0.528,0.5066287878787878,0.49337121212121215,0.5569737703679825
0.5285,0.5061494796594135,0.4938505203405865,0.5570651823856968
0.529,0.505671077504726,0.49432892249527405,0.5570827086910355
0.5295,0.506137865911237,0.493862134088763,0.5571420367521698
0.53,0.5056603773584906,0.49433962264150944,0.5573711731092237
0.5305,0.5051837888784166,0.49481621112158336,0.5574337258054052
0.531,0.5056497175141242,0.49435028248587576,0.5574493474339303
0.5315,0.5051740357478833,0.49482596425211667,0.5574519426968904
0.532,0.5056390977443609,0.4943609022556391,0.5574609879270519
0.5325,0.5061032863849765,0.4938967136150235,0.5575331843714747
0.533,0.5065666041275797,0.4934333958724203,0.5576218470312895
0.5335,0.5060918462980318,0.49390815370196817,0.5577173963262876
0.534,0.5065543071161048,0.49344569288389517,0.5577524597357669
0.5345,0.5060804490177736,0.4939195509822264,0.5578950106765999
0.535,0.5065420560747663,0.4934579439252337,0.5579415821797196
0.5355,0.5060690943043884,0.4939309056956116,0.5580580047773268
0.536,0.5055970149253731,0.4944029850746269,0.5581467093270156
0.5365,0.5051258154706431,0.49487418452935694,0.5582752938324986
0.537,0.505586592178771,0.494413407821229,0.5582955570650445
0.5375,0.5051162790697674,0.4948837209302326,0.5583212090581634
0.538,0.5046468401486989,0.49535315985130113,0.5583222415452449
0.5385,0.5041782729805014,0.49582172701949856,0.5583469720802778
0.539,0.5046382189239332,0.49536178107606677,0.5584895357148498
0.5395,0.505097312326228,0.494902687673772,0.5586945213577258
0.54,0.5046296296296297,0.49537037037037035,0.5591320491238382
0.5405,0.5050878815911193,0.4949121184088807,0.5591621972680452
0.541,0.5055452865064695,0.49445471349353054,0.559165043720778
0.5415,0.5050784856879039,0.4949215143120961,0.5591781112569555
0.542,0.5046125461254612,0.49538745387453875,0.5592174224431221
0.5425,0.504147465437788,0.495852534562212,0.5592589175371467
0.543,0.503683241252302,0.496316758747698,0.5592679611257483
0.5435,0.5041398344066237,0.4958601655933763,0.5592695126142178
0.544,0.5036764705882353,0.4963235294117647,0.55929583304473
0.5445,0.5032139577594124,0.49678604224058764,0.5595352250600313
0.545,0.5027522935779817,0.4972477064220183,0.5595898414537379
0.5455,0.5032080659945004,0.4967919340054996,0.5596289918610727
0.546,0.5027472527472527,0.49725274725274726,0.5596844247398789
0.5465,0.5032021957913998,0.4967978042086002,0.559684546020708
0.547,0.5036563071297989,0.4963436928702011,0.559790425140994
0.5475,0.5041095890410959,0.49589041095890407,0.5597913075304215
0.548,0.5045620437956204,0.4954379562043796,0.559792642021242
0.5485,0.504102096627165,0.495897903372835,0.5599414328897722
0.549,0.5036429872495446,0.4963570127504554,0.5600369918337624
0.5495,0.5031847133757962,0.4968152866242038,0.5601652666618124
0.55,0.5036363636363637,0.49636363636363634,0.5602202445940607
0.5505,0.5031789282470481,0.49682107175295187,0.5602287698850579
0.551,0.5027223230490018,0.4972776769509982,0.5604484259398834
0.5515,0.5031731640979148,0.4968268359020852,0.560480279044343
0.552,0.5036231884057971,0.4963768115942029,0.5604819224290319
0.5525,0.5040723981900452,0.49592760180995477,0.5604834410210848
0.553,0.5036166365280289,0.4963833634719711,0.5605116928818952
0.5535,0.5031616982836495,0.49683830171635046,0.5605491488218606
0.554,0.5027075812274369,0.49729241877256314,0.560977728052398
0.5545,0.503155996393147,0.496844003606853,0.5610854905516558
0.555,0.5027027027027027,0.4972972972972973,0.5610905777725285
0.5555,0.5031503150315032,0.4968496849684968,0.5611143516144916
0.556,0.5035971223021583,0.49640287769784175,0.5611791288493606
0.5565,0.5040431266846361,0.49595687331536387,0.5615082581863524
0.557,0.5035906642728905,0.49640933572710955,0.5615891009725922
0.5575,0.5040358744394619,0.49596412556053815,0.561704049891353
0.558,0.503584229390681,0.49641577060931896,0.5617369109611552
0.5585,0.5040286481647269,0.4959713518352731,0.5617450273999489
0.559,0.5035778175313059,0.4964221824686941,0.5617547354937131
0.5595,0.5040214477211796,0.4959785522788204,0.5618393684585873
0.56,0.5035714285714286,0.49642857142857144,0.5621399507636649
0.5605,0.504014272970562,0.495985727029438,0.5625626457221268
0.561,0.5044563279857398,0.4955436720142602,0.5629026105141587
0.5615,0.5048975957257347,0.49510240427426533,0.5629933834735941
0.562,0.505338078291815,0.494661921708185,0.5633196709198904
0.5625,0.5048888888888889,0.49511111111111106,0.5634384245057439
0.563,0.5044404973357016,0.4955595026642984,0.5634752431148318
0.5635,0.5039929015084295,0.49600709849157054,0.5636356678914235
0.564,0.5044326241134752,0.4955673758865248,0.5636753216360911
0.5645,0.5048715677590788,0.4951284322409212,0.5637166627255872
0.565,0.5053097345132743,0.4946902654867257,0.5638287985343852
0.5655,0.5057471264367817,0.49425287356321834,0.563903720967998
0.566,0.5061837455830389,0.4938162544169611,0.5639221466949706
0.5665,0.5066195939982348,0.49338040600176525,0.5639229020462942
0.567,0.5061728395061729,0.49382716049382713,0.5640131706269926
0.5675,0.5066079295154186,0.49339207048458145,0.5641344213055626
0.568,0.5070422535211268,0.49295774647887325,0.5644824956041767
0.5685,0.5074758135444152,0.4925241864555848,0.5647034717812389
0.569,0.507908611599297,0.492091388400703,0.5648191701716313
0.5695,0.5083406496927129,0.49165935030728714,0.5648547577102447
0.57,0.5087719298245614,0.49122807017543857,0.5648845170703207
0.5705,0.50920245398773,0.49079754601227,0.5649337035409226
0.571,0.5096322241681261,0.49036777583187385,0.564989351693389
0.5715,0.510061242344707,0.48993875765529304,0.5650343930764716
0.572,0.5104895104895105,0.4895104895104895,0.5651681185863855
0.5725,0.5100436681222708,0.48995633187772925,0.5652441978693196
0.573,0.5095986038394416,0.49040139616055844,0.5652539762274618
0.5735,0.5091543156059285,0.4908456843940715,0.5653131401257379
0.574,0.5087108013937283,0.49128919860627174,0.5653743012985786
0.5745,0.5091383812010444,0.4908616187989556,0.5655046158183805
0.575,0.5095652173913043,0.49043478260869566,0.5655588408838256
0.5755,0.5099913119026933,0.4900086880973067,0.5657581725730777
0.576,0.5095486111111112,0.49045138888888884,0.5658160561834719
0.5765,0.5099739809193409,0.4900260190806591,0.5659226075877614
0.577,0.5103986135181976,0.4896013864818024,0.5660251987042919
0.5775,0.5099567099567099,0.49004329004329006,0.5660944073664339
0.578,0.5103806228373703,0.4896193771626297,0.5661006673143765
0.5785,0.5108038029386344,0.48919619706136563,0.566130578823242
0.579,0.5112262521588946,0.4887737478411054,0.566136339685346
0.5795,0.5116479723899914,0.4883520276100086,0.5662340093590574
0.58,0.5112068965517241,0.48879310344827587,0.56623579968483
0.5805,0.5116279069767442,0.4883720930232558,0.5663070736178153
0.581,0.5111876075731497,0.48881239242685026,0.5663183026531623
0.5815,0.5107480653482374,0.48925193465176264,0.5664301049247028
0.582,0.511168384879725,0.48883161512027495,0.5665553240929382
0.5825,0.511587982832618,0.48841201716738203,0.5666883407513458
0.583,0.5120068610634648,0.4879931389365352,0.5667581315570285
0.5835,0.5124250214224507,0.4875749785775493,0.5669674173408443
0.584,0.511986301369863,0.488013698630137,0.566986951264447
0.5845,0.5124037639007699,0.4875962360992301,0.5670746216195157
0.585,0.5128205128205128,0.4871794871794872,0.5671499095232753
0.5855,0.5132365499573015,0.4867634500426985,0.567216756894152
0.586,0.5136518771331058,0.4863481228668942,0.5672284479462578
0.5865,0.5132139812446718,0.48678601875532823,0.5673929126724268
0.587,0.5127768313458262,0.4872231686541738,0.5674267329330461
0.5875,0.5131914893617021,0.4868085106382979,0.5674438905646582
0.588,0.5127551020408163,0.4872448979591837,0.5677833056372256
0.5885,0.5123194562446899,0.4876805437553101,0.5678253763781371
0.589,0.5127334465195246,0.48726655348047543,0.5678789002806452
0.5895,0.5122985581000848,0.48770144189991516,0.5679293138967333
0.59,0.511864406779661,0.48813559322033895,0.5681012089231157
0.5905,0.5114309906858594,0.4885690093141406,0.5681114687434907
0.591,0.5109983079526227,0.4890016920473773,0.5682808056022571
0.5915,0.5105663567202029,0.4894336432797971,0.5683857498247674
0.592,0.5109797297297297,0.4890202702702703,0.5684184708077253
0.5925,0.5113924050632911,0.4886075949367089,0.5684671599776194
0.593,0.5109612141652614,0.4890387858347386,0.5687660749515298
0.5935,0.5113732097725358,0.48862679022746425,0.568927353029774
0.594,0.5109427609427609,0.4890572390572391,0.5690400619499181
0.5945,0.511354079058032,0.488645920941968,0.5690585378033234
0.595,0.5109243697478991,0.4890756302521009,0.569068733782855
0.5955,0.5104953820319059,0.4895046179680941,0.5691998536919182
0.596,0.5109060402684564,0.48909395973154357,0.5693153204452575
0.5965,0.5104777870913663,0.48952221290863374,0.5694269058022934
0.597,0.5108877721943048,0.4891122278056952,0.569544308863106
0.5975,0.5112970711297071,0.4887029288702929,0.5695964776479322
0.598,0.5108695652173914,0.48913043478260865,0.5700558713149612
0.5985,0.5104427736006684,0.48955722639933164,0.5700870972635277
0.599,0.5108514190317195,0.4891485809682805,0.5701347215098337
0.5995,0.5112593828190158,0.48874061718098416,0.5701418555825539
0.6,0.5108333333333334,0.48916666666666664,0.5704558237151418
0.6005,0.511240632805995,0.48875936719400503,0.570496653441971
0.601,0.5108153078202995,0.4891846921797005,0.5705419439494241
0.6015,0.5103906899418121,0.48960931005818786,0.5705550369074366
0.602,0.510797342192691,0.489202657807309,0.5706832394931662
0.6025,0.5112033195020746,0.48879668049792535,0.5706958739885997
0.603,0.5107794361525705,0.4892205638474295,0.5707445107450924
0.6035,0.5111847555923777,0.48881524440762225,0.5708191072853152
0.604,0.5107615894039735,0.48923841059602646,0.5709120097973567
0.6045,0.5103391232423491,0.4896608767576509,0.5709948796374793
0.605,0.5107438016528926,0.48925619834710743,0.5711502121497153
0.6055,0.5111478117258464,0.48885218827415355,0.5711717413503332
0.606,0.5107260726072608,0.4892739273927392,0.571357360654057
0.6065,0.5103050288540808,0.4896949711459192,0.5715486055795242
0.607,0.5107084019769358,0.4892915980230642,0.5717044564586516
0.6075,0.5102880658436214,0.4897119341563786,0.5717421752533097
0.608,0.5098684210526315,0.4901315789473685,0.5717442437535925
0.6085,0.5102711585866886,0.4897288414133114,0.5717965892482362
0.609,0.5106732348111659,0.4893267651888341,0.5718339651100713
0.6095,0.5110746513535686,0.48892534864643145,0.5718682732889777
0.61,0.5114754098360655,0.48852459016393446,0.5719933125960875
0.6105,0.5118755118755118,0.48812448812448817,0.5720888772022399
0.611,0.5122749590834698,0.48772504091653024,0.5721023103832403
0.6115,0.5126737530662305,0.48732624693376947,0.5723254969701768
0.612,0.5130718954248366,0.48692810457516345,0.5724397660691136
0.6125,0.5126530612244898,0.48734693877551016,0.5724769922245727
0.613,0.5130505709624796,0.48694942903752036,0.572505949848203
0.6135,0.5134474327628362,0.4865525672371638,0.572511589600169
0.614,0.5138436482084691,0.48615635179153094,0.5725742978568399
0.6145,0.5134255492270138,0.4865744507729862,0.572596310314164
0.615,0.5138211382113821,0.4861788617886179,0.5726053716116408
0.6155,0.5142160844841592,0.48578391551584077,0.5726184265177774
0.616,0.5146103896103896,0.48538961038961037,0.5726573944865417
0.6165,0.5141930251419302,0.4858069748580698,0.5726909605555983
0.617,0.5145867098865479,0.48541329011345213,0.5726934287041857
0.6175,0.5149797570850202,0.4850202429149798,0.572750644606342
0.618,0.5145631067961165,0.4854368932038835,0.5727847529533967
0.6185,0.5149555375909458,0.4850444624090542,0.5728210859120866
0.619,0.5153473344103393,0.4846526655896607,0.5728593623754366
0.6195,0.5149313962873285,0.48506860371267146,0.5730157146895971
0.62,0.5153225806451613,0.48467741935483866,0.5730700024208056
0.6205,0.5149073327961321,0.4850926672038679,0.573135235140559
0.621,0.5152979066022544,0.4847020933977456,0.5732534354423761
0.6215,0.5148833467417538,0.48511665325824616,0.5732543282248124
0.622,0.5144694533762058,0.48553054662379425,0.5732798734481447
0.6225,0.5140562248995983,0.48594377510040165,0.573486817421589
0.623,0.514446227929374,0.485553772070626,0.5734878050728032
0.6235,0.5140336808340016,0.4859663191659984,0.573652377909152
0.624,0.5136217948717948,0.4863782051282052,0.5737841275674488
0.6245,0.5140112089671738,0.4859887910328262,0.5737937762455396
0.625,0.5144,0.48560000000000003,0.5740010593395376
0.6255,0.5139888089528377,0.4860111910471623,0.5740058484647653
0.626,0.5143769968051118,0.48562300319488816,0.5740679220037181
0.6265,0.5147645650438947,0.4852354349561053,0.5741127319290296
0.627,0.5151515151515151,0.48484848484848486,0.5741340324818269
0.6275,0.5147410358565737,0.4852589641434263,0.574136914729139
0.628,0.5151273885350318,0.4848726114649682,0.5744334262651718
0.6285,0.5147175815433572,0.4852824184566428,0.5745906047703001
0.629,0.5151033386327504,0.4848966613672496,0.5746072528929362
0.6295,0.5154884829229547,0.4845115170770453,0.5746587170787321
0.63,0.515079365079365,0.484920634920635,0.5749031340127826
0.6305,0.514670896114195,0.48532910388580497,0.574960640464505
0.631,0.5142630744849446,0.48573692551505543,0.5750357455505297
0.6315,0.5146476642913698,0.48535233570863023,0.5753498694134822
0.632,0.5150316455696202,0.4849683544303798,0.5753734346221899
0.6325,0.5154150197628459,0.48458498023715413,0.5753856415886875
0.633,0.5150078988941548,0.48499210110584523,0.5753865785230871
0.6335,0.5146014206787688,0.4853985793212312,0.5754037776559746
0.634,0.5141955835962145,0.48580441640378547,0.5754739090032194
0.6345,0.5145784081954294,0.48542159180457056,0.5755213117213149
0.635,0.5141732283464567,0.48582677165354327,0.5755347092370091
0.6355,0.5145554681353265,0.4854445318646735,0.575565429355207
0.636,0.5141509433962265,0.48584905660377353,0.5757103377295669
0.6365,0.5145326001571092,0.4854673998428908,0.5758806582488156
0.637,0.5149136577708007,0.48508634222919933,0.5759191448181931
0.6375,0.5145098039215686,0.48549019607843136,0.5759330145802025
0.638,0.5148902821316614,0.48510971786833856,0.5760957636737469
0.6385,0.514487079091621,0.48551292090837905,0.5761551312703268
0.639,0.514866979655712,0.48513302034428796,0.5762208213054641
0.6395,0.5144644253322909,0.48553557466770914,0.5763516436614567
0.64,0.5140625,0.4859375,0.5763685609427966
0.6405,0.5136612021857924,0.48633879781420764,0.5763806267089548
0.641,0.5140405616224649,0.4859594383775351,0.5764294603008857
0.6415,0.514419329696025,0.485580670303975,0.576438170373816
0.642,0.514018691588785,0.485981308411215,0.5765108888021304
0.6425,0.514396887159533,0.485603112840467,0.5766575938100778
0.643,0.5147744945567652,0.48522550544323484,0.5766741662650854
0.6435,0.5143745143745144,0.4856254856254856,0.5767185596457235
0.644,0.514751552795031,0.48524844720496896,0.5767854019515855
0.6445,0.5143522110162917,0.4856477889837083,0.5770115990419419
0.645,0.5147286821705427,0.4852713178294573,0.5772035337768384
0.6455,0.5151045701006971,0.4848954298993029,0.5772467339074498
0.646,0.5154798761609907,0.48452012383900933,0.5773489783458968
0.6465,0.5158546017014695,0.48414539829853054,0.5774138070969848
0.647,0.5154559505409583,0.4845440494590417,0.5775628752754637
0.6475,0.5150579150579151,0.4849420849420849,0.5776254963851857
0.648,0.5146604938271605,0.4853395061728395,0.5776488053622578
0.6485,0.5150346954510409,0.48496530454895914,0.5776693758032099
0.649,0.514637904468413,0.48536209553158705,0.5778246304728603
0.6495,0.5150115473441108,0.4849884526558892,0.5779666136488841
0.65,0.5153846153846153,0.48461538461538467,0.5779837017053836
0.6505,0.5157571099154497,0.48424289008455035,0.5779939617244648
0.651,0.5153609831029186,0.48463901689708144,0.5780121523040826
0.6515,0.5149654643131235,0.4850345356868765,0.5781494256475399
0.652,0.5153374233128835,0.48466257668711654,0.5782093933261109
0.6525,0.5157088122605364,0.48429118773946356,0.5782457730499266
0.653,0.5153139356814701,0.4846860643185299,0.5782952536648884
0.6535,0.5156847742922723,0.48431522570772767,0.5784402650544751
0.654,0.5152905198776758,0.4847094801223242,0.578444296809085
0.6545,0.5148968678380443,0.48510313216195566,0.5785367434974409
0.655,0.5145038167938931,0.4854961832061069,0.5785624455346253
0.6555,0.5141113653699466,0.4858886346300534,0.5786377433725767
0.656,0.5144817073170732,0.4855182926829268,0.5787060675760327
0.6565,0.5148514851485149,0.48514851485148514,0.5787623868879677
0.657,0.5144596651445966,0.4855403348554034,0.5787633964349626
0.6575,0.5140684410646388,0.4859315589353612,0.5787775130544995
0.658,0.5144376899696048,0.4855623100303952,0.5788513516458106
0.6585,0.5148063781321185,0.4851936218678815,0.5790548650983454
0.659,0.5151745068285281,0.48482549317147194,0.5791112582060156
0.6595,0.514783927217589,0.48521607278241097,0.5791323351929205
0.66,0.5143939393939394,0.4856060606060606,0.5792711707347049
0.6605,0.514004542013626,0.485995457986374,0.5792855526897722
0.661,0.5143721633888049,0.48562783661119513,0.5794958987916047
0.6615,0.5139833711262283,0.4860166288737717,0.5798255696537117
0.662,0.5143504531722054,0.4856495468277946,0.5798356588511684
0.6625,0.5139622641509434,0.48603773584905663,0.5798968911497753
0.663,0.5143288084464555,0.48567119155354455,0.5800320566057037
0.6635,0.5146948003014318,0.4853051996985682,0.5801464670511952
0.664,0.5143072289156626,0.4856927710843374,0.5801632030174406
0.6645,0.5139202407825433,0.4860797592174567,0.5801818498265545
0.665,0.5142857142857142,0.48571428571428577,0.5804693439247343
0.6655,0.5138993238166792,0.48610067618332076,0.5805083308522363
0.666,0.5142642642642643,0.4857357357357357,0.5806743428250354
0.6665,0.5146286571642911,0.48537134283570893,0.5807122502072894
0.667,0.5142428785607196,0.4857571214392804,0.5807156721342519
0.6675,0.5146067415730337,0.48539325842696635,0.5809491898278895
0.668,0.5149700598802395,0.4850299401197605,0.5810140920811317
0.6685,0.5145848915482424,0.4854151084517576,0.581071215513596
0.669,0.5142002989536621,0.48579970104633785,0.581110838367074
0.6695,0.513816280806572,0.48618371919342795,0.5811854752361516
0.67,0.514179104477612,0.48582089552238805,0.5812072556785565
0.6705,0.5137956748695004,0.4862043251304996,0.5812218526018283
0.671,0.5134128166915052,0.4865871833084948,0.5812707502175889
0.6715,0.5137751303052867,0.48622486969471335,0.5813656367761435
0.672,0.5141369047619048,0.48586309523809523,0.581417376844144
0.6725,0.5144981412639406,0.48550185873605944,0.5817681933338191
0.673,0.5141158989598811,0.4858841010401189,0.5818179927144951
0.6735,0.5144766146993318,0.4855233853006682,0.5818650617020855
0.674,0.5140949554896143,0.48590504451038574,0.581978723753185
0.6745,0.513713862120089,0.48628613787991104,0.5821017906577663
0.675,0.5140740740740741,0.4859259259259259,0.5821026602377082
0.6755,0.5136935603256847,0.4863064396743153,0.5821360657873085
0.676,0.5140532544378699,0.48594674556213013,0.5822848279605695
0.6765,0.5136733185513673,0.48632668144863267,0.5823634831332332
0.677,0.5132939438700148,0.4867060561299852,0.5825114425983944
0.6775,0.5136531365313654,0.48634686346863465,0.5825493379468591
0.678,0.5132743362831859,0.48672566371681414,0.5826179811999299
0.6785,0.5128960943257185,0.4871039056742815,0.582730623938139
0.679,0.5132547864506627,0.4867452135493373,0.5827525022478766
0.6795,0.5128771155261221,0.48712288447387786,0.5827845718671885
0.68,0.5125,0.48750000000000004,0.5827984139658864
0.6805,0.5121234386480529,0.4878765613519471,0.5828396394877438
0.681,0.5124816446402349,0.48751835535976507,0.5829220053178856
0.6815,0.5128393250183418,0.48716067498165816,0.5829263136290301
0.682,0.5131964809384164,0.4868035190615836,0.5829887202137894
0.6825,0.5135531135531135,0.4864468864468865,0.5830181535944685
0.683,0.513177159590044,0.48682284040995605,0.5831677993532254
0.6835,0.5128017556693489,0.48719824433065106,0.5832412350775331
0.684,0.5124269005847953,0.48757309941520466,0.5833276395964055
0.6845,0.5120525931336742,0.48794740686632576,0.5833913240768644
0.685,0.5124087591240876,0.48759124087591244,0.5835032528113893
0.6855,0.5120350109409191,0.4879649890590809,0.5835602121017163
0.686,0.5116618075801749,0.4883381924198251,0.583576253054241
0.6865,0.5112891478514202,0.4887108521485798,0.5837463384819119
0.687,0.5116448326055313,0.4883551673944687,0.5837527117025573
0.6875,0.5112727272727273,0.4887272727272727,0.5838195726408968
0.688,0.5109011627906976,0.48909883720930236,0.5838895304251575
0.6885,0.5105301379811183,0.48946986201888165,0.5839724028478057
0.689,0.5101596516690856,0.4898403483309144,0.5840433209940918
0.6895,0.5097897026831038,0.49021029731689625,0.5840746137960432
0.69,0.5101449275362319,0.48985507246376814,0.5842018483907105
0.6905,0.5104996379435192,0.48950036205648084,0.5842610562768075
0.691,0.5108538350217077,0.48914616497829233,0.5842850254941119
0.6915,0.5104844540853217,0.4895155459146783,0.5846320282753488
0.692,0.5101156069364162,0.4898843930635838,0.5846984490343339
0.6925,0.5104693140794224,0.4895306859205776,0.5847197042399355
0.693,0.5108225108225108,0.48917748917748916,0.584782272714581
0.6935,0.5104542177361211,0.4895457822638789,0.5849123528030471
0.694,0.510806916426513,0.489193083573487,0.5850004599101692
0.6945,0.5104391648668106,0.4895608351331894,0.5850556826912554
0.695,0.5107913669064749,0.48920863309352514,0.5851528750759318
0.6955,0.5104241552839683,0.48957584471603166,0.5852201217074469
0.696,0.5100574712643678,0.48994252873563215,0.5853616307681649
0.6965,0.5096913137114142,0.4903086862885858,0.5854785812472416
0.697,0.509325681492109,0.490674318507891,0.5856679640192843
0.6975,0.5089605734767025,0.49103942652329746,0.5856870018496969
0.698,0.5085959885386819,0.49140401146131807,0.5857079123963299
0.6985,0.5089477451682176,0.4910522548317824,0.5857597511833664
0.699,0.5085836909871244,0.4914163090128756,0.5857683090738628
0.6995,0.5082201572551823,0.4917798427448177,0.5858166163185576
0.7,0.5078571428571429,0.4921428571428571,0.5858735220143674
0.7005,0.5082084225553176,0.4917915774446824,0.5858830210510622
0.701,0.5078459343794579,0.4921540656205421,0.5859078586705807
0.7015,0.5081967213114754,0.4918032786885246,0.5859194171327633
0.702,0.5085470085470085,0.4914529914529915,0.58643967891764
0.7025,0.5081850533807829,0.4918149466192171,0.5864910512165326
0.703,0.5078236130867709,0.49217638691322907,0.5867190886852633
0.7035,0.5074626865671642,0.4925373134328358,0.5869762653920885
0.704,0.5078125,0.4921875,0.5869836276050241
0.7045,0.5081618168914124,0.4918381831085876,0.5870344442777371
0.705,0.5078014184397163,0.49219858156028373,0.5872559740025513
0.7055,0.5074415308291992,0.4925584691708008,0.587283408848543
0.706,0.5077903682719547,0.4922096317280453,0.5873078359022178
0.7065,0.5074309978768577,0.49256900212314225,0.5874434496661521
0.707,0.5077793493635078,0.49222065063649223,0.587495009492116
0.7075,0.5074204946996467,0.4925795053003533,0.5876258349587618
0.708,0.507768361581921,0.49223163841807904,0.587669082634928
0.7085,0.5081157374735357,0.49188426252646433,0.5877951773215164
0.709,0.5077574047954866,0.4922425952045134,0.587977454205312
0.7095,0.5081042988019733,0.4918957011980267,0.5880010020682503
0.71,0.5077464788732394,0.4922535211267606,0.5881207478145423
0.7105,0.5073891625615764,0.4926108374384236,0.5881611560542102
0.711,0.5077355836849508,0.49226441631504925,0.5881893937354482
0.7115,0.5080815179198875,0.49191848208011246,0.5882107842351416
0.712,0.5077247191011236,0.4922752808988764,0.5882195408265098
0.7125,0.5080701754385964,0.49192982456140355,0.5883325083775806
0.713,0.5084151472650772,0.4915848527349228,0.5883467982863007
0.7135,0.508759635599159,0.49124036440084096,0.5883515526216642
0.714,0.5084033613445378,0.4915966386554622,0.5883759674970718
0.7145,0.5080475857242828,0.49195241427571723,0.5884182239269485
0.715,0.5083916083916084,0.49160839160839165,0.5884292754115781
0.7155,0.5080363382250175,0.4919636617749825,0.5884923908850241
0.716,0.5083798882681564,0.4916201117318436,0.5885846498589178
0.7165,0.5080251221214236,0.4919748778785764,0.5886277644214395
0.717,0.5083682008368201,0.4916317991631799,0.588693265697146
0.7175,0.50801393728223,0.49198606271777,0.5887134509333101
0.718,0.5083565459610028,0.49164345403899723,0.5887210662724027
0.7185,0.5080027835768963,0.4919972164231037,0.5887301654690561
0.719,0.5083449235048678,0.4916550764951322,0.5888164697465769
0.7195,0.5086865879082696,0.4913134120917304,0.5889603639818655
0.72,0.5083333333333333,0.4916666666666667,0.5890248940404079
0.7205,0.5079805690492714,0.49201943095072864,0.5891403293983742
0.721,0.5083217753120666,0.49167822468793343,0.5891819576688109
0.7215,0.5086625086625086,0.4913374913374914,0.5892220263210047
0.722,0.5090027700831025,0.49099722991689754,0.5893702761791388
0.7225,0.5086505190311419,0.4913494809688581,0.5896613566227172
0.723,0.508298755186722,0.49170124481327804,0.5898147997673733
0.7235,0.5086385625431928,0.49136143745680716,0.5899145842322793
0.724,0.5082872928176796,0.4917127071823204,0.589998976418708
0.7245,0.5079365079365079,0.4920634920634921,0.590083713200169
0.725,0.5075862068965518,0.49241379310344824,0.5901068268574962
0.7255,0.5079255685733977,0.49207443142660234,0.590466055741036
0.726,0.5082644628099173,0.49173553719008267,0.5904820061957984
0.7265,0.5079146593255334,0.49208534067446663,0.5905719550225834
0.727,0.5075653370013755,0.4924346629986245,0.5906122908597677
0.7275,0.5072164948453608,0.4927835051546392,0.5907630727469774
0.728,0.507554945054945,0.49244505494505497,0.5908693793256469
0.7285,0.5072065888812629,0.4927934111187371,0.5908780789206943
0.729,0.5075445816186557,0.4924554183813443,0.5908977200621848
0.7295,0.5078821110349554,0.4921178889650446,0.5909061708799666
0.73,0.5082191780821917,0.49178082191780825,0.5910352729216859
0.7305,0.5085557837097878,0.4914442162902122,0.5910416888081396
0.731,0.5088919288645691,0.49110807113543087,0.5912823188206686
0.7315,0.508544087491456,0.49145591250854403,0.5913869062199071
0.732,0.5081967213114754,0.4918032786885246,0.591447867769493
0.7325,0.5078498293515359,0.4921501706484641,0.5916553446420671
0.733,0.5081855388813097,0.4918144611186903,0.5917496371019609
0.7335,0.5085207907293797,0.4914792092706203,0.5920152803298628
0.734,0.5081743869209809,0.49182561307901906,0.5920540601632334
0.7345,0.5078284547311096,0.4921715452688904,0.5922554619857541
0.735,0.5081632653061224,0.49183673469387756,0.5922643771470872
0.7355,0.5078178110129163,0.49218218898708366,0.5922696507380173
0.736,0.5074728260869565,0.49252717391304346,0.5923967113495829
0.7365,0.5071283095723014,0.4928716904276986,0.5924319888198297
0.737,0.5067842605156038,0.49321573948439623,0.5924596546666181
0.7375,0.5064406779661017,0.4935593220338983,0.5925723405987524
0.738,0.5060975609756098,0.49390243902439024,0.592681024399229
0.7385,0.5057549085985105,0.49424509140148953,0.5926906679132724
0.739,0.5060893098782138,0.49391069012178623,0.5927005663657808
0.7395,0.506423258958756,0.49357674104124405,0.5927890086606242
0.74,0.5067567567567568,0.4932432432432432,0.5928137858464542
0.7405,0.5064145847400405,0.49358541525995947,0.5928266831446545
0.741,0.5060728744939271,0.4939271255060729,0.5929009339978759
0.7415,0.5064059339177344,0.49359406608226564,0.5931879771887535
0.742,0.5060646900269542,0.4939353099730458,0.5931925179794209
0.7425,0.5057239057239057,0.4942760942760943,0.5932108182352105
0.743,0.506056527590848,0.49394347240915204,0.5932960697398638
0.7435,0.5063887020847344,0.4936112979152656,0.5933133764098495
0.744,0.5060483870967742,0.49395161290322576,0.5934124070252064
0.7445,0.506380120886501,0.493619879113499,0.5934362202854486
0.745,0.5067114093959731,0.49328859060402686,0.5934977851367007
0.7455,0.5063715627095908,0.49362843729040917,0.5935507841016275
0.746,0.5060321715817694,0.4939678284182306,0.5935558789019539
0.7465,0.5056932350971199,0.49430676490288006,0.5936377408933576
0.747,0.5053547523427041,0.4946452476572959,0.5938269907594222
0.7475,0.505685618729097,0.494314381270903,0.5941524323350219
0.748,0.5060160427807486,0.49398395721925137,0.5944429567698497
0.7485,0.5063460253841016,0.49365397461589844,0.5945432065812695
0.749,0.5060080106809078,0.49399198931909216,0.594580192597485
0.7495,0.5056704469646431,0.49432955303535686,0.5946212054011712
0.75,0.5053333333333333,0.4946666666666667,0.5946762265442166
0.7505,0.5049966688874084,0.49500333111259165,0.5947750798697645
0.751,0.5046604527296937,0.49533954727030627,0.5948210704256309
0.7515,0.5049900199600799,0.49500998003992014,0.5948991242885322
0.752,0.504654255319149,0.495345744680851,0.5949565098073653
0.7525,0.5043189368770764,0.4956810631229236,0.5951118037352698
0.753,0.5039840637450199,0.4960159362549801,0.5951583389992372
0.7535,0.5036496350364964,0.4963503649635036,0.5952288925664326
0.754,0.5039787798408488,0.4960212201591512,0.5952338708885765
0.7545,0.5043074884029158,0.49569251159708416,0.595301932698191
0.755,0.5046357615894039,0.49536423841059607,0.5953561194575497
0.7555,0.5043017868960953,0.4956982131039047,0.5955584057797741
0.756,0.503968253968254,0.49603174603174605,0.5956347293287327
0.7565,0.5036351619299405,0.4963648380700595,0.5957363088784864
0.757,0.5039630118890357,0.4960369881109643,0.5958509256466611
0.7575,0.5036303630363036,0.4963696369636964,0.5959357794793874
0.758,0.503957783641161,0.49604221635883905,0.5959618125213686
0.7585,0.5042847725774555,0.4957152274225445,0.596080443575614
0.759,0.5046113306982872,0.49538866930171277,0.596211838257607
0.7595,0.5049374588545096,0.4950625411454904,0.5966383564707015
0.76,0.5046052631578948,0.4953947368421052,0.5966514928377917
0.7605,0.5042735042735043,0.49572649572649574,0.5966695359894613
0.761,0.5039421813403416,0.49605781865965837,0.5969176585136338
0.7615,0.5036112934996717,0.4963887065003283,0.5970600153442726
0.762,0.5032808398950132,0.49671916010498685,0.5972743687726916
0.7625,0.5036065573770492,0.4963934426229508,0.5973550908589162
0.763,0.5032765399737876,0.49672346002621237,0.5977153716943534
0.7635,0.5029469548133595,0.4970530451866405,0.5977161490181219
0.764,0.5032722513089005,0.4967277486910995,0.597727353512324
0.7645,0.5029431000654022,0.4970568999345978,0.5981153377106112
0.765,0.5026143790849673,0.4973856209150327,0.5982705959947894
0.7655,0.5022860875244938,0.4977139124755062,0.5983406407165728
0.766,0.5026109660574413,0.49738903394255873,0.598465111460823
0.7665,0.50293542074364,0.49706457925636005,0.5984715164078033
0.767,0.5032594524119948,0.49674054758800523,0.5984957722621286
0.7675,0.5035830618892508,0.49641693811074916,0.5986829815593326
0.768,0.5032552083333334,0.49674479166666663,0.5989636444999645
0.7685,0.5029277813923227,0.49707221860767725,0.5989700856044986
0.769,0.5026007802340702,0.4973992197659298,0.5989730381222413
0.7695,0.5029239766081871,0.4970760233918129,0.5990089986418582
0.77,0.5032467532467533,0.4967532467532467,0.5990638529656329
0.7705,0.5029201817001947,0.4970798182998053,0.5992254792729985
0.771,0.5025940337224384,0.4974059662775616,0.5992964023186174
0.7715,0.5022683084899546,0.49773169151004537,0.599476113337442
0.772,0.5025906735751295,0.49740932642487046,0.599509461020032
0.7725,0.5022653721682848,0.4977346278317152,0.5995591415219093
0.773,0.5019404915912031,0.49805950840879687,0.5996873074625473
0.7735,0.5016160310277957,0.49838396897220427,0.5999063514172893
0.774,0.501937984496124,0.49806201550387597,0.5999175254674918
0.7745,0.5022595222724339,0.49774047772756613,0.5999948356396708
0.775,0.5019354838709678,0.49806451612903224,0.6000583852223715
0.7755,0.5022566086395873,0.4977433913604127,0.6000841704790094
0.776,0.5019329896907216,0.49806701030927836,0.6001727775461541
0.7765,0.501609787508049,0.49839021249195103,0.6003552687866811
0.777,0.5012870012870013,0.4987129987129987,0.6003781834976706
0.7775,0.5016077170418006,0.4983922829581994,0.6003823527829972
0.778,0.5012853470437018,0.49871465295629824,0.6004680587506483
0.7785,0.5016056518946692,0.4983943481053308,0.6005796084621514
0.779,0.5019255455712451,0.49807445442875486,0.6005830406821939
0.7795,0.5016035920461834,0.49839640795381657,0.6008955035337811
0.78,0.5012820512820513,0.4987179487179487,0.6009691089849759
0.7805,0.5009609224855862,0.4990390775144138,0.6012694522140383
0.781,0.5006402048655569,0.49935979513444306,0.6016386497354076
0.7815,0.5009596928982726,0.4990403071017274,0.6017905396358817
0.782,0.5006393861892583,0.4993606138107417,0.6018448342446765
0.7825,0.5003194888178913,0.49968051118210866,0.6019256918915962
0.783,0.5006385696040868,0.4993614303959132,0.6020420762039105
0.7835,0.5003190810465858,0.49968091895341415,0.6020954602246262
0.784,0.5006377551020408,0.4993622448979592,0.6022420198982628
0.7845,0.5009560229445507,0.49904397705544934,0.6022524941178935
0.785,0.5006369426751592,0.49936305732484076,0.6022881446889348
0.7855,0.5009548058561426,0.4990451941438574,0.6024264998214915
0.786,0.5006361323155216,0.4993638676844784,0.6025042386043912
0.7865,0.5003178639542276,0.4996821360457724,0.6025245117515988
0.787,0.5006353240152478,0.4993646759847522,0.6025558850068486
0.7875,0.5003174603174603,0.49968253968253973,0.6025783996932548
0.788,0.5006345177664975,0.4993654822335025,0.6026647548681798
0.7885,0.5003170577045022,0.4996829422954978,0.6026878622921568
0.789,0.5006337135614702,0.49936628643852976,0.6027371236590893
0.7895,0.5003166561114629,0.4996833438885371,0.6027463314354372
0.79,0.5006329113924051,0.49936708860759493,0.6027855430586728
0.7905,0.5003162555344719,0.4996837444655281,0.6028550008245703
0.791,0.5,0.5,0.6028569684946177
0.7915,0.4996841440303222,0.5003158559696779,0.6028827298611821
0.792,0.5,0.5,0.6030992958488756
0.7925,0.5003154574132492,0.49968454258675077,0.6031337506256295
0.793,0.5,0.5,0.6031816439389021
0.7935,0.5003150598613737,0.4996849401386263,0.6032172341680669
0.794,0.5,0.5,0.6033209795362048
0.7945,0.500314663310258,0.499685336689742,0.6034233587355555
0.795,0.5006289308176101,0.49937106918238994,0.603713139608394
0.7955,0.5003142677561282,0.4996857322438718,0.6037719181118916
0.796,0.5006281407035176,0.4993718592964824,0.603773130904425
0.7965,0.5003138731952291,0.49968612680477087,0.6038516562888094
0.797,0.5,0.5,0.6039337072275096
0.7975,0.49968652037617556,0.5003134796238244,0.6040266200394558
0.798,0.5,0.5,0.6041057676689938
0.7985,0.5003130870381967,0.49968691296180334,0.6041544498736113
0.799,0.5006257822277848,0.49937421777221525,0.6042352429868512
0.7995,0.50093808630394,0.49906191369606,0.6042354202640036
0.8,0.50125,0.49875,0.6044018162037519
0.8005,0.5009369144284822,0.4990630855715178,0.604433592499313
0.801,0.5006242197253433,0.4993757802746567,0.6045145942455505
0.8015,0.5003119151590767,0.4996880848409233,0.6045317873989613
0.802,0.5,0.5,0.6045940503600462
0.8025,0.5003115264797507,0.49968847352024925,0.6045982493985401
0.803,0.5,0.5,0.6046061057715442
0.8035,0.49968886123210954,0.5003111387678905,0.6046828593759048
0.804,0.5,0.5,0.6048789485703359
0.8045,0.4996892479801119,0.5003107520198882,0.6050444592587839
0.805,0.5,0.5,0.6050917048608611
0.8055,0.49968963376784603,0.500310366232154,0.6051831918878756
0.806,0.4993796526054591,0.500620347394541,0.6051848568845011
0.8065,0.4990700557966522,0.5009299442033478,0.6052930172700037
0.807,0.4993804213135068,0.5006195786864932,0.6053595134635441
0.8075,0.4996904024767802,0.5003095975232198,0.6057382785370159
0.808,0.4993811881188119,0.5006188118811881,0.6057412843497992
0.8085,0.4996907854050711,0.5003092145949288,0.6057563197357075
0.809,0.5,0.5,0.6057890569823087
0.8095,0.5003088326127239,0.49969116738727615,0.6058699655316044
0.81,0.5006172839506173,0.49938271604938267,0.6059254971588683
0.8105,0.5009253547193091,0.4990746452806909,0.6059574585782176
0.811,0.5006165228113441,0.49938347718865594,0.6060322642929632
0.8115,0.5009242144177449,0.49907578558225507,0.6061267128176899
0.812,0.5012315270935961,0.4987684729064039,0.6062169923385231
0.8125,0.5009230769230769,0.4990769230769231,0.6062767782531864
0.813,0.5006150061500615,0.4993849938499385,0.6063789269585066
0.8135,0.5003073140749846,0.49969268592501537,0.6065709775305685
0.814,0.5006142506142506,0.4993857493857494,0.6065725316652664
0.8145,0.5009208103130756,0.49907918968692444,0.606590944806896
0.815,0.5012269938650307,0.49877300613496933,0.6066515036007989
0.8155,0.5009196811771919,0.4990803188228081,0.6067896851432706
0.816,0.5006127450980392,0.4993872549019608,0.6069249218659327
0.8165,0.5009185548071035,0.49908144519289654,0.6069667836481949
0.817,0.5006119951040392,0.4993880048959608,0.607046702284137
0.8175,0.5009174311926605,0.4990825688073395,0.6070489464819318
0.818,0.5006112469437652,0.49938875305623476,0.6070678316150196
0.8185,0.5003054367745876,0.4996945632254124,0.6071203560678129
0.819,0.5,0.5,0.6071481345408208
0.8195,0.5003050640634533,0.4996949359365467,0.607148778552199
0.82,0.500609756097561,0.499390243902439,0.6073337761186204
0.8205,0.5003046922608165,0.49969530773918347,0.6074609525103607
0.821,0.5,0.5,0.6074664400259899
0.8215,0.4996956786366403,0.5003043213633598,0.6074913517395677
0.822,0.5,0.5,0.6076711554549257
0.8225,0.5003039513677812,0.49969604863221884,0.6077915697475921
0.823,0.5006075334143378,0.49939246658566216,0.6078946446744815
0.8235,0.5003035822707954,0.4996964177292046,0.6080032577200596
0.824,0.5006067961165048,0.4993932038834952,0.6081521458064401
0.8245,0.5009096422073984,0.4990903577926016,0.6082717408960032
0.825,0.5006060606060606,0.4993939393939394,0.6083469481137203
0.8255,0.500908540278619,0.499091459721381,0.6083844397598883
0.826,0.5006053268765133,0.49939467312348673,0.6084110756099355
0.8265,0.500302480338778,0.499697519661222,0.6085124537304106
0.827,0.5,0.5,0.6085792161998675
0.8275,0.5003021148036254,0.4996978851963746,0.6086838794689592
0.828,0.5,0.5,0.6087073085415211
0.8285,0.5003017501508751,0.4996982498491249,0.6088720236037939
0.829,0.5,0.5,0.6088950268946309
0.8295,0.5003013863773358,0.4996986136226642,0.6091147670285191
0.83,0.5006024096385542,0.4993975903614458,0.6091909770500724
0.8305,0.5009030704394943,0.49909692956050566,0.6092063914427674
0.831,0.5006016847172082,0.49939831528279177,0.609268822832389
0.8315,0.5003006614552015,0.49969933854479853,0.6093287220312558
0.832,0.5,0.5,0.609374846295005
0.8325,0.4996996996996997,0.5003003003003004,0.609379373425333
0.833,0.5,0.5,0.6094642589831417
0.8335,0.4997000599880024,0.5002999400119976,0.6094726727565305
0.834,0.49940047961630696,0.500599520383693,0.6095168930492811
0.8345,0.49970041941282206,0.5002995805871779,0.6095445057207902
0.835,0.5,0.5,0.6096245367996771
0.8355,0.49970077797725915,0.5002992220227409,0.609653725826035
0.836,0.49940191387559807,0.5005980861244019,0.6099056192590504
0.8365,0.4997011356843993,0.5002988643156008,0.6099254792732436
0.837,0.4994026284348865,0.5005973715651135,0.6099314112389171
0.8375,0.49970149253731344,0.5002985074626866,0.6099319192867472
0.838,0.5,0.5,0.6099546384689853
0.8385,0.5002981514609421,0.49970184853905786,0.6099794880727967
0.839,0.5005959475566151,0.4994040524433849,0.610309155397664
0.8395,0.5008933889219773,0.4991066110780227,0.6103528385040671
0.84,0.5011904761904762,0.4988095238095238,0.6105245411995592
0.8405,0.5014872099940512,0.49851279000594884,0.6105664171839371
0.841,0.5017835909631391,0.49821640903686093,0.6106703747872806
0.8415,0.5014854426619133,0.4985145573380867,0.6106994457272891
0.842,0.501187648456057,0.498812351543943,0.610771466336679
0.8425,0.5014836795252225,0.49851632047477745,0.6107927770288603
0.843,0.5011862396204033,0.4988137603795967,0.6109244233915263
0.8435,0.5014819205690575,0.4985180794309425,0.6110015043191847
0.844,0.5011848341232228,0.4988151658767772,0.6110532399435172
0.8445,0.5008880994671403,0.4991119005328597,0.6115315673325734
0.845,0.5011834319526627,0.4988165680473373,0.6117539661422309
0.8455,0.5014784151389711,0.49852158486102893,0.611784362819444
0.846,0.50177304964539,0.49822695035460995,0.6118191124726045
0.8465,0.5014766686355582,0.4985233313644418,0.6118456414231448
0.847,0.5011806375442739,0.4988193624557261,0.6119929019286113
0.8475,0.5014749262536873,0.4985250737463127,0.611995182485608
0.848,0.5017688679245284,0.49823113207547165,0.6120437351560672
0.8485,0.5020624631703006,0.49793753682969943,0.612084925979641
0.849,0.5017667844522968,0.49823321554770317,0.6121206822353864
0.8495,0.5014714537963508,0.49852854620364917,0.6122402216013063
0.85,0.5011764705882353,0.49882352941176467,0.6122452896771609
0.8505,0.5008818342151675,0.4991181657848325,0.6123797694035027
0.851,0.500587544065805,0.49941245593419503,0.6125902158685623
0.8515,0.5002935995302408,0.4997064004697592,0.6127974874631458
0.852,0.5,0.5,0.6128593356896362
0.8525,0.4997067448680352,0.5002932551319648,0.612862585862314
0.853,0.5,0.5,0.6129094846334737
0.8535,0.5002929115407148,0.49970708845928524,0.6129283488710258
0.854,0.5,0.5,0.6131580475283244
0.8545,0.5002925687536571,0.49970743124634287,0.6132640013042162
0.855,0.5,0.5,0.6135412449607245
0.8555,0.49970777323202803,0.5002922267679719,0.6136144319108627
0.856,0.5,0.5,0.6137260708352267
0.8565,0.4997081144191477,0.5002918855808522,0.6139039874008748
0.857,0.5,0.5,0.6141229306926476
0.8575,0.49970845481049564,0.5002915451895044,0.6141532392874562
0.858,0.4994172494172494,0.5005827505827506,0.614710680112463
0.8585,0.49970879440885263,0.5002912055911474,0.6147472507794559
0.859,0.49941792782305006,0.5005820721769499,0.6147728713037226
0.8595,0.4997091332169866,0.5002908667830134,0.6148292868316958
0.86,0.4994186046511628,0.5005813953488372,0.6148507349021817
0.8605,0.4991284137129576,0.5008715862870424,0.6148646561283009
0.861,0.4988385598141696,0.5011614401858304,0.6148661665651504
0.8615,0.4985490423679629,0.5014509576320372,0.6150057780097613
0.862,0.4988399071925754,0.5011600928074246,0.6153032888387322
0.8625,0.4991304347826087,0.5008695652173913,0.6154156325788709
0.863,0.49884125144843566,0.5011587485515643,0.6154516939251178
0.8635,0.49855240301100173,0.5014475969889982,0.6154817666002763
0.864,0.4982638888888889,0.5017361111111112,0.6155698718417217
0.8645,0.4985540775014459,0.5014459224985541,0.6155954953237863
0.865,0.49884393063583815,0.5011560693641619,0.615625732195693
0.8655,0.49855574812247255,0.5014442518775275,0.6156897892281541
0.866,0.4982678983833718,0.5017321016166282,0.6157320823945001
0.8665,0.49855741488747835,0.5014425851125217,0.6157391327001703
0.867,0.4988465974625144,0.5011534025374855,0.6157842968391208
0.8675,0.49855907780979825,0.5014409221902018,0.6158680082989123
0.868,0.49827188940092165,0.5017281105990783,0.6158993665312921
0.8685,0.49798503166378816,0.5020149683362118,0.6159439322556614
0.869,0.49769850402761795,0.502301495972382,0.6160407914432833
0.8695,0.49798734905117886,0.5020126509488212,0.6160910981882359
0.87,0.4982758620689655,0.5017241379310344,0.6162515283277891
0.8705,0.49798966111430215,0.5020103388856978,0.6162592028413959
0.871,0.49827784156142363,0.5017221584385764,0.6162855545530382
0.8715,0.4985656913367757,0.5014343086632242,0.616565324039247
0.872,0.49827981651376146,0.5017201834862386,0.6166969644588873
0.8725,0.49799426934097424,0.5020057306590258,0.6168657684338665
0.873,0.49828178694158076,0.5017182130584192,0.6168777154730605
0.8735,0.4985689753863766,0.5014310246136233,0.6169015129745287
0.874,0.4988558352402746,0.5011441647597255,0.616943379316413
0.8745,0.49914236706689535,0.5008576329331047,0.6169861125539511
0.875,0.49942857142857144,0.5005714285714286,0.6169970347625338
0.8755,0.49914334665905197,0.500856653340948,0.6170754650536507
0.876,0.4994292237442922,0.5005707762557078,0.6171560707587629
0.8765,0.49914432401597264,0.5008556759840274,0.6172536398576739
0.877,0.49942987457240595,0.500570125427594,0.6174075935798988
0.8775,0.49914529914529915,0.5008547008547009,0.6175547373623487
0.878,0.4988610478359909,0.501138952164009,0.6176147749774821
0.8785,0.4985771200910643,0.5014228799089357,0.617678512251433
0.879,0.49829351535836175,0.5017064846416383,0.6179996951278686
0.8795,0.4985787379192723,0.5014212620807277,0.6180034904167724
0.88,0.49886363636363634,0.5011363636363637,0.6181524030687408
0.8805,0.498580352072686,0.5014196479273141,0.6181906044710266
0.881,0.4982973893303065,0.5017026106696936,0.6183507851184713
0.8815,0.49801474758933634,0.5019852524106636,0.6184204983285151
0.882,0.49829931972789115,0.5017006802721089,0.61851335925397
0.8825,0.4980169971671388,0.5019830028328611,0.618713239276216
0.883,0.49773499433748586,0.5022650056625142,0.6188738568200256
0.8835,0.4980192416525184,0.5019807583474816,0.618954338499532
0.884,0.497737556561086,0.502262443438914,0.6192278824229044
0.8845,0.497456189937818,0.502543810062182,0.6193725457592603
0.885,0.4971751412429379,0.5028248587570621,0.6194230407881312
0.8855,0.4968944099378882,0.5031055900621118,0.6194480792547027
0.886,0.4966139954853273,0.5033860045146727,0.6194792819237115
0.8865,0.49633389734912575,0.5036661026508742,0.6195596216562543
0.887,0.49661781285231116,0.5033821871476889,0.6198391158049779
0.8875,0.49690140845070424,0.5030985915492958,0.619978286822515
0.888,0.4971846846846847,0.5028153153153153,0.6200294188586335
0.8885,0.49690489589195275,0.5030951041080473,0.6204605974205214
0.889,0.49718785151856015,0.5028121484814398,0.6204970739699973
0.8895,0.49690837549184935,0.5030916245081507,0.6207849304077455
0.89,0.49719101123595505,0.502808988764045,0.6208218857525842
0.8905,0.49691184727681076,0.5030881527231892,0.6212489031626772
0.891,0.49719416386083054,0.5028058361391694,0.6217333499807935
0.8915,0.49691531127313515,0.5030846887268648,0.6217478897449182
0.892,0.4966367713004484,0.5033632286995515,0.6218599059528755
0.8925,0.4969187675070028,0.5030812324929972,0.6219838485584016
0.893,0.4966405375139978,0.5033594624860023,0.6222042603770945
0.8935,0.49636261891438166,0.5036373810856183,0.6228592086488015
0.894,0.4960850111856823,0.5039149888143177,0.6229487304440793
0.8945,0.4958077138065959,0.5041922861934041,0.6231878632024046
0.895,0.4960893854748603,0.5039106145251397,0.623200432504273
0.8955,0.4963707426018984,0.5036292573981016,0.6234933280086968
0.896,0.49609375,0.50390625,0.623572704221425
0.8965,0.49581706636921363,0.5041829336307864,0.6238263953495278
0.897,0.496098104793757,0.5039018952062431,0.6238383917849692
0.8975,0.4963788300835655,0.5036211699164346,0.6238830798611659
0.898,0.49665924276169265,0.5033407572383073,0.6240624401246024
0.8985,0.4969393433500278,0.5030606566499722,0.6242540284609537
0.899,0.4966629588431591,0.503337041156841,0.6244831780067963
0.8995,0.4963868816008894,0.5036131183991106,0.6245304426529577
0.9,0.49666666666666665,0.5033333333333334,0.6245619582357169
0.9005,0.4969461410327596,0.5030538589672404,0.6246561981045224
0.901,0.4972253052164262,0.5027746947835738,0.6248781122602188
0.9015,0.49750415973377704,0.502495840266223,0.6249146670744496
0.902,0.4977827050997783,0.5022172949002217,0.6253896915720598
0.9025,0.49806094182825483,0.5019390581717451,0.6253903013996367
0.903,0.49778516057585825,0.5022148394241417,0.6255174989103769
0.9035,0.49806308799114557,0.5019369120088544,0.6255403206483783
0.904,0.4983407079646018,0.5016592920353982,0.625796145915126
0.9045,0.4986180210060807,0.5013819789939193,0.6258464551880876
0.905,0.4983425414364641,0.5016574585635358,0.6258843379222163
0.9055,0.4986195472114854,0.5013804527885146,0.6258845123516482
0.906,0.4988962472406181,0.5011037527593819,0.6262405553282805
0.9065,0.4991726420297849,0.5008273579702152,0.6262509068478794
0.907,0.4994487320837927,0.5005512679162073,0.626560685209159
0.9075,0.4991735537190083,0.5008264462809917,0.6266044241429363
0.908,0.4988986784140969,0.501101321585903,0.6266898226367861
0.9085,0.49862410566868465,0.5013758943313154,0.62677009674349
0.909,0.4988998899889989,0.5011001100110011,0.6268202758303194
0.9095,0.49917537108301263,0.5008246289169873,0.6268770357564488
0.91,0.49945054945054945,0.5005494505494505,0.6271500130628751
0.9105,0.499725425590335,0.500274574409665,0.6273207073676291
0.911,0.5,0.5,0.6275581547753223
0.9115,0.5002742731760834,0.4997257268239166,0.6277606533477604
0.912,0.5,0.5,0.6277799120974741
0.9125,0.5002739726027398,0.49972602739726024,0.6278083890096319
0.913,0.5005476451259584,0.4994523548740416,0.6280365683037814
0.9135,0.5002736726874658,0.4997263273125342,0.6282153394782513
0.914,0.5,0.5,0.6286639802149132
0.9145,0.5002733734281027,0.49972662657189726,0.6288516973476175
0.915,0.5005464480874317,0.49945355191256835,0.6289828997359577
0.9155,0.500819224467504,0.49918077553249596,0.6291262988514364
0.916,0.5010917030567685,0.49890829694323147,0.629403506713567
0.9165,0.5008183306055647,0.4991816693944353,0.6296412958031361
0.917,0.5005452562704471,0.4994547437295529,0.6297636541231566
0.9175,0.500817438692098,0.49918256130790195,0.629935191131094
0.918,0.5010893246187363,0.49891067538126366,0.6299788437331638
0.9185,0.5008165487207403,0.49918345127925967,0.6300365610395648
0.919,0.500544069640914,0.499455930359086,0.6301452993406996
0.9195,0.5008156606851549,0.49918433931484507,0.6306031645455544
0.92,0.5005434782608695,0.49945652173913047,0.6309781354516205
0.9205,0.5008147745790331,0.4991852254209669,0.6310554537619899
0.921,0.501085776330076,0.498914223669924,0.6310787271699552
0.9215,0.5013564839934889,0.49864351600651113,0.6312225287374552
0.922,0.5010845986984815,0.49891540130151846,0.6312552674692522
0.9225,0.5008130081300813,0.49918699186991866,0.6312751617340657
0.923,0.5005417118093174,0.4994582881906826,0.6315694882189296
0.9235,0.5002707092582567,0.4997292907417433,0.631737921569363
0.924,0.5,0.5,0.6318933530560654
0.9245,0.49972958355868036,0.5002704164413196,0.6319055336916816
0.925,0.49945945945945946,0.5005405405405405,0.6321087022933554
0.9255,0.4997298757428417,0.5002701242571583,0.6323118936049097
0.926,0.4994600431965443,0.5005399568034556,0.63236775830908
0.9265,0.4997301672962763,0.5002698327037237,0.6328326553243833
0.927,0.4994606256742179,0.5005393743257821,0.6334982157402176
0.9275,0.49973045822102424,0.5002695417789758,0.6339302353566222
0.928,0.4994612068965517,0.5005387931034483,0.6340265789042017
0.9285,0.4991922455573506,0.5008077544426495,0.6340445365289984
0.929,0.49892357373519913,0.5010764262648009,0.6344007611754665
0.9295,0.49865519096288324,0.5013448090371168,0.6349271716846476
0.93,0.49838709677419357,0.5016129032258064,0.6350375066451547
0.9305,0.49811929070392263,0.5018807092960773,0.6351315183415387
0.931,0.4983888292158969,0.5016111707841031,0.6351523342561194
0.9315,0.4986580783682233,0.5013419216317767,0.6353185096089597
0.932,0.4989270386266094,0.5010729613733906,0.6353643385665269
0.9325,0.49865951742627346,0.5013404825737265,0.6357441122329864
0.933,0.49892818863879956,0.5010718113612005,0.6359075417918114
0.9335,0.499196572040707,0.500803427959293,0.6363685502914
0.934,0.4994646680942184,0.5005353319057816,0.6364299333284416
0.9345,0.49973247726056713,0.5002675227394329,0.6364453576215185
0.935,0.4994652406417112,0.5005347593582887,0.6366507991947069
0.9355,0.4997327632282202,0.5002672367717798,0.6371447712326062
0.936,0.49946581196581197,0.500534188034188,0.637313716074243
0.9365,0.4997330485851575,0.5002669514148426,0.6373654397943991
0.937,0.5,0.5,0.6376120125798272
0.9375,0.4997333333333333,0.5002666666666666,0.6376279100881592
0.938,0.4994669509594883,0.5005330490405118,0.6377463208535266
0.9385,0.49920085242408097,0.500799147575919,0.6379258341002282
0.939,0.4994675186368477,0.5005324813631523,0.638539890091117
0.9395,0.49920170303352845,0.5007982969664715,0.6392684948666183
0.94,0.498936170212766,0.5010638297872341,0.6393717398834535
0.9405,0.49920255183413076,0.5007974481658692,0.6394848473249162
0.941,0.4989373007438895,0.5010626992561105,0.6398081404279541
0.9415,0.498672331386086,0.501327668613914,0.6398577042780641
0.942,0.4984076433121019,0.5015923566878981,0.6401738737655451
0.9425,0.4986737400530504,0.5013262599469497,0.6403624822269847
0.943,0.49893955461293743,0.5010604453870626,0.6404129849499349
0.9435,0.49920508744038156,0.5007949125596185,0.6412042159294318
0.944,0.4994703389830508,0.5005296610169492,0.6414894103718227
0.9445,0.49973530968766544,0.5002646903123346,0.6415459261806569
0.945,0.49947089947089945,0.5005291005291006,0.6415609356246073
0.9455,0.4997355896351137,0.5002644103648863,0.6415772426915514
0.946,0.5,0.5,0.6416710860624231
0.9465,0.5002641310089805,0.4997358689910195,0.6417264312645785
0.947,0.5005279831045406,0.4994720168954594,0.642194427757887
0.9475,0.5007915567282322,0.49920844327176783,0.6423376859535728
0.948,0.5010548523206751,0.49894514767932485,0.6427447649158823
0.9485,0.5013178703215604,0.4986821296784396,0.6430535381713527
0.949,0.5015806111696522,0.49841938883034775,0.6431508905074745
0.9495,0.5013164823591364,0.4986835176408636,0.6431671948676793
0.95,0.5010526315789474,0.4989473684210526,0.6433688426347042
0.9505,0.5007890583903208,0.49921094160967916,0.6435048357578976
0.951,0.5005257623554153,0.49947423764458465,0.6440673193961657
0.9515,0.5002627430373096,0.49973725696269045,0.6443247748904095
0.952,0.5,0.5,0.644432256609555
0.9525,0.5002624671916011,0.49973753280839894,0.64447146021432
0.953,0.5005246589716684,0.4994753410283316,0.644647039345563
0.9535,0.5007865757734662,0.4992134242265338,0.6448617274462058
0.954,0.5010482180293501,0.49895178197064993,0.6449777515853414
0.9545,0.50130958617077,0.49869041382922996,0.6450559190323417
0.955,0.5015706806282723,0.49842931937172774,0.6451123970698225
0.9555,0.5013082155939299,0.4986917844060701,0.6451476751609134
0.956,0.5010460251046025,0.4989539748953975,0.6454311213309953
0.9565,0.5007841087297439,0.4992158912702561,0.6466395676968313
0.957,0.5010449320794148,0.4989550679205852,0.646921068258559
0.9575,0.5013054830287206,0.4986945169712794,0.6474810673932849
0.958,0.5010438413361169,0.4989561586638831,0.6478710076199086
0.9585,0.5013041210224308,0.4986958789775692,0.6485254001292341
0.959,0.5015641293013556,0.49843587069864437,0.6487449504014384
0.9595,0.5013027618551329,0.4986972381448671,0.649310321174662
0.96,0.5015625,0.4984375,0.649469898950283
0.9605,0.5018219677251432,0.4981780322748568,0.6494940568797319
0.961,0.5020811654526535,0.49791883454734653,0.6496052777605448
0.9615,0.5018200728029121,0.4981799271970879,0.6506082314745268
0.962,0.502079002079002,0.497920997920998,0.6508145394539859
0.9625,0.5018181818181818,0.49818181818181817,0.6510787336165011
0.963,0.5020768431983386,0.49792315680166144,0.6513296291094328
0.9635,0.5023352361183187,0.49766476388168135,0.651518800449651
0.964,0.5020746887966805,0.4979253112033195,0.6515551886779837
0.9645,0.5018144116122343,0.4981855883877657,0.6515634230268951
0.965,0.5020725388601036,0.4979274611398964,0.6522289920268032
0.9655,0.5018125323666494,0.49818746763335064,0.6522750073882646
0.966,0.5020703933747412,0.49792960662525876,0.6524471287201554
0.9665,0.5018106570098293,0.4981893429901707,0.6530446909544063
0.967,0.5015511892450879,0.4984488107549121,0.6530968428576973
0.9675,0.5018087855297158,0.49819121447028425,0.6531533928865607
0.968,0.5015495867768595,0.49845041322314054,0.6536952294688385
0.9685,0.5012906556530717,0.49870934434692826,0.6541326594279906
0.969,0.5015479876160991,0.4984520123839009,0.65454502297456
0.9695,0.5012893243940175,0.4987106756059825,0.6547918524193774
0.97,0.5010309278350515,0.49896907216494846,0.6556528872467342
0.9705,0.500772797527048,0.49922720247295205,0.6560016882908427
0.971,0.5005149330587023,0.4994850669412977,0.6564615820062002
0.9715,0.5007720020586721,0.4992279979413279,0.6577709444098654
0.972,0.5005144032921811,0.4994855967078189,0.6579368274611952
0.9725,0.5007712082262211,0.4992287917737789,0.6580198085120159
0.973,0.501027749229188,0.498972250770812,0.6581954500418785
0.9735,0.5012840267077555,0.4987159732922445,0.6585929443429559
0.974,0.5015400410677618,0.49845995893223816,0.6593221290549522
0.9745,0.5017957927142124,0.4982042072857876,0.6599822747039733
0.975,0.5015384615384615,0.4984615384615385,0.660358082643525
0.9755,0.5017939518195798,0.49820604818042025,0.661944018972038
0.976,0.5015368852459017,0.4984631147540983,0.6628724655957248
0.9765,0.5017921146953405,0.49820788530465954,0.6633707157789321
0.977,0.5015353121801432,0.49846468781985676,0.6637623108562242
0.9775,0.5017902813299233,0.4982097186700767,0.6639201398637922
0.978,0.5015337423312883,0.49846625766871167,0.6640199883227773
0.9785,0.5017884517118038,0.49821154828819625,0.664082991052938
0.979,0.5020429009193054,0.49795709908069463,0.6646340417342447
0.9795,0.5017866258295048,0.49821337417049516,0.6647086581106411
0.98,0.5015306122448979,0.4984693877551021,0.6648042861501698
0.9805,0.5017848036715962,0.49821519632840383,0.6649759414378927
0.981,0.5015290519877675,0.49847094801223246,0.6650159221382657
0.9815,0.5017829852266938,0.49821701477330615,0.6650897390651553
0.982,0.5020366598778004,0.49796334012219956,0.6657118014238503
0.9825,0.5022900763358779,0.49770992366412214,0.6664928861443306
0.983,0.5025432349949135,0.4974567650050865,0.6667102233358798
0.9835,0.5027961362480935,0.4972038637519065,0.6673671200995636
0.984,0.5025406504065041,0.4974593495934959,0.6694182112227848
0.9845,0.5022854240731336,0.4977145759268664,0.6703614233589555
0.985,0.5025380710659898,0.4974619289340102,0.6716299779431104
0.9855,0.502283105022831,0.497716894977169,0.6724439056843601
0.986,0.5020283975659229,0.4979716024340771,0.6727633699529538
0.9865,0.5022807906741004,0.49771920932589964,0.6727840657662731
0.987,0.502532928064843,0.49746707193515705,0.6733766798113736
0.9875,0.5022784810126583,0.49772151898734174,0.6741704171765086
0.988,0.5025303643724697,0.4974696356275303,0.6744753341116833
0.9885,0.5027819929185635,0.4972180070814365,0.6749372996970968
0.989,0.5030333670374115,0.4969666329625885,0.6750730659116111
0.9895,0.5032844871147044,0.4967155128852956,0.6752967373725034
0.99,0.5035353535353535,0.4964646464646465,0.6757259268663309
0.9905,0.5037859666834932,0.4962140333165068,0.6766944628057894
0.991,0.5040363269424823,0.49596367305751765,0.6767274078395816
0.9915,0.5037821482602118,0.49621785173978816,0.67891611383893
0.992,0.5040322580645161,0.4959677419354839,0.6789767920917598
0.9925,0.5037783375314862,0.49622166246851385,0.6818753327813369
0.993,0.5040281973816717,0.4959718026183283,0.6855939291749481
0.9935,0.5042778057372924,0.4957221942627076,0.6879804841601833
0.994,0.5045271629778671,0.49547283702213285,0.6880246383264605
0.9945,0.5047762694821518,0.4952237305178482,0.6887045695434888
0.995,0.5050251256281407,0.4949748743718593,0.689042327495615
0.9955,0.5047714716223004,0.4952285283776996,0.6896828871745458
0.996,0.5045180722891566,0.49548192771084343,0.6897164841357035
0.9965,0.5042649272453588,0.49573507275464124,0.6904886305320412
0.997,0.5045135406218656,0.4954864593781344,0.6910623077897151
0.9975,0.5047619047619047,0.49523809523809526,0.6951939321221773
0.998,0.5050100200400801,0.4949899799599199,0.6961694614468033
0.9985,0.5052578868302454,0.4947421131697546,0.6998461702151887
0.999,0.5055055055055055,0.49449449449449445,0.7003590639928088
0.9995,0.5052526263131566,0.4947473736868434,0.7045985501915724
1.0,0.5055,0.49450000000000005,0.7134462166932276
