coverage,risk,accuracy,abstain_threshold
0.0005,1.0,0.0,0.22140580634705775
0.001,1.0,0.0,0.22494259053553095
0.0015,0.6666666666666666,0.33333333333333337,0.22581225818934325
0.002,0.5,0.5,0.22651489482197873
0.0025,0.4,0.6,0.23044605370068644
0.003,0.3333333333333333,0.6666666666666667,0.23157686123999743
0.0035,0.2857142857142857,0.7142857142857143,0.23383286476540288
0.004,0.375,0.625,0.23987844682435283
0.0045,0.4444444444444444,0.5555555555555556,0.24232075457123303
0.005,0.4,0.6,0.2424667602849016
0.0055,0.45454545454545453,0.5454545454545454,0.251820853302695
0.006,0.4166666666666667,0.5833333333333333,0.25350777211216935
0.0065,0.46153846153846156,0.5384615384615384,0.25352536033405493
0.007,0.42857142857142855,0.5714285714285714,0.25513688301736476
0.0075,0.4666666666666667,0.5333333333333333,0.2560244898765391
0.008,0.4375,0.5625,0.25712471371981266
0.0085,0.4117647058823529,0.5882352941176471,0.2573155992955632
0.009,0.4444444444444444,0.5555555555555556,0.2584528233841969
0.0095,0.42105263157894735,0.5789473684210527,0.2613666986746559
0.01,0.4,0.6,0.2618164275071759
0.0105,0.38095238095238093,0.6190476190476191,0.2627339626168797
0.011,0.4090909090909091,0.5909090909090908,0.2636195483557375
0.0115,0.391304347826087,0.6086956521739131,0.26430407896055635
0.012,0.4166666666666667,0.5833333333333333,0.2646899008643978
0.0125,0.4,0.6,0.26476077247762186
0.013,0.38461538461538464,0.6153846153846154,0.2649543289511077
0.0135,0.4074074074074074,0.5925925925925926,0.26742366168998266
0.014,0.42857142857142855,0.5714285714285714,0.2675147550248142
0.0145,0.41379310344827586,0.5862068965517242,0.26896517208493825
0.015,0.4,0.6,0.2701252428051266
0.0155,0.3870967741935484,0.6129032258064516,0.27056997619409223
0.016,0.375,0.625,0.2710242125052063
0.0165,0.3939393939393939,0.6060606060606061,0.27151733282266144
0.017,0.4117647058823529,0.5882352941176471,0.27178804633292764
0.0175,0.42857142857142855,0.5714285714285714,0.27456218514808745
0.018,0.4444444444444444,0.5555555555555556,0.27713545906527814
0.0185,0.43243243243243246,0.5675675675675675,0.27799817851472575
0.019,0.4473684210526316,0.5526315789473684,0.27960335058747365
0.0195,0.46153846153846156,0.5384615384615384,0.2797465983587986
0.02,0.45,0.55,0.2798370968976386
0.0205,0.4634146341463415,0.5365853658536586,0.27987318936051647
0.021,0.4523809523809524,0.5476190476190477,0.281324601668347
0.0215,0.4418604651162791,0.5581395348837209,0.2831471253773377
0.022,0.4318181818181818,0.5681818181818181,0.28413993133596743
0.0225,0.4222222222222222,0.5777777777777777,0.2842441900774365
0.023,0.41304347826086957,0.5869565217391304,0.2846831669580058
0.0235,0.425531914893617,0.574468085106383,0.2848088102396672
0.024,0.4375,0.5625,0.28491755277788516
0.0245,0.4489795918367347,0.5510204081632653,0.28560711066551553
0.025,0.46,0.54,0.28623948159163864
0.0255,0.47058823529411764,0.5294117647058824,0.28668340670289305
0.026,0.4807692307692308,0.5192307692307692,0.29026653241029726
0.0265,0.4716981132075472,0.5283018867924528,0.29044887802851277
0.027,0.48148148148148145,0.5185185185185186,0.2909453030964381
0.0275,0.4909090909090909,0.509090909090909,0.2914484146056041
0.028,0.5,0.5,0.29316765961364044
0.0285,0.5087719298245614,0.49122807017543857,0.29350916283583467
0.029,0.5,0.5,0.2937177747286217
0.0295,0.4915254237288136,0.5084745762711864,0.2940359573327761
0.03,0.48333333333333334,0.5166666666666666,0.29422297085326293
0.0305,0.4918032786885246,0.5081967213114754,0.29468382201266047
0.031,0.4838709677419355,0.5161290322580645,0.29587580958641496
0.0315,0.47619047619047616,0.5238095238095238,0.297351297635457
0.032,0.484375,0.515625,0.2975334932577062
0.0325,0.47692307692307695,0.523076923076923,0.29794373412902503
0.033,0.48484848484848486,0.5151515151515151,0.29809178795895097
0.0335,0.4925373134328358,0.5074626865671642,0.30096428919524715
0.034,0.5,0.5,0.3017335206091355
0.0345,0.5072463768115942,0.49275362318840576,0.30228847601446096
0.035,0.5142857142857142,0.48571428571428577,0.3025467365159325
0.0355,0.5211267605633803,0.47887323943661975,0.3035524880653352
0.036,0.5277777777777778,0.4722222222222222,0.30577687076960847
0.0365,0.5205479452054794,0.4794520547945206,0.30621550613865106
0.037,0.527027027027027,0.472972972972973,0.30625312207213473
0.0375,0.52,0.48,0.30644766407205704
0.038,0.5263157894736842,0.4736842105263158,0.30708442767752997
0.0385,0.5194805194805194,0.48051948051948057,0.30795348751131874
0.039,0.5256410256410257,0.47435897435897434,0.30838677516171725
0.0395,0.5189873417721519,0.4810126582278481,0.3092471456842661
0.04,0.525,0.475,0.3096494299325158
0.0405,0.5308641975308642,0.4691358024691358,0.31157045987808624
0.041,0.5365853658536586,0.46341463414634143,0.3123837968115663
0.0415,0.5421686746987951,0.45783132530120485,0.31247186149982054
0.042,0.5476190476190477,0.45238095238095233,0.31371828495828463
0.0425,0.5411764705882353,0.45882352941176474,0.31443430277850004
0.043,0.5348837209302325,0.4651162790697675,0.31498744185581096
0.0435,0.5402298850574713,0.45977011494252873,0.3152932937139183
0.044,0.5340909090909091,0.46590909090909094,0.3153095427210167
0.0445,0.5280898876404494,0.4719101123595506,0.3155516582243816
0.045,0.5222222222222223,0.47777777777777775,0.31631559093057
0.0455,0.5164835164835165,0.48351648351648346,0.316633514093797
0.046,0.5217391304347826,0.4782608695652174,0.31745588711435824
0.0465,0.5268817204301075,0.4731182795698925,0.31796659253876636
0.047,0.5319148936170213,0.46808510638297873,0.3187302027923968
0.0475,0.5368421052631579,0.4631578947368421,0.31966208602138096
0.048,0.53125,0.46875,0.32028302370711614
0.0485,0.5257731958762887,0.4742268041237113,0.32060829287514986
0.049,0.5306122448979592,0.4693877551020408,0.32061823116610655
0.0495,0.5252525252525253,0.4747474747474747,0.32126841981014215
0.05,0.52,0.48,0.3220286072366281
0.0505,0.5247524752475248,0.4752475247524752,0.3231652354160731
0.051,0.5294117647058824,0.47058823529411764,0.3257776795116104
0.0515,0.5339805825242718,0.46601941747572817,0.3258990757820925
0.052,0.5384615384615384,0.46153846153846156,0.32650955834771
0.0525,0.5428571428571428,0.4571428571428572,0.3268490038542816
0.053,0.5377358490566038,0.46226415094339623,0.3270751272271748
0.0535,0.5327102803738317,0.4672897196261683,0.3272146687171232
0.054,0.5370370370370371,0.4629629629629629,0.3276604301315575
0.0545,0.5321100917431193,0.4678899082568807,0.32781506150128653
0.055,0.5272727272727272,0.4727272727272728,0.3278761590851801
0.0555,0.5225225225225225,0.4774774774774775,0.3282338982288217
0.056,0.5267857142857143,0.4732142857142857,0.3287823641914987
0.0565,0.5309734513274337,0.4690265486725663,0.3295565077750559
0.057,0.5263157894736842,0.4736842105263158,0.33078394458274446
0.0575,0.5304347826086957,0.4695652173913043,0.3308626886851777
0.058,0.5344827586206896,0.4655172413793104,0.33156003307630705
0.0585,0.5299145299145299,0.4700854700854701,0.33238409104179417
0.059,0.5254237288135594,0.47457627118644063,0.33285873136036875
0.0595,0.5294117647058824,0.47058823529411764,0.3334095604138021
0.06,0.5333333333333333,0.4666666666666667,0.33401284732964626
0.0605,0.5289256198347108,0.47107438016528924,0.33415552599973186
0.061,0.5245901639344263,0.47540983606557374,0.3345441164296452
0.0615,0.5284552845528455,0.4715447154471545,0.3354825366000375
0.062,0.5241935483870968,0.47580645161290325,0.33555163930728443
0.0625,0.52,0.48,0.3355901406847339
0.063,0.5238095238095238,0.47619047619047616,0.3356490146562202
0.0635,0.5196850393700787,0.4803149606299213,0.3369259911158687
0.064,0.515625,0.484375,0.3382157399972903
0.0645,0.5193798449612403,0.48062015503875966,0.33889673206980114
0.065,0.5230769230769231,0.4769230769230769,0.3393599086528167
0.0655,0.5190839694656488,0.48091603053435117,0.33968233342647136
0.066,0.5227272727272727,0.4772727272727273,0.34006231061327846
0.0665,0.518796992481203,0.48120300751879697,0.34078252208090276
0.067,0.5223880597014925,0.4776119402985075,0.34101378626908807
0.0675,0.5259259259259259,0.4740740740740741,0.34113989223375063
0.068,0.5294117647058824,0.47058823529411764,0.34160897725434
0.0685,0.5255474452554745,0.4744525547445255,0.3416339262278803
0.069,0.5289855072463768,0.47101449275362317,0.3417922938158293
0.0695,0.5323741007194245,0.4676258992805755,0.34196670053008316
0.07,0.5357142857142857,0.4642857142857143,0.3420581209274733
0.0705,0.5319148936170213,0.46808510638297873,0.3420960467531963
0.071,0.528169014084507,0.471830985915493,0.34220724827947596
0.0715,0.5314685314685315,0.46853146853146854,0.3423445926838237
0.072,0.5347222222222222,0.4652777777777778,0.34238146940670067
0.0725,0.5379310344827586,0.4620689655172414,0.34280737729038085
0.073,0.5342465753424658,0.4657534246575342,0.34281089467606557
0.0735,0.5306122448979592,0.4693877551020408,0.3429540567485947
0.074,0.5337837837837838,0.46621621621621623,0.34295523013740203
0.0745,0.5369127516778524,0.46308724832214765,0.3436310226476057
0.075,0.54,0.45999999999999996,0.34403217978291
0.0755,0.543046357615894,0.45695364238410596,0.3443988866758922
0.076,0.5394736842105263,0.4605263157894737,0.3455336808885066
0.0765,0.5424836601307189,0.4575163398692811,0.3458068773493409
0.077,0.5454545454545454,0.4545454545454546,0.3460347742051644
0.0775,0.5419354838709678,0.4580645161290322,0.34627670838299296
0.078,0.5448717948717948,0.4551282051282052,0.34629619725607375
0.0785,0.5414012738853503,0.4585987261146497,0.34633345469668214
0.079,0.5379746835443038,0.4620253164556962,0.3464126856620034
0.0795,0.5408805031446541,0.4591194968553459,0.346435943065243
0.08,0.54375,0.45625000000000004,0.3468014084698808
0.0805,0.546583850931677,0.45341614906832295,0.34734155683314544
0.081,0.5432098765432098,0.45679012345679015,0.34740383239432365
0.0815,0.5460122699386503,0.45398773006134974,0.34765589322976503
0.082,0.5487804878048781,0.4512195121951219,0.3478955462851878
0.0825,0.5515151515151515,0.4484848484848485,0.3479118111662986
0.083,0.5481927710843374,0.4518072289156626,0.34794935039942554
0.0835,0.5508982035928144,0.4491017964071856,0.3481687170527612
0.084,0.5476190476190477,0.45238095238095233,0.3484058465611961
0.0845,0.5443786982248521,0.4556213017751479,0.34879977191428907
0.085,0.5411764705882353,0.45882352941176474,0.34925945822284
0.0855,0.543859649122807,0.45614035087719296,0.3493598730461413
0.086,0.5465116279069767,0.4534883720930233,0.34944039812190336
0.0865,0.5491329479768786,0.4508670520231214,0.3497058287222606
0.087,0.5517241379310345,0.4482758620689655,0.3502699918048031
0.0875,0.5542857142857143,0.44571428571428573,0.3508353877262191
0.088,0.5511363636363636,0.44886363636363635,0.35119714218446607
0.0885,0.5480225988700564,0.45197740112994356,0.3513428416160769
0.089,0.5449438202247191,0.4550561797752809,0.35136377067505636
0.0895,0.547486033519553,0.45251396648044695,0.35139095575486623
0.09,0.5444444444444444,0.4555555555555556,0.3513960926143027
0.0905,0.5469613259668509,0.4530386740331491,0.3514756328186057
0.091,0.5494505494505495,0.4505494505494505,0.3515620383154134
0.0915,0.5519125683060109,0.4480874316939891,0.3528975185375818
0.092,0.5543478260869565,0.44565217391304346,0.35295379955717504
0.0925,0.5513513513513514,0.4486486486486486,0.35308009514082045
0.093,0.5483870967741935,0.4516129032258065,0.3531317043574398
0.0935,0.5508021390374331,0.44919786096256686,0.3533039529733723
0.094,0.5531914893617021,0.44680851063829785,0.35365411444168543
0.0945,0.5502645502645502,0.44973544973544977,0.3543563237527166
0.095,0.5526315789473685,0.4473684210526315,0.3546288939663913
0.0955,0.5497382198952879,0.4502617801047121,0.3550186457257214
0.096,0.5520833333333334,0.44791666666666663,0.35503025131485905
0.0965,0.5492227979274611,0.4507772020725389,0.3553742434412695
0.097,0.5515463917525774,0.44845360824742264,0.3554224302323665
0.0975,0.5487179487179488,0.45128205128205123,0.35561408681407186
0.098,0.5459183673469388,0.45408163265306123,0.3556550812007969
0.0985,0.5482233502538071,0.4517766497461929,0.3557214378056939
0.099,0.5505050505050505,0.4494949494949495,0.35573827102682753
0.0995,0.5527638190954773,0.44723618090452266,0.3566546077704437
0.1,0.555,0.44499999999999995,0.3571612535359244
0.1005,0.5572139303482587,0.4427860696517413,0.35718192170298707
0.101,0.5544554455445545,0.4455445544554455,0.35720658074848854
0.1015,0.5566502463054187,0.4433497536945813,0.3575787829368862
0.102,0.553921568627451,0.446078431372549,0.35769484767341986
0.1025,0.5560975609756098,0.4439024390243902,0.357883452737224
0.103,0.5533980582524272,0.44660194174757284,0.35799649731693095
0.1035,0.5555555555555556,0.4444444444444444,0.3582749934837413
0.104,0.5528846153846154,0.4471153846153846,0.35878443982786123
0.1045,0.5502392344497608,0.44976076555023925,0.3591274275635625
0.105,0.5523809523809524,0.4476190476190476,0.3592894983441236
0.1055,0.5497630331753555,0.45023696682464454,0.359497042089987
0.106,0.5518867924528302,0.44811320754716977,0.35962310037364054
0.1065,0.5492957746478874,0.45070422535211263,0.3599452443172728
0.107,0.5514018691588785,0.44859813084112155,0.36030428750461735
0.1075,0.5488372093023256,0.4511627906976744,0.3604927750960029
0.108,0.5509259259259259,0.44907407407407407,0.3605396331969975
0.1085,0.5483870967741935,0.4516129032258065,0.36197004054431337
0.109,0.5504587155963303,0.4495412844036697,0.3619948969811783
0.1095,0.5525114155251142,0.4474885844748858,0.36262412570107283
0.11,0.5545454545454546,0.44545454545454544,0.3628707964913847
0.1105,0.5520361990950227,0.44796380090497734,0.36357656631867535
0.111,0.5540540540540541,0.44594594594594594,0.363697392619675
0.1115,0.5560538116591929,0.4439461883408071,0.3637997105006985
0.112,0.5580357142857143,0.4419642857142857,0.3638699922484303
0.1125,0.5555555555555556,0.4444444444444444,0.36387331008501167
0.113,0.5575221238938053,0.4424778761061947,0.3640202502282686
0.1135,0.5550660792951542,0.44493392070484583,0.3640728629857474
0.114,0.5570175438596491,0.4429824561403509,0.36424340222252954
0.1145,0.5589519650655022,0.44104803493449785,0.3642781354108272
0.115,0.5608695652173913,0.4391304347826087,0.3643160578796501
0.1155,0.5627705627705628,0.4372294372294372,0.36438613686115184
0.116,0.5646551724137931,0.43534482758620685,0.36458970657851375
0.1165,0.5665236051502146,0.4334763948497854,0.36472721569139244
0.117,0.5683760683760684,0.43162393162393164,0.3648231180551691
0.1175,0.5702127659574469,0.42978723404255315,0.36484383572807194
0.118,0.5720338983050848,0.4279661016949152,0.3649706377268584
0.1185,0.5738396624472574,0.42616033755274263,0.3650577566761246
0.119,0.5756302521008403,0.4243697478991597,0.3651359521253484
0.1195,0.5732217573221757,0.42677824267782427,0.36516387499410163
0.12,0.575,0.42500000000000004,0.3655462104854413
0.1205,0.5767634854771784,0.4232365145228216,0.36614414346982843
0.121,0.5743801652892562,0.4256198347107438,0.36676149910401035
0.1215,0.5761316872427984,0.4238683127572016,0.3667850438077966
0.122,0.5778688524590164,0.4221311475409836,0.36715167337127397
0.1225,0.5755102040816327,0.42448979591836733,0.3672841545124993
0.123,0.5772357723577236,0.4227642276422764,0.3674622295592557
0.1235,0.5789473684210527,0.42105263157894735,0.3676507306507333
0.124,0.5766129032258065,0.4233870967741935,0.3677022430518271
0.1245,0.5783132530120482,0.42168674698795183,0.3677792336894226
0.125,0.58,0.42000000000000004,0.36803515260555475
0.1255,0.5776892430278885,0.4223107569721115,0.36830311959556455
0.126,0.5793650793650794,0.4206349206349206,0.36899403076407816
0.1265,0.5810276679841897,0.4189723320158103,0.3694663895503811
0.127,0.5826771653543307,0.4173228346456693,0.3696494233302777
0.1275,0.5843137254901961,0.4156862745098039,0.3696580360037591
0.128,0.5859375,0.4140625,0.37068554874818976
0.1285,0.5836575875486382,0.41634241245136183,0.37110707230519546
0.129,0.5852713178294574,0.4147286821705426,0.37154260982213116
0.1295,0.5868725868725869,0.4131274131274131,0.37155147319070236
0.13,0.5884615384615385,0.4115384615384615,0.3718675041562799
0.1305,0.5862068965517241,0.4137931034482759,0.37189918441633824
0.131,0.5877862595419847,0.4122137404580153,0.37195790149601005
0.1315,0.5893536121673004,0.4106463878326996,0.3722454583170655
0.132,0.5909090909090909,0.40909090909090906,0.37233265032629825
0.1325,0.5886792452830188,0.41132075471698115,0.3728133574036674
0.133,0.5864661654135338,0.4135338345864662,0.3729363779526721
0.1335,0.5842696629213483,0.4157303370786517,0.3730833962729062
0.134,0.585820895522388,0.41417910447761197,0.37323558480065455
0.1345,0.587360594795539,0.41263940520446096,0.37323998046246154
0.135,0.5888888888888889,0.4111111111111111,0.37338767946631307
0.1355,0.5904059040590406,0.4095940959409594,0.3738938259402387
0.136,0.5919117647058824,0.40808823529411764,0.37462790483967123
0.1365,0.5934065934065934,0.4065934065934066,0.37493467882306963
0.137,0.5948905109489051,0.4051094890510949,0.3749576735768114
0.1375,0.5927272727272728,0.40727272727272723,0.3750261200407063
0.138,0.5942028985507246,0.4057971014492754,0.37564463454093994
0.1385,0.592057761732852,0.40794223826714804,0.37566564635550587
0.139,0.5935251798561151,0.4064748201438849,0.37583844427790686
0.1395,0.5949820788530465,0.40501792114695345,0.37612894984459644
0.14,0.5928571428571429,0.40714285714285714,0.37621348454158804
0.1405,0.594306049822064,0.40569395017793597,0.3764363886074904
0.141,0.5957446808510638,0.4042553191489362,0.3766141658763111
0.1415,0.5936395759717314,0.40636042402826855,0.37668286435865916
0.142,0.5915492957746479,0.4084507042253521,0.37677789070383555
0.1425,0.5929824561403508,0.40701754385964917,0.3779463458164166
0.143,0.5944055944055944,0.4055944055944056,0.3780113032505358
0.1435,0.5958188153310104,0.40418118466898956,0.3780420303740886
0.144,0.5972222222222222,0.4027777777777778,0.3781754906082645
0.1445,0.5951557093425606,0.40484429065743943,0.37837527931030973
0.145,0.593103448275862,0.40689655172413797,0.3786576724781423
0.1455,0.5945017182130584,0.4054982817869416,0.3789202998322161
0.146,0.5958904109589042,0.40410958904109584,0.3789277196066678
0.1465,0.5972696245733788,0.40273037542662116,0.3789310661541424
0.147,0.5986394557823129,0.4013605442176871,0.37902841025125933
0.1475,0.6,0.4,0.37914315185280795
0.148,0.6013513513513513,0.3986486486486487,0.3794326661011313
0.1485,0.5993265993265994,0.4006734006734006,0.3794739432752364
0.149,0.6006711409395973,0.3993288590604027,0.3796297799583888
0.1495,0.6020066889632107,0.39799331103678925,0.3796658184595036
0.15,0.6033333333333334,0.3966666666666666,0.38020988538516354
0.1505,0.6046511627906976,0.39534883720930236,0.38114421097675977
0.151,0.6059602649006622,0.39403973509933776,0.38133703106341427
0.1515,0.6039603960396039,0.39603960396039606,0.38134962614490214
0.152,0.6019736842105263,0.3980263157894737,0.3817836815811465
0.1525,0.6032786885245902,0.3967213114754098,0.3817998645032931
0.153,0.6013071895424836,0.39869281045751637,0.3822587720612631
0.1535,0.5993485342019544,0.40065146579804556,0.3825322802641709
0.154,0.6006493506493507,0.39935064935064934,0.38275979481401434
0.1545,0.598705501618123,0.40129449838187703,0.38293468010135756
0.155,0.6,0.4,0.3830178275921735
0.1555,0.5980707395498392,0.40192926045016075,0.38322012932634597
0.156,0.5993589743589743,0.40064102564102566,0.3836126461919476
0.1565,0.6006389776357828,0.3993610223642172,0.3838732382199313
0.157,0.6019108280254777,0.3980891719745223,0.38401265225770304
0.1575,0.6031746031746031,0.39682539682539686,0.3843319058366961
0.158,0.6044303797468354,0.39556962025316456,0.38437100483670156
0.1585,0.6056782334384858,0.3943217665615142,0.38445503581884444
0.159,0.6069182389937107,0.39308176100628933,0.38509653027411717
0.1595,0.6050156739811913,0.39498432601880873,0.3851773817856987
0.16,0.60625,0.39375000000000004,0.38519464950316584
0.1605,0.6074766355140186,0.39252336448598135,0.3854110083463278
0.161,0.6086956521739131,0.3913043478260869,0.38558285148143634
0.1615,0.6099071207430341,0.3900928792569659,0.3858255450846383
0.162,0.6111111111111112,0.38888888888888884,0.38597507458859687
0.1625,0.6123076923076923,0.38769230769230767,0.38599696561556224
0.163,0.6104294478527608,0.38957055214723924,0.38613129023882026
0.1635,0.6085626911314985,0.3914373088685015,0.3861663238734208
0.164,0.6067073170731707,0.3932926829268293,0.3863479584118711
0.1645,0.60790273556231,0.39209726443769,0.38636899897738763
0.165,0.6090909090909091,0.3909090909090909,0.38637773163976136
0.1655,0.6072507552870091,0.3927492447129909,0.3865891990194587
0.166,0.608433734939759,0.39156626506024095,0.3866665466842327
0.1665,0.6096096096096096,0.39039039039039036,0.38696262518757507
0.167,0.6107784431137725,0.3892215568862275,0.3869946641181969
0.1675,0.6119402985074627,0.3880597014925373,0.3870881715104872
0.168,0.6130952380952381,0.38690476190476186,0.3872292872527962
0.1685,0.6112759643916914,0.3887240356083086,0.38757008044808045
0.169,0.6094674556213018,0.3905325443786982,0.3876382460184812
0.1695,0.6076696165191741,0.39233038348082594,0.3883278343833831
0.17,0.6058823529411764,0.3941176470588236,0.3885186285539111
0.1705,0.6041055718475073,0.39589442815249265,0.3885490865000253
0.171,0.6023391812865497,0.39766081871345027,0.3886045036158601
0.1715,0.6034985422740525,0.39650145772594747,0.3890569436887476
0.172,0.6046511627906976,0.39534883720930236,0.3891682444691395
0.1725,0.6028985507246377,0.3971014492753623,0.3892832895190354
0.173,0.6011560693641619,0.3988439306358381,0.38928646782500326
0.1735,0.6023054755043228,0.3976945244956772,0.389333494431336
0.174,0.6005747126436781,0.3994252873563219,0.38946767896597834
0.1745,0.6017191977077364,0.3982808022922636,0.38983854651284783
0.175,0.6028571428571429,0.39714285714285713,0.3900024775506974
0.1755,0.6011396011396012,0.3988603988603988,0.3901581230214496
0.176,0.5994318181818182,0.40056818181818177,0.3903094145877701
0.1765,0.5977337110481586,0.40226628895184136,0.3905601999829507
0.177,0.5988700564971752,0.4011299435028248,0.3906213582687812
0.1775,0.6,0.4,0.39078754824458156
0.178,0.598314606741573,0.401685393258427,0.39081190977355856
0.1785,0.5966386554621849,0.40336134453781514,0.39104820677537283
0.179,0.5949720670391061,0.4050279329608939,0.3911885901097898
0.1795,0.5933147632311978,0.4066852367688022,0.391338761992693
0.18,0.5916666666666667,0.4083333333333333,0.3914885940859624
0.1805,0.590027700831025,0.40997229916897504,0.3916469126562236
0.181,0.5911602209944752,0.4088397790055248,0.39193039299811955
0.1815,0.5922865013774105,0.40771349862258954,0.391962380175415
0.182,0.5934065934065934,0.4065934065934066,0.3924282619855787
0.1825,0.5917808219178082,0.40821917808219177,0.392684644951533
0.183,0.5901639344262295,0.4098360655737705,0.3934487453289024
0.1835,0.5912806539509536,0.40871934604904636,0.3937092954308067
0.184,0.592391304347826,0.40760869565217395,0.39392433005958405
0.1845,0.5907859078590786,0.4092140921409214,0.393997829972284
0.185,0.5891891891891892,0.41081081081081083,0.394088111993982
0.1855,0.5876010781671159,0.41239892183288407,0.39415911910313456
0.186,0.5887096774193549,0.41129032258064513,0.3946017386631436
0.1865,0.5898123324396782,0.41018766756032177,0.3946680131458339
0.187,0.5909090909090909,0.40909090909090906,0.3948317865815931
0.1875,0.5893333333333334,0.4106666666666666,0.39498249894301224
0.188,0.5904255319148937,0.40957446808510634,0.39522391440070165
0.1885,0.5888594164456233,0.41114058355437666,0.39562236363082626
0.189,0.58994708994709,0.41005291005291,0.3957277873034385
0.1895,0.5910290237467019,0.40897097625329815,0.39577098263334226
0.19,0.5894736842105263,0.41052631578947374,0.3958075075351912
0.1905,0.5879265091863517,0.4120734908136483,0.39588714406214776
0.191,0.5863874345549738,0.4136125654450262,0.3962500534686532
0.1915,0.587467362924282,0.41253263707571797,0.3963014882474986
0.192,0.5885416666666666,0.41145833333333337,0.396370235970926
0.1925,0.587012987012987,0.412987012987013,0.39660737968370613
0.193,0.5880829015544041,0.4119170984455959,0.3966238124459276
0.1935,0.5891472868217055,0.4108527131782945,0.39665748587469063
0.194,0.5902061855670103,0.4097938144329897,0.3967556416302771
0.1945,0.5886889460154242,0.4113110539845758,0.3967792970909186
0.195,0.5897435897435898,0.41025641025641024,0.39688386782933094
0.1955,0.5882352941176471,0.4117647058823529,0.39696619320481785
0.196,0.5867346938775511,0.41326530612244894,0.3972477377421823
0.1965,0.5877862595419847,0.4122137404580153,0.39758436646964074
0.197,0.5888324873096447,0.41116751269035534,0.39760646530455784
0.1975,0.5873417721518988,0.41265822784810124,0.3978160228146834
0.198,0.5883838383838383,0.41161616161616166,0.3981928485377295
0.1985,0.5869017632241813,0.4130982367758187,0.39872187243328183
0.199,0.5879396984924623,0.4120603015075377,0.3989947254909785
0.1995,0.5889724310776943,0.41102756892230574,0.39913818901442
0.2,0.59,0.41000000000000003,0.3992857901920059
0.2005,0.5885286783042394,0.4114713216957606,0.39973328055900065
0.201,0.5895522388059702,0.4104477611940298,0.3997947411843436
0.2015,0.5905707196029777,0.4094292803970223,0.3999496404908348
0.202,0.5891089108910891,0.4108910891089109,0.4000753368817417
0.2025,0.5876543209876544,0.41234567901234565,0.4003686528160624
0.203,0.5886699507389163,0.41133004926108374,0.4003990305893794
0.2035,0.5872235872235873,0.41277641277641275,0.4004907164134666
0.204,0.5882352941176471,0.4117647058823529,0.4005524635442146
0.2045,0.589242053789731,0.41075794621026895,0.4008246148981033
0.205,0.5878048780487805,0.41219512195121955,0.4010661161430798
0.2055,0.5863746958637469,0.4136253041362531,0.4012684433754012
0.206,0.5849514563106796,0.4150485436893204,0.4018195147036172
0.2065,0.5835351089588378,0.41646489104116224,0.4022535192441739
0.207,0.5821256038647343,0.41787439613526567,0.4026115076323925
0.2075,0.5807228915662651,0.4192771084337349,0.40282875874414426
0.208,0.5817307692307693,0.4182692307692307,0.4029207795767231
0.2085,0.580335731414868,0.41966426858513195,0.40293134410739817
0.209,0.5789473684210527,0.42105263157894735,0.40299732059806176
0.2095,0.5799522673031027,0.4200477326968973,0.403431341119688
0.21,0.5785714285714286,0.4214285714285714,0.40359620214566244
0.2105,0.5771971496437055,0.4228028503562945,0.40362614699994237
0.211,0.5781990521327014,0.4218009478672986,0.4036919075871569
0.2115,0.5791962174940898,0.4208037825059102,0.404307290163061
0.212,0.5778301886792453,0.4221698113207547,0.4044849697221999
0.2125,0.5788235294117647,0.42117647058823526,0.4045403721439683
0.213,0.57981220657277,0.42018779342723,0.4045537377802255
0.2135,0.5807962529274004,0.41920374707259955,0.40471233791709427
0.214,0.5794392523364486,0.42056074766355145,0.40478390663894787
0.2145,0.5804195804195804,0.4195804195804196,0.40509127682364837
0.215,0.5790697674418605,0.42093023255813955,0.4052140856652335
0.2155,0.580046403712297,0.419953596287703,0.4056373733790722
0.216,0.5810185185185185,0.4189814814814815,0.4061890200784387
0.2165,0.5796766743648961,0.4203233256351039,0.40621007314312113
0.217,0.5806451612903226,0.4193548387096774,0.40667397777231096
0.2175,0.5816091954022988,0.41839080459770117,0.4073421364705275
0.218,0.5825688073394495,0.4174311926605505,0.40767359610422693
0.2185,0.5835240274599542,0.41647597254004576,0.4077017726404322
0.219,0.5821917808219178,0.4178082191780822,0.4078498147867581
0.2195,0.5808656036446469,0.4191343963553531,0.4081949526599587
0.22,0.5818181818181818,0.4181818181818182,0.4082795400673693
0.2205,0.5827664399092971,0.4172335600907029,0.4084308732302045
0.221,0.581447963800905,0.418552036199095,0.4084994393472429
0.2215,0.5801354401805869,0.41986455981941306,0.4096544119784277
0.222,0.5788288288288288,0.4211711711711712,0.40974490892494486
0.2225,0.5775280898876405,0.4224719101123595,0.4097533401069069
0.223,0.57847533632287,0.42152466367713004,0.4097750171416587
0.2235,0.5771812080536913,0.42281879194630867,0.4098553344263879
0.224,0.578125,0.421875,0.41020105337084467
0.2245,0.576837416481069,0.423162583518931,0.41020420054179857
0.225,0.5777777777777777,0.4222222222222223,0.41026694522116164
0.2255,0.5787139689578714,0.4212860310421286,0.4103585721490031
0.226,0.5796460176991151,0.42035398230088494,0.41045739108122614
0.2265,0.5805739514348786,0.41942604856512145,0.4106590539886173
0.227,0.5814977973568282,0.41850220264317184,0.41073695174811453
0.2275,0.5802197802197803,0.41978021978021973,0.4108189401190703
0.228,0.581140350877193,0.41885964912280704,0.41093260640434265
0.2285,0.5798687089715536,0.4201312910284464,0.41114516434788634
0.229,0.5786026200873362,0.4213973799126638,0.41135802420151935
0.2295,0.5773420479302832,0.4226579520697168,0.4113769480665117
0.23,0.5782608695652174,0.4217391304347826,0.41165560696914655
0.2305,0.579175704989154,0.42082429501084595,0.4117270142372084
0.231,0.577922077922078,0.42207792207792205,0.4118097095983763
0.2315,0.5788336933045356,0.4211663066954644,0.41191906867601036
0.232,0.5775862068965517,0.4224137931034483,0.4119306874763189
0.2325,0.5763440860215053,0.42365591397849467,0.4119412636221639
0.233,0.575107296137339,0.424892703862661,0.4120266389846646
0.2335,0.576017130620985,0.42398286937901497,0.41234634742078874
0.234,0.5747863247863247,0.42521367521367526,0.41254585313557646
0.2345,0.5756929637526652,0.4243070362473348,0.4127182670674967
0.235,0.5765957446808511,0.42340425531914894,0.41285179752805923
0.2355,0.5774946921443737,0.42250530785562634,0.4132912101290813
0.236,0.5783898305084746,0.4216101694915254,0.41398511795397
0.2365,0.5771670190274841,0.42283298097251587,0.4141748862980637
0.237,0.5780590717299579,0.42194092827004215,0.4144719065858091
0.2375,0.5789473684210527,0.42105263157894735,0.4147501580681732
0.238,0.5798319327731093,0.4201680672268907,0.41481142044385677
0.2385,0.5807127882599581,0.4192872117400419,0.4152486357667124
0.239,0.5794979079497908,0.42050209205020916,0.41535426102501155
0.2395,0.5782881002087683,0.4217118997912317,0.41536984478069156
0.24,0.5770833333333333,0.4229166666666667,0.4153703997524329
0.2405,0.5758835758835759,0.42411642411642414,0.41636555241005174
0.241,0.5746887966804979,0.4253112033195021,0.4168179554308665
0.2415,0.5734989648033126,0.42650103519668736,0.4168974574354197
0.242,0.5743801652892562,0.4256198347107438,0.41699102335340293
0.2425,0.5752577319587628,0.42474226804123716,0.41779501711693917
0.243,0.5740740740740741,0.42592592592592593,0.4178564367681982
0.2435,0.5749486652977412,0.42505133470225875,0.4178740436186077
0.244,0.5737704918032787,0.42622950819672134,0.4179632808955157
0.2445,0.5746421267893661,0.4253578732106339,0.41802016229517974
0.245,0.573469387755102,0.42653061224489797,0.418078910823474
0.2455,0.5723014256619144,0.42769857433808556,0.4190931851034533
0.246,0.5711382113821138,0.42886178861788615,0.4191531262819186
0.2465,0.5720081135902637,0.4279918864097363,0.4192866895480602
0.247,0.5728744939271255,0.4271255060728745,0.419340985173579
0.2475,0.5737373737373738,0.42626262626262623,0.42056586470888224
0.248,0.5725806451612904,0.42741935483870963,0.42103104609198627
0.2485,0.5714285714285714,0.4285714285714286,0.42103470046726243
0.249,0.572289156626506,0.42771084337349397,0.4218296184341703
0.2495,0.5711422845691383,0.4288577154308617,0.4219950018643156
0.25,0.57,0.43000000000000005,0.4220587436724388
0.2505,0.5708582834331337,0.4291417165668663,0.4222091941922432
0.251,0.5717131474103586,0.4282868525896414,0.4223238786412598
0.2515,0.5705765407554672,0.42942345924453285,0.42249271069511407
0.252,0.5714285714285714,0.4285714285714286,0.4225061592935387
0.2525,0.5722772277227722,0.42772277227722777,0.4225663547041455
0.253,0.5731225296442688,0.4268774703557312,0.4227849940733046
0.2535,0.571992110453649,0.42800788954635105,0.4232295837661923
0.254,0.5708661417322834,0.42913385826771655,0.4235419885020859
0.2545,0.5717092337917485,0.42829076620825146,0.42356969739178196
0.255,0.5705882352941176,0.4294117647058824,0.4235889962385013
0.2555,0.5694716242661448,0.43052837573385516,0.4238408724075986
0.256,0.568359375,0.431640625,0.42393126571899703
0.2565,0.5672514619883041,0.4327485380116959,0.4239815965718632
0.257,0.566147859922179,0.433852140077821,0.4240938779959766
0.2575,0.566990291262136,0.43300970873786404,0.42419414899994
0.258,0.5658914728682171,0.43410852713178294,0.4242081435011438
0.2585,0.5647969052224371,0.4352030947775629,0.42452763334931354
0.259,0.5656370656370656,0.4343629343629344,0.4247991371600714
0.2595,0.5645472061657033,0.4354527938342967,0.4251511470028371
0.26,0.5634615384615385,0.43653846153846154,0.4259435631877294
0.2605,0.5623800383877159,0.4376199616122841,0.42654429779779734
0.261,0.5613026819923371,0.4386973180076629,0.4269021255516505
0.2615,0.5621414913957935,0.4378585086042065,0.4274855937073414
0.262,0.5610687022900763,0.4389312977099237,0.42835343283618643
0.2625,0.56,0.43999999999999995,0.4284220116536007
0.263,0.55893536121673,0.44106463878326996,0.4285495917550678
0.2635,0.5578747628083491,0.44212523719165087,0.4285830776192424
0.264,0.5568181818181818,0.44318181818181823,0.4291422740569044
0.2645,0.555765595463138,0.444234404536862,0.42919930126253975
0.265,0.5547169811320755,0.44528301886792454,0.4295374956407573
0.2655,0.5555555555555556,0.4444444444444444,0.4296152975384722
0.266,0.556390977443609,0.443609022556391,0.4299917326787096
0.2665,0.5553470919324578,0.4446529080675422,0.43015391314097684
0.267,0.5543071161048689,0.44569288389513106,0.430555301150737
0.2675,0.5551401869158878,0.44485981308411215,0.4305594303650268
0.268,0.5541044776119403,0.44589552238805974,0.43085293823911763
0.2685,0.553072625698324,0.44692737430167595,0.43129447289053024
0.269,0.5520446096654275,0.44795539033457255,0.4318389418194461
0.2695,0.5510204081632653,0.44897959183673475,0.4319832652264523
0.27,0.55,0.44999999999999996,0.43202792846484994
0.2705,0.5489833641404805,0.45101663585951945,0.4321313328322674
0.271,0.5479704797047971,0.45202952029520294,0.43228560859189147
0.2715,0.5469613259668509,0.4530386740331491,0.4326000667168303
0.272,0.5459558823529411,0.4540441176470589,0.4329425563869186
0.2725,0.544954128440367,0.45504587155963305,0.433376744296858
0.273,0.5457875457875457,0.45421245421245426,0.43354864685646693
0.2735,0.5447897623400365,0.4552102376599635,0.4339898024144517
0.274,0.5437956204379562,0.45620437956204385,0.43416419218639074
0.2745,0.5428051001821493,0.45719489981785066,0.43427791405848215
0.275,0.5436363636363636,0.4563636363636364,0.4345096443771543
0.2755,0.542649727767695,0.45735027223230496,0.43456096271954847
0.276,0.5434782608695652,0.4565217391304348,0.43471233275337245
0.2765,0.5424954792043399,0.45750452079566006,0.43480531231760755
0.277,0.5415162454873647,0.45848375451263534,0.43481805311922955
0.2775,0.5405405405405406,0.45945945945945943,0.43482666270440246
0.278,0.539568345323741,0.460431654676259,0.4348373020963599
0.2785,0.5385996409335727,0.4614003590664273,0.43484402241879905
0.279,0.5376344086021505,0.4623655913978495,0.4350082404137732
0.2795,0.5384615384615384,0.46153846153846156,0.43528263518133414
0.28,0.5375,0.4625,0.4353735100117634
0.2805,0.5383244206773619,0.46167557932263814,0.43537518731112634
0.281,0.5373665480427047,0.4626334519572953,0.4355666441911872
0.2815,0.5364120781527532,0.46358792184724684,0.4358969963524712
0.282,0.5354609929078015,0.46453900709219853,0.4359649424769223
0.2825,0.5345132743362832,0.46548672566371685,0.43612681595346037
0.283,0.5353356890459364,0.4646643109540636,0.43656238236157713
0.2835,0.5361552028218695,0.46384479717813054,0.43660161367578515
0.284,0.5369718309859155,0.4630281690140845,0.4366890955085291
0.2845,0.5377855887521968,0.46221441124780316,0.4369620699629049
0.285,0.5368421052631579,0.4631578947368421,0.4372406051213356
0.2855,0.5359019264448336,0.4640980735551664,0.43735353202283606
0.286,0.5367132867132867,0.46328671328671334,0.43736458812551576
0.2865,0.5357766143106457,0.4642233856893543,0.4376065359724163
0.287,0.5365853658536586,0.46341463414634143,0.43763174210718053
0.2875,0.5373913043478261,0.4626086956521739,0.4377074157123804
0.288,0.5364583333333334,0.46354166666666663,0.4379498479733831
0.2885,0.5355285961871751,0.4644714038128249,0.4381038148020652
0.289,0.5363321799307958,0.46366782006920415,0.4381591321770752
0.2895,0.5354058721934369,0.46459412780656306,0.4382233699735471
0.29,0.5344827586206896,0.4655172413793104,0.4388458602680289
0.2905,0.5335628227194492,0.4664371772805508,0.43942307659970326
0.291,0.5326460481099656,0.46735395189003437,0.4394977868322585
0.2915,0.5317324185248714,0.4682675814751286,0.4399766314762931
0.292,0.5308219178082192,0.4691780821917808,0.44003546392813736
0.2925,0.5316239316239316,0.4683760683760684,0.44053621729045245
0.293,0.5307167235494881,0.46928327645051193,0.4421151207289106
0.2935,0.5298126064735945,0.4701873935264055,0.44231012873190734
0.294,0.5289115646258503,0.4710884353741497,0.4425671904335673
0.2945,0.5280135823429541,0.47198641765704585,0.4426927138940536
0.295,0.5271186440677966,0.4728813559322034,0.44345055697765773
0.2955,0.5279187817258884,0.47208121827411165,0.4444340140710299
0.296,0.527027027027027,0.472972972972973,0.4446910719030193
0.2965,0.5278246205733558,0.4721753794266442,0.444843383956875
0.297,0.5269360269360269,0.4730639730639731,0.44491838064927114
0.2975,0.5260504201680672,0.47394957983193275,0.4464388763098312
0.298,0.5268456375838926,0.4731543624161074,0.44665402585581737
0.2985,0.5276381909547738,0.4723618090452262,0.44670146306245506
0.299,0.5284280936454849,0.47157190635451507,0.44687264705661145
0.2995,0.5292153589315526,0.4707846410684474,0.4471860100985035
0.3,0.5283333333333333,0.4716666666666667,0.4481200295744437
0.3005,0.5274542429284526,0.47254575707154745,0.44814483480596207
0.301,0.526578073089701,0.47342192691029905,0.4483622698349303
0.3015,0.5257048092868989,0.4742951907131011,0.44960339811098776
0.302,0.5248344370860927,0.4751655629139073,0.4496594661364325
0.3025,0.5239669421487604,0.4760330578512396,0.44970112306126353
0.303,0.5247524752475248,0.4752475247524752,0.4499699995550316
0.3035,0.5255354200988468,0.4744645799011532,0.45038646953332095
0.304,0.5263157894736842,0.4736842105263158,0.45063647863718087
0.3045,0.5270935960591133,0.4729064039408867,0.4508878680793693
0.305,0.5262295081967213,0.4737704918032787,0.4509974543479662
0.3055,0.5270049099836334,0.47299509001636664,0.45109850943997215
0.306,0.5277777777777778,0.4722222222222222,0.4512242776266005
0.3065,0.5269168026101142,0.4730831973898858,0.4513534714590603
0.307,0.5260586319218241,0.4739413680781759,0.4515650563873708
0.3075,0.526829268292683,0.47317073170731705,0.45183384897758605
0.308,0.5275974025974026,0.4724025974025974,0.4519877939188986
0.3085,0.526742301458671,0.47325769854132904,0.45202988294659296
0.309,0.5275080906148867,0.4724919093851133,0.4523670825253856
0.3095,0.5282714054927302,0.4717285945072698,0.4527338406995719
0.31,0.5290322580645161,0.47096774193548385,0.4528633514365751
0.3105,0.5297906602254429,0.47020933977455714,0.4529448765922857
0.311,0.5289389067524116,0.4710610932475884,0.45316492003373576
0.3115,0.5296950240770465,0.4703049759229535,0.45359600765525027
0.312,0.5288461538461539,0.47115384615384615,0.45427755374105433
0.3125,0.528,0.472,0.4543796391887293
0.313,0.5271565495207667,0.47284345047923326,0.45509432655276066
0.3135,0.5279106858054227,0.47208931419457734,0.4553545037353469
0.314,0.5286624203821656,0.4713375796178344,0.45559498173404117
0.3145,0.5294117647058824,0.47058823529411764,0.45597294588949633
0.315,0.5285714285714286,0.4714285714285714,0.45613707293790723
0.3155,0.5293185419968305,0.4706814580031695,0.4564137212842652
0.316,0.5284810126582279,0.4715189873417721,0.45659178603374223
0.3165,0.5276461295418642,0.4723538704581358,0.4567613953740971
0.317,0.5283911671924291,0.47160883280757093,0.4568585113096297
0.3175,0.5291338582677165,0.47086614173228347,0.4571238275560115
0.318,0.5283018867924528,0.4716981132075472,0.45746790116283154
0.3185,0.5274725274725275,0.4725274725274725,0.4575071526266879
0.319,0.5282131661442007,0.47178683385579934,0.45764493468977063
0.3195,0.5289514866979655,0.47104851330203446,0.45813506044195995
0.32,0.5296875,0.4703125,0.4588203513021631
0.3205,0.5304212168486739,0.46957878315132606,0.4588861612157037
0.321,0.5295950155763239,0.47040498442367606,0.45938668043207603
0.3215,0.5303265940902022,0.4696734059097978,0.45943770748935037
0.322,0.531055900621118,0.46894409937888204,0.45979204745916624
0.3225,0.5317829457364341,0.46821705426356586,0.4599497467818567
0.323,0.5309597523219814,0.46904024767801855,0.46017708634465765
0.3235,0.5316846986089645,0.4683153013910355,0.4603653151536784
0.324,0.5308641975308642,0.4691358024691358,0.4604891183550978
0.3245,0.5315870570107858,0.4684129429892142,0.4606167641149806
0.325,0.5307692307692308,0.46923076923076923,0.46081507793052645
0.3255,0.5314900153609831,0.46850998463901694,0.46084817263389677
0.326,0.5322085889570553,0.46779141104294475,0.4609497933938826
0.3265,0.5329249617151608,0.4670750382848392,0.461386878780104
0.327,0.5321100917431193,0.4678899082568807,0.462062786598926
0.3275,0.5328244274809161,0.4671755725190839,0.4623838689283436
0.328,0.5320121951219512,0.4679878048780488,0.4626285334263332
0.3285,0.5312024353120244,0.4687975646879756,0.4635906203232877
0.329,0.5303951367781155,0.46960486322188455,0.4642368909758846
0.3295,0.5311077389984825,0.4688922610015175,0.46426076641922975
0.33,0.5318181818181819,0.46818181818181814,0.46429100675609225
0.3305,0.5325264750378215,0.46747352496217853,0.464360948890008
0.331,0.5317220543806647,0.46827794561933533,0.46519173755249654
0.3315,0.5324283559577677,0.4675716440422323,0.4661461182421027
0.332,0.5331325301204819,0.4668674698795181,0.46677495925511736
0.3325,0.5338345864661654,0.46616541353383456,0.46752082877443424
0.333,0.5330330330330331,0.46696696696696693,0.4675926762957923
0.3335,0.5337331334332833,0.4662668665667167,0.4679184123067989
0.334,0.5329341317365269,0.46706586826347307,0.4684633546818372
0.3345,0.5321375186846039,0.4678624813153961,0.4686184949759936
0.335,0.5313432835820896,0.4686567164179104,0.46937608430479366
0.3355,0.5320417287630402,0.46795827123695977,0.46951649939967866
0.336,0.53125,0.46875,0.46971492242387675
0.3365,0.5304606240713224,0.46953937592867756,0.46989508504476885
0.337,0.5311572700296736,0.4688427299703264,0.47028841647525016
0.3375,0.5318518518518518,0.4681481481481482,0.4703668695790618
0.338,0.5310650887573964,0.46893491124260356,0.47091199256801314
0.3385,0.5317577548005908,0.46824224519940916,0.47126161381619625
0.339,0.5309734513274337,0.4690265486725663,0.47135719305140855
0.3395,0.5301914580265096,0.4698085419734904,0.47142010942917123
0.34,0.5308823529411765,0.46911764705882353,0.4718871645622324
0.3405,0.5315712187958884,0.4684287812041116,0.47236494597089673
0.341,0.532258064516129,0.467741935483871,0.47257265324840864
0.3415,0.5314787701317716,0.4685212298682284,0.47281017373064455
0.342,0.5321637426900585,0.4678362573099415,0.4750698182196443
0.3425,0.5328467153284672,0.46715328467153283,0.475120910051433
0.343,0.532069970845481,0.467930029154519,0.47637309190140853
0.3435,0.5327510917030568,0.4672489082969432,0.4763733129629033
0.344,0.5319767441860465,0.46802325581395354,0.4774627024764778
0.3445,0.5312046444121916,0.4687953555878084,0.47813780499600494
0.345,0.5318840579710145,0.46811594202898554,0.4799903657551938
0.3455,0.5311143270622286,0.4688856729377714,0.4811175604057509
0.346,0.5303468208092486,0.46965317919075145,0.48126411637676075
0.3465,0.5295815295815296,0.4704184704184704,0.48151819471090584
0.347,0.5288184438040345,0.47118155619596547,0.4815356230323652
0.3475,0.5280575539568345,0.4719424460431655,0.4819995948180767
0.348,0.5272988505747126,0.4727011494252874,0.4825483464250764
0.3485,0.5265423242467718,0.47345767575322817,0.48271759746255893
0.349,0.5257879656160458,0.4742120343839542,0.48299467752651765
0.3495,0.525035765379113,0.474964234620887,0.4831241679389734
0.35,0.5257142857142857,0.4742857142857143,0.48318475507005726
0.3505,0.5263908701854494,0.4736091298145506,0.48346449473034414
0.351,0.5270655270655271,0.4729344729344729,0.483548154732491
0.3515,0.5277382645803699,0.4722617354196301,0.48386597044856244
0.352,0.5269886363636364,0.47301136363636365,0.484080675818137
0.3525,0.5276595744680851,0.4723404255319149,0.4843736291088401
0.353,0.5269121813031161,0.4730878186968839,0.48458623053882366
0.3535,0.5261669024045261,0.4738330975954739,0.48477394487976744
0.354,0.5268361581920904,0.4731638418079096,0.48496812784215065
0.3545,0.5275035260930888,0.4724964739069112,0.48507354526367596
0.355,0.528169014084507,0.471830985915493,0.48708309133697547
0.3555,0.5288326300984529,0.47116736990154706,0.48709095113944595
0.356,0.5294943820224719,0.4705056179775281,0.4872015212985138
0.3565,0.5301542776998598,0.4698457223001402,0.4872155991861394
0.357,0.530812324929972,0.469187675070028,0.4891414851693404
0.3575,0.5314685314685315,0.46853146853146854,0.4893867877786571
0.358,0.5307262569832403,0.4692737430167597,0.48965841246812725
0.3585,0.5299860529986054,0.47001394700139465,0.49039744991762874
0.359,0.5306406685236769,0.46935933147632314,0.49073668327248654
0.3595,0.5299026425591099,0.4700973574408901,0.4911334102031605
0.36,0.5305555555555556,0.46944444444444444,0.49226507793462554
0.3605,0.5312066574202496,0.46879334257975036,0.49239965592999174
0.361,0.5318559556786704,0.4681440443213296,0.49249734404027723
0.3615,0.5311203319502075,0.46887966804979253,0.49289894227836284
0.362,0.5303867403314917,0.4696132596685083,0.4930173835657543
0.3625,0.5310344827586206,0.46896551724137936,0.4933250507343569
0.363,0.5303030303030303,0.4696969696969697,0.4943604457996888
0.3635,0.5295735900962861,0.47042640990371387,0.4949669328231936
0.364,0.5288461538461539,0.47115384615384615,0.49643884900753155
0.3645,0.5294924554183813,0.4705075445816187,0.49690043902313713
0.365,0.5287671232876713,0.4712328767123287,0.49727501634469273
0.3655,0.5294117647058824,0.47058823529411764,0.49973981695071257
0.366,0.5300546448087432,0.4699453551912568,0.5000751611642538
0.3665,0.529331514324693,0.47066848567530695,0.50055950842962
0.367,0.5286103542234333,0.4713896457765667,0.5008645210303678
0.3675,0.5292517006802722,0.47074829931972784,0.5017763538333975
0.368,0.5285326086956522,0.4714673913043478,0.5022336020560589
0.3685,0.5278154681139756,0.4721845318860244,0.502629320731135
0.369,0.5284552845528455,0.4715447154471545,0.504122539939823
0.3695,0.5290933694181326,0.47090663058186744,0.504947757040924
0.37,0.5297297297297298,0.47027027027027024,0.5080570933391418
0.3705,0.5303643724696356,0.46963562753036436,0.5082140976731062
0.371,0.5296495956873315,0.4703504043126685,0.5086519320616976
0.3715,0.5302826379542396,0.4697173620457604,0.5088187889244953
0.372,0.5309139784946236,0.46908602150537637,0.508950583593704
0.3725,0.5302013422818792,0.4697986577181208,0.5090821414723017
0.373,0.5294906166219839,0.47050938337801607,0.5097092608934722
0.3735,0.5287817938420348,0.47121820615796517,0.5097106062193837
0.374,0.5280748663101604,0.47192513368983957,0.5107892017818685
0.3745,0.5287049399198932,0.4712950600801068,0.5109381900241055
0.375,0.528,0.472,0.5119024662666549
0.3755,0.5272969374167776,0.47270306258322237,0.5119485883216532
0.376,0.5279255319148937,0.47207446808510634,0.5122477958903116
0.3765,0.5285524568393094,0.4714475431606906,0.5122990813551597
0.377,0.5291777188328912,0.4708222811671088,0.512599256405931
0.3775,0.528476821192053,0.47152317880794703,0.5127103501020183
0.378,0.5277777777777778,0.4722222222222222,0.5127799040659591
0.3785,0.5284015852047557,0.47159841479524434,0.5128089320925934
0.379,0.5277044854881267,0.47229551451187335,0.5128686053954137
0.3795,0.52832674571805,0.47167325428194995,0.5131220286710099
0.38,0.5276315789473685,0.47236842105263155,0.5134275529286046
0.3805,0.5282522996057819,0.4717477003942181,0.5135884283465517
0.381,0.5275590551181102,0.4724409448818898,0.5139814908774363
0.3815,0.526867627785059,0.473132372214941,0.5140263795525134
0.382,0.5274869109947644,0.4725130890052356,0.5140955544812051
0.3825,0.526797385620915,0.47320261437908495,0.5140958312584154
0.383,0.5274151436031331,0.47258485639686687,0.5141880263747406
0.3835,0.5267275097783573,0.47327249022164275,0.5144065323685555
0.384,0.52734375,0.47265625,0.5144456891576007
0.3845,0.5266579973992198,0.4733420026007802,0.5149169530971176
0.385,0.525974025974026,0.474025974025974,0.5152054073608625
0.3855,0.5252918287937743,0.47470817120622566,0.5153045998546619
0.386,0.5246113989637305,0.47538860103626945,0.5154810384010537
0.3865,0.5239327296248383,0.4760672703751617,0.5156111278254986
0.387,0.5232558139534884,0.4767441860465116,0.5163081302213658
0.3875,0.5238709677419355,0.47612903225806447,0.5163770775447386
0.388,0.5231958762886598,0.4768041237113402,0.5164775934463487
0.3885,0.5225225225225225,0.4774774774774775,0.5171198060932791
0.389,0.5218508997429306,0.47814910025706936,0.517344171094742
0.3895,0.5224646983311938,0.4775353016688062,0.5174338722681195
0.39,0.5230769230769231,0.4769230769230769,0.5179248839178512
0.3905,0.5224071702944942,0.47759282970550576,0.518231111175413
0.391,0.5217391304347826,0.4782608695652174,0.5182934929761811
0.3915,0.5210727969348659,0.47892720306513414,0.5184092492672322
0.392,0.5204081632653061,0.47959183673469385,0.5184964853889735
0.3925,0.5197452229299363,0.4802547770700637,0.5186927602462006
0.393,0.5190839694656488,0.48091603053435117,0.5187173086924478
0.3935,0.5196950444726811,0.4803049555273189,0.5190852372916464
0.394,0.5203045685279187,0.47969543147208127,0.5202448406534169
0.3945,0.5196451204055766,0.48035487959442336,0.5203336848920767
0.395,0.5189873417721519,0.4810126582278481,0.5208797901848006
0.3955,0.5183312262958281,0.48166877370417194,0.5211470928373696
0.396,0.5189393939393939,0.4810606060606061,0.5214688071308637
0.3965,0.5182849936948297,0.4817150063051703,0.5216701694192662
0.397,0.5188916876574308,0.48110831234256923,0.5217363121924805
0.3975,0.519496855345912,0.48050314465408805,0.5222390276228382
0.398,0.5188442211055276,0.48115577889447236,0.5227806511274089
0.3985,0.5181932245922208,0.48180677540777916,0.5227833887338054
0.399,0.5175438596491229,0.48245614035087714,0.522829843770472
0.3995,0.5168961201501877,0.4831038798498123,0.5232386307196014
0.4,0.51625,0.48375,0.5233881111520469
0.4005,0.5156054931335831,0.48439450686641694,0.523431414380744
0.401,0.5149625935162094,0.48503740648379057,0.5234569626101248
0.4015,0.5155666251556662,0.4844333748443338,0.5237164894559381
0.402,0.5149253731343284,0.4850746268656716,0.5238162417441729
0.4025,0.5142857142857142,0.48571428571428577,0.5238278218447323
0.403,0.5148883374689827,0.48511166253101734,0.5239335949391013
0.4035,0.5142503097893433,0.4857496902106567,0.5241469388657324
0.404,0.5136138613861386,0.4863861386138614,0.5242715332243104
0.4045,0.5129789864029666,0.4870210135970334,0.5245260019173239
0.405,0.5123456790123457,0.48765432098765427,0.5246887895581323
0.4055,0.5117139334155364,0.4882860665844636,0.52496068875906
0.406,0.5123152709359606,0.48768472906403937,0.5250432518149204
0.4065,0.5116851168511685,0.48831488314883154,0.5251104988424256
0.407,0.5110565110565111,0.48894348894348894,0.5251146678581133
0.4075,0.5116564417177915,0.48834355828220855,0.5251746405542659
0.408,0.5122549019607843,0.48774509803921573,0.525292180372015
0.4085,0.5128518971848225,0.4871481028151775,0.5254598676820599
0.409,0.5134474327628362,0.4865525672371638,0.5256185148760097
0.4095,0.514041514041514,0.485958485958486,0.5256615276855314
0.41,0.5134146341463415,0.4865853658536585,0.5258623091670314
0.4105,0.5140073081607796,0.48599269183922045,0.5259030842260296
0.411,0.5145985401459854,0.4854014598540146,0.5260104442283573
0.4115,0.5139732685297691,0.4860267314702309,0.5261882672723133
0.412,0.5133495145631068,0.48665048543689315,0.526469169977041
0.4125,0.5127272727272727,0.4872727272727273,0.5265984429041402
0.413,0.5121065375302664,0.48789346246973364,0.5268791221266385
0.4135,0.5114873035066505,0.4885126964933495,0.5269089842057091
0.414,0.5120772946859904,0.4879227053140096,0.5269138778938917
0.4145,0.51145958986731,0.48854041013269,0.5269626546462123
0.415,0.5120481927710844,0.4879518072289156,0.5270470305867162
0.4155,0.5126353790613718,0.4873646209386282,0.5273160001607383
0.416,0.5120192307692307,0.4879807692307693,0.5274256014946608
0.4165,0.5114045618247299,0.48859543817527007,0.5275106443037683
0.417,0.5107913669064749,0.48920863309352514,0.5278038555842517
0.4175,0.5101796407185629,0.4898203592814371,0.5279228145603833
0.418,0.5107655502392344,0.4892344497607656,0.5281809471220889
0.4185,0.5101553166069295,0.4898446833930705,0.5281967177632898
0.419,0.5107398568019093,0.48926014319809075,0.5285073717222784
0.4195,0.5101311084624554,0.48986889153754465,0.5293101210291244
0.42,0.5107142857142857,0.4892857142857143,0.5293233502286647
0.4205,0.5101070154577884,0.48989298454221164,0.5293946482569402
0.421,0.5095011876484561,0.4904988123515439,0.529489234507802
0.4215,0.5100830367734283,0.48991696322657174,0.5295594551095445
0.422,0.5106635071090048,0.48933649289099523,0.52957351715251
0.4225,0.5112426035502958,0.4887573964497042,0.5301450925013509
0.423,0.5106382978723404,0.4893617021276596,0.5304279678639903
0.4235,0.5112160566706021,0.4887839433293979,0.5304445545459316
0.424,0.5117924528301887,0.4882075471698113,0.5304796632825635
0.4245,0.5111896348645465,0.4888103651354535,0.5305665448325992
0.425,0.5105882352941177,0.4894117647058823,0.5308409944255457
0.4255,0.5099882491186839,0.4900117508813161,0.5310181304804584
0.426,0.5093896713615024,0.49061032863849763,0.5310458168755032
0.4265,0.5099648300117233,0.4900351699882767,0.5313157196841929
0.427,0.509367681498829,0.49063231850117095,0.5315385638597696
0.4275,0.5087719298245614,0.49122807017543857,0.5315444363427706
0.428,0.5093457943925234,0.49065420560747663,0.5317139888329526
0.4285,0.5087514585764294,0.49124854142357055,0.5317345404016702
0.429,0.5093240093240093,0.49067599067599066,0.5321399716897984
0.4295,0.5087310826542492,0.49126891734575084,0.5326220671640085
0.43,0.5081395348837209,0.4918604651162791,0.5326991083493591
0.4305,0.5075493612078978,0.49245063879210216,0.532802093311074
0.431,0.5081206496519721,0.4918793503480279,0.533020234186973
0.4315,0.507531865585168,0.49246813441483195,0.5331427935191533
0.432,0.5081018518518519,0.49189814814814814,0.5332929363223256
0.4325,0.5086705202312138,0.49132947976878616,0.5335824662034958
0.433,0.5080831408775982,0.4919168591224018,0.5338410130344198
0.4335,0.5086505190311419,0.4913494809688581,0.534198751763411
0.434,0.5080645161290323,0.49193548387096775,0.5342849684487321
0.4345,0.5074798619102416,0.49252013808975836,0.5343305159292888
0.435,0.506896551724138,0.49310344827586206,0.5343797556770766
0.4355,0.5074626865671642,0.4925373134328358,0.5346921594643601
0.436,0.5080275229357798,0.4919724770642202,0.5348577527056543
0.4365,0.5085910652920962,0.4914089347079038,0.5349152804714629
0.437,0.5080091533180778,0.49199084668192217,0.5350501582700562
0.4375,0.5074285714285715,0.49257142857142855,0.5353011572994106
0.438,0.5068493150684932,0.4931506849315068,0.5353121891295842
0.4385,0.507411630558723,0.49258836944127704,0.5356534728281235
0.439,0.5079726651480638,0.49202733485193617,0.535791773668617
0.4395,0.5073947667804323,0.49260523321956773,0.5359094927473237
0.44,0.5079545454545454,0.49204545454545456,0.5359437314490756
0.4405,0.5073779795686719,0.4926220204313281,0.5363202770566506
0.441,0.5079365079365079,0.4920634920634921,0.5368505719488026
0.4415,0.507361268403171,0.492638731596829,0.5368978088811208
0.442,0.5067873303167421,0.49321266968325794,0.5374636051599102
0.4425,0.5073446327683616,0.4926553672316384,0.5375050731444098
0.443,0.5079006772009029,0.49209932279909707,0.5375210544378539
0.4435,0.5084554678692221,0.49154453213077787,0.5375827927093558
0.444,0.509009009009009,0.49099099099099097,0.537864263835617
0.4445,0.5084364454443194,0.49156355455568057,0.5382597145844149
0.445,0.5078651685393258,0.49213483146067416,0.5383827520811948
0.4455,0.5084175084175084,0.49158249158249157,0.5385214943298671
0.446,0.507847533632287,0.49215246636771304,0.538602066068636
0.4465,0.5072788353863382,0.4927211646136618,0.5386264210620195
0.447,0.5067114093959731,0.49328859060402686,0.5386658002018438
0.4475,0.5072625698324023,0.49273743016759775,0.5387747756625763
0.448,0.5066964285714286,0.4933035714285714,0.538972112056421
0.4485,0.5061315496098104,0.49386845039018956,0.538976978068382
0.449,0.5066815144766147,0.4933184855233853,0.5389865970082305
0.4495,0.5072302558398221,0.49276974416017794,0.5392295193445151
0.45,0.5066666666666667,0.4933333333333333,0.5392392991665019
0.4505,0.5072142064372919,0.49278579356270813,0.5392851687604576
0.451,0.5077605321507761,0.4922394678492239,0.5397373096700897
0.4515,0.5071982281284607,0.4928017718715393,0.5397450540036854
0.452,0.5066371681415929,0.4933628318584071,0.5397917151534467
0.4525,0.5060773480662983,0.49392265193370166,0.5410271089951668
0.453,0.5055187637969095,0.4944812362030905,0.5410337514276543
0.4535,0.5060639470782801,0.49393605292171994,0.5411304462656601
0.454,0.5055066079295154,0.4944933920704846,0.5413634361865794
0.4545,0.506050605060506,0.49394939493949397,0.5415135384805981
0.455,0.5054945054945055,0.4945054945054945,0.541610983663146
0.4555,0.5049396267837541,0.49506037321624585,0.5418437041946098
0.456,0.5054824561403509,0.4945175438596491,0.5421756874327288
0.4565,0.5049288061336255,0.49507119386637455,0.5422466983898768
0.457,0.5054704595185996,0.4945295404814004,0.5426978876735626
0.4575,0.5049180327868853,0.4950819672131147,0.5427664099561699
0.458,0.5054585152838428,0.4945414847161572,0.5430491324497357
0.4585,0.5059978189749182,0.49400218102508175,0.5430666564808715
0.459,0.5065359477124183,0.4934640522875817,0.5431225703560727
0.4595,0.5070729053318824,0.49292709466811757,0.5432352521711695
0.46,0.5076086956521739,0.4923913043478261,0.5434824301710826
0.4605,0.507057546145494,0.49294245385450597,0.5437322737873378
0.461,0.5075921908893709,0.4924078091106291,0.5438319558435035
0.4615,0.5070422535211268,0.49295774647887325,0.5440418338321391
0.462,0.5064935064935064,0.49350649350649356,0.5442147303813704
0.4625,0.505945945945946,0.494054054054054,0.5443544319033098
0.463,0.5053995680345572,0.4946004319654428,0.5445605494899305
0.4635,0.5048543689320388,0.49514563106796117,0.5446129600773282
0.464,0.5043103448275862,0.4956896551724138,0.5447407378772846
0.4645,0.503767491926803,0.49623250807319697,0.5447720750592097
0.465,0.5043010752688172,0.4956989247311828,0.5449414708820162
0.4655,0.5048335123523093,0.49516648764769067,0.5449801624064172
0.466,0.5053648068669528,0.49463519313304716,0.5449981545804077
0.4665,0.5058949624866024,0.4941050375133976,0.5450091038332445
0.467,0.5064239828693791,0.49357601713062094,0.5450131266856568
0.4675,0.506951871657754,0.493048128342246,0.5450425274865406
0.468,0.5064102564102564,0.4935897435897436,0.5451950949775624
0.4685,0.5069370330843116,0.4930629669156884,0.5452132296285633
0.469,0.5063965884861408,0.4936034115138592,0.5453175451707233
0.4695,0.5069222577209798,0.49307774227902024,0.5453793917715377
0.47,0.5074468085106383,0.4925531914893617,0.5453921696315717
0.4705,0.5079702444208289,0.49202975557917106,0.545688052171448
0.471,0.5084925690021231,0.49150743099787686,0.5456891710848476
0.4715,0.5079533404029692,0.49204665959703076,0.5457193718283587
0.472,0.5074152542372882,0.49258474576271183,0.5458238149674404
0.4725,0.5079365079365079,0.4920634920634921,0.5459163930886535
0.473,0.507399577167019,0.492600422832981,0.5460283237254008
0.4735,0.5068637803590285,0.49313621964097154,0.5460665998448284
0.474,0.5063291139240507,0.49367088607594933,0.5462517738713686
0.4745,0.5068493150684932,0.4931506849315068,0.5463737435301402
0.475,0.5063157894736842,0.49368421052631584,0.5464308386354799
0.4755,0.5068349106203995,0.49316508937960046,0.5465714646522395
0.476,0.5073529411764706,0.49264705882352944,0.5467327591960889
0.4765,0.5078698845750262,0.49213011542497376,0.5468309996862171
0.477,0.5073375262054507,0.4926624737945493,0.5468323500266123
0.4775,0.5078534031413613,0.4921465968586387,0.5468430978943652
0.478,0.5083682008368201,0.4916317991631799,0.5469009658312675
0.4785,0.5088819226750261,0.4911180773249739,0.5469061837454829
0.479,0.5083507306889353,0.4916492693110647,0.546980538205886
0.4795,0.5078206465067779,0.49217935349322206,0.5469972994165342
0.48,0.5083333333333333,0.4916666666666667,0.547509634702789
0.4805,0.5088449531737773,0.4911550468262227,0.5477647674332077
0.481,0.5083160083160083,0.4916839916839917,0.5478931087478283
0.4815,0.5088265835929388,0.49117341640706125,0.5481801054870875
0.482,0.508298755186722,0.49170124481327804,0.5482313364163944
0.4825,0.5088082901554404,0.4911917098445596,0.5482938840184162
0.483,0.5082815734989649,0.49171842650103514,0.5483657289332735
0.4835,0.5077559462254395,0.4922440537745605,0.5484474834997556
0.484,0.5082644628099173,0.49173553719008267,0.5484742181815987
0.4845,0.5087719298245614,0.49122807017543857,0.5485203507034937
0.485,0.5092783505154639,0.4907216494845361,0.5485594912522694
0.4855,0.5087538619979403,0.49124613800205974,0.5486253289417142
0.486,0.5092592592592593,0.4907407407407407,0.5486730777032061
0.4865,0.5087358684480987,0.4912641315519013,0.549147397585571
0.487,0.5092402464065708,0.49075975359342916,0.5491598557736816
0.4875,0.5087179487179487,0.49128205128205127,0.5499150149554338
0.488,0.5081967213114754,0.4918032786885246,0.5500919927474928
0.4885,0.5087001023541453,0.4912998976458547,0.5501555454748004
0.489,0.5081799591002045,0.4918200408997955,0.5502170513159135
0.4895,0.508682328907048,0.491317671092952,0.5502485435222844
0.49,0.5091836734693878,0.49081632653061225,0.550403167185485
0.4905,0.508664627930683,0.491335372069317,0.5505851003770024
0.491,0.5091649694501018,0.4908350305498982,0.5506475817350536
0.4915,0.508646998982706,0.49135300101729396,0.5507236654790002
0.492,0.5091463414634146,0.49085365853658536,0.5508477740062219
0.4925,0.5086294416243655,0.4913705583756345,0.5509098022797886
0.493,0.5081135902636917,0.49188640973630826,0.5509778147092266
0.4935,0.5086119554204661,0.4913880445795339,0.5509944058457281
0.494,0.5080971659919028,0.4919028340080972,0.5510283962673974
0.4945,0.5085945399393327,0.4914054600606673,0.5511034318675259
0.495,0.5080808080808081,0.49191919191919187,0.5511053484419537
0.4955,0.5075681130171544,0.49243188698284557,0.5511376744905914
0.496,0.5080645161290323,0.49193548387096775,0.5511854437543531
0.4965,0.5085599194360524,0.4914400805639476,0.5512509631103857
0.497,0.5080482897384306,0.49195171026156936,0.5513315415830522
0.4975,0.507537688442211,0.49246231155778897,0.5513506986222942
0.498,0.5070281124497992,0.4929718875502008,0.5514677007373636
0.4985,0.5075225677031093,0.49247743229689067,0.5514895881956328
0.499,0.5070140280561122,0.4929859719438878,0.5515076965275689
0.4995,0.5065065065065065,0.4934934934934935,0.5515318764037168
0.5,0.507,0.493,0.5516374627916347
0.5005,0.5064935064935064,0.49350649350649356,0.5518184662940033
0.501,0.5059880239520959,0.49401197604790414,0.5518217250850568
0.5015,0.5054835493519442,0.4945164506480558,0.5519562591778316
0.502,0.5049800796812749,0.4950199203187251,0.5519708936669003
0.5025,0.5044776119402985,0.4955223880597015,0.5519723621507873
0.503,0.5049701789264414,0.49502982107355864,0.5522195655278723
0.5035,0.5054617676266137,0.49453823237338634,0.5526006154536698
0.504,0.5049603174603174,0.49503968253968256,0.5526666672402438
0.5045,0.5054509415262636,0.4945490584737364,0.5528199032222265
0.505,0.505940594059406,0.49405940594059405,0.5528326858081538
0.5055,0.506429277942631,0.49357072205736896,0.5528628666878045
0.506,0.5059288537549407,0.4940711462450593,0.552896919949698
0.5065,0.5054294175715696,0.49457058242843044,0.5529048826377181
0.507,0.5059171597633136,0.49408284023668636,0.552943919846038
0.5075,0.5054187192118227,0.4945812807881773,0.5529609604023313
0.508,0.5049212598425197,0.4950787401574803,0.5529614732979227
0.5085,0.5054080629301868,0.4945919370698132,0.552968232389662
0.509,0.5058939096267191,0.4941060903732809,0.553097433306937
0.5095,0.5063788027477919,0.4936211972522081,0.5531467824561929
0.51,0.5058823529411764,0.49411764705882355,0.5532157727034565
0.5105,0.5053868756121449,0.4946131243878551,0.553221997995549
0.511,0.5048923679060665,0.4951076320939335,0.553328374516256
0.5115,0.5043988269794721,0.49560117302052786,0.5536556850261758
0.512,0.5048828125,0.4951171875,0.5537921605541019
0.5125,0.5053658536585366,0.4946341463414634,0.5538115825812566
0.513,0.5058479532163743,0.4941520467836257,0.5539189824553504
0.5135,0.5063291139240507,0.49367088607594933,0.5539477472825298
0.514,0.5068093385214008,0.49319066147859925,0.554213963376101
0.5145,0.5072886297376094,0.49271137026239065,0.5543689563144242
0.515,0.5067961165048543,0.49320388349514566,0.5543813678319238
0.5155,0.507274490785645,0.492725509214355,0.5544088495976506
0.516,0.5077519379844961,0.49224806201550386,0.5544370267002305
0.5165,0.5072604065827686,0.4927395934172314,0.554527383001306
0.517,0.5067698259187621,0.4932301740812379,0.5546850424933314
0.5175,0.5072463768115942,0.49275362318840576,0.5546987107793033
0.518,0.5077220077220077,0.4922779922779923,0.5547043259490199
0.5185,0.5081967213114754,0.4918032786885246,0.5548728955263389
0.519,0.5077071290944123,0.4922928709055877,0.5549283198202016
0.5195,0.507218479307026,0.492781520692974,0.5549472105603733
0.52,0.5067307692307692,0.4932692307692308,0.5550457254645452
0.5205,0.5062439961575408,0.4937560038424592,0.5551181398868688
0.521,0.5057581573896354,0.49424184261036463,0.555137690997903
0.5215,0.5062320230105465,0.4937679769894535,0.5552169367962624
0.522,0.5057471264367817,0.49425287356321834,0.5552238222209904
0.5225,0.5052631578947369,0.49473684210526314,0.5552660630407504
0.523,0.5047801147227533,0.4952198852772467,0.5554023015626744
0.5235,0.504297994269341,0.49570200573065903,0.5554986502805868
0.524,0.5038167938931297,0.4961832061068703,0.5555693446621168
0.5245,0.5033365109628217,0.4966634890371783,0.555585054584938
0.525,0.5038095238095238,0.4961904761904762,0.5555928608564202
0.5255,0.5042816365366318,0.4957183634633682,0.5556816926972347
0.526,0.5047528517110266,0.4952471482889734,0.555721134720163
0.5265,0.5052231718898386,0.49477682811016144,0.555867287808064
0.527,0.5047438330170778,0.4952561669829222,0.5558915952539001
0.5275,0.5042654028436019,0.4957345971563981,0.5559716099205866
0.528,0.5047348484848485,0.4952651515151515,0.5560695561532779
0.5285,0.5042573320719016,0.4957426679280984,0.5562166706759646
0.529,0.504725897920605,0.49527410207939504,0.5562834879428384
0.5295,0.5042492917847026,0.49575070821529743,0.5563047935376008
0.53,0.5047169811320755,0.4952830188679245,0.5563323687477115
0.5305,0.5051837888784166,0.49481621112158336,0.5563921387754065
0.531,0.5056497175141242,0.49435028248587576,0.5565523984878396
0.5315,0.5061147695202258,0.4938852304797742,0.5566173733673327
0.532,0.506578947368421,0.493421052631579,0.5566211553597911
0.5325,0.5061032863849765,0.4938967136150235,0.5567121070891965
0.533,0.5065666041275797,0.4934333958724203,0.5567437382006759
0.5335,0.507029053420806,0.49297094657919405,0.5567553328669501
0.534,0.5074906367041199,0.49250936329588013,0.556963837452675
0.5345,0.5079513564078578,0.4920486435921422,0.556973625950653
0.535,0.5074766355140187,0.49252336448598133,0.5569737703679825
0.5355,0.5079365079365079,0.4920634920634921,0.5570146847989063
0.536,0.5074626865671642,0.4925373134328358,0.5570651823856968
0.5365,0.5069897483690587,0.49301025163094125,0.5570827086910355
0.537,0.5074487895716946,0.4925512104283054,0.5571420367521698
0.5375,0.5069767441860465,0.49302325581395345,0.5573711731092237
0.538,0.5065055762081785,0.4934944237918215,0.5574337258054052
0.5385,0.5069637883008357,0.49303621169916434,0.5574493474339303
0.539,0.5064935064935064,0.49350649350649356,0.5574519426968904
0.5395,0.5069508804448564,0.49304911955514363,0.5575331843714747
0.54,0.5074074074074074,0.4925925925925926,0.5576694697127512
0.5405,0.5069380203515264,0.49306197964847365,0.5577173963262876
0.541,0.5073937153419593,0.4926062846580407,0.5577524597357669
0.5415,0.5078485687903971,0.4921514312096029,0.5578444220162059
0.542,0.507380073800738,0.492619926199262,0.5578950106765999
0.5425,0.5069124423963134,0.4930875576036866,0.5580580047773268
0.543,0.507366482504604,0.49263351749539597,0.5581237633565317
0.5435,0.5068997240110396,0.49310027598896045,0.5581467093270156
0.544,0.5064338235294118,0.4935661764705882,0.5582752938324986
0.5445,0.5068870523415978,0.4931129476584022,0.5582955570650445
0.545,0.5064220183486239,0.4935779816513761,0.5583212090581634
0.5455,0.5059578368469294,0.4940421631530706,0.5583469720802778
0.546,0.5064102564102564,0.4935897435897436,0.5584895357148498
0.5465,0.5068618481244281,0.49313815187557186,0.5586945213577258
0.547,0.5073126142595978,0.49268738574040216,0.5588327610030419
0.5475,0.5077625570776255,0.4922374429223745,0.5590889123177493
0.548,0.5072992700729927,0.4927007299270073,0.5591781112569555
0.5485,0.5068368277119416,0.4931631722880584,0.5592174224431221
0.549,0.5063752276867031,0.49362477231329693,0.5592589175371467
0.5495,0.5059144676979072,0.49408553230209284,0.5592679611257483
0.55,0.5063636363636363,0.49363636363636365,0.5592695126142178
0.5505,0.5059037238873751,0.49409627611262485,0.55929583304473
0.551,0.5054446460980037,0.49455535390199634,0.5593523945129582
0.5515,0.5049864007252947,0.49501359927470534,0.5595352250600313
0.552,0.5045289855072463,0.49547101449275366,0.5595898414537379
0.5525,0.5049773755656108,0.49502262443438916,0.5596289918610727
0.553,0.5045207956600362,0.49547920433996384,0.5596844247398789
0.5535,0.5049683830171635,0.4950316169828365,0.559684546020708
0.554,0.5045126353790613,0.4954873646209387,0.5597683088090022
0.5545,0.5049594229035167,0.4950405770964833,0.559790425140994
0.555,0.5054054054054054,0.49459459459459465,0.5597913075304215
0.5555,0.5058505850585059,0.4941494149414941,0.559792642021242
0.556,0.5053956834532374,0.4946043165467626,0.5599414328897722
0.5565,0.504941599281222,0.49505840071877805,0.5600369918337624
0.557,0.5044883303411131,0.49551166965888693,0.5601652666618124
0.5575,0.5049327354260089,0.4950672645739911,0.5602202445940607
0.558,0.5044802867383512,0.4955197132616488,0.5602287698850579
0.5585,0.5040286481647269,0.4959713518352731,0.5604484259398834
0.559,0.5044722719141324,0.49552772808586765,0.5604819224290319
0.5595,0.5049151027703307,0.4950848972296693,0.5604834410210848
0.56,0.5044642857142857,0.4955357142857143,0.56065594946792
0.5605,0.5049063336306869,0.49509366636931307,0.5610854905516558
0.561,0.5044563279857398,0.4955436720142602,0.5610905777725285
0.5615,0.5048975957257347,0.49510240427426533,0.5611791288493606
0.562,0.505338078291815,0.494661921708185,0.5615082581863524
0.5625,0.5048888888888889,0.49511111111111106,0.5615891009725922
0.563,0.5053285968028419,0.4946714031971581,0.5616195154587251
0.5635,0.5057675244010648,0.49423247559893524,0.561704049891353
0.564,0.5053191489361702,0.49468085106382975,0.5617369109611552
0.5645,0.5057573073516386,0.4942426926483614,0.561758404832196
0.565,0.5061946902654867,0.4938053097345133,0.5618393684585873
0.5655,0.5057471264367817,0.49425287356321834,0.5621399507636649
0.566,0.5053003533568905,0.4946996466431095,0.5621923067947869
0.5665,0.5057369814651368,0.4942630185348632,0.5625626457221268
0.567,0.5061728395061729,0.49382716049382713,0.5629026105141587
0.5675,0.5066079295154186,0.49339207048458145,0.5629933834735941
0.568,0.5070422535211268,0.49295774647887325,0.5630014688591056
0.5685,0.5065963060686016,0.4934036939313984,0.5631652883082943
0.569,0.5070298769771528,0.49297012302284715,0.5633196709198904
0.5695,0.5065847234416154,0.4934152765583846,0.5634384245057439
0.57,0.5070175438596491,0.49298245614035086,0.5636032497102861
0.5705,0.5065731814198072,0.49342681858019277,0.5636356678914235
0.571,0.5070052539404554,0.49299474605954463,0.5637166627255872
0.5715,0.5074365704286964,0.4925634295713036,0.5638287985343852
0.572,0.5078671328671329,0.4921328671328671,0.563903720967998
0.5725,0.508296943231441,0.49170305676855897,0.5639221466949706
0.573,0.5087260034904014,0.4912739965095986,0.5639229020462942
0.5735,0.5091543156059285,0.4908456843940715,0.5641344213055626
0.574,0.509581881533101,0.490418118466899,0.5644824956041767
0.5745,0.5100087032201914,0.48999129677980857,0.5647034717812389
0.575,0.5104347826086957,0.4895652173913043,0.5648191701716313
0.5755,0.5108601216333623,0.48913987836663775,0.5648547577102447
0.576,0.5112847222222222,0.4887152777777778,0.5648845170703207
0.5765,0.5117085862966175,0.48829141370338247,0.5649337035409226
0.577,0.5121317157712305,0.4878682842287695,0.564989351693389
0.5775,0.5125541125541125,0.48744588744588746,0.5650343930764716
0.578,0.5129757785467128,0.48702422145328716,0.5651681185863855
0.5785,0.5125324114088159,0.4874675885911841,0.5652441978693196
0.579,0.5120898100172712,0.48791018998272884,0.5652539762274618
0.5795,0.5116479723899914,0.4883520276100086,0.5653131401257379
0.58,0.5112068965517241,0.48879310344827587,0.5653743012985786
0.5805,0.5107665805340224,0.48923341946597765,0.5654498616681185
0.581,0.5111876075731497,0.48881239242685026,0.5655046158183805
0.5815,0.5116079105760963,0.48839208942390366,0.5655588408838256
0.582,0.5120274914089347,0.48797250859106533,0.5657581725730777
0.5825,0.511587982832618,0.48841201716738203,0.5658160561834719
0.583,0.5120068610634648,0.4879931389365352,0.5659226075877614
0.5835,0.5124250214224507,0.4875749785775493,0.5660251987042919
0.584,0.5128424657534246,0.4871575342465754,0.5661006673143765
0.5845,0.5132591958939264,0.48674080410607357,0.566130578823242
0.585,0.5136752136752136,0.4863247863247864,0.566136339685346
0.5855,0.5140905209222887,0.4859094790777113,0.5662340093590574
0.586,0.5136518771331058,0.4863481228668942,0.56623579968483
0.5865,0.5140664961636828,0.48593350383631717,0.5663070736178153
0.587,0.5136286201022147,0.48637137989778534,0.5663183026531623
0.5875,0.5131914893617021,0.4868085106382979,0.5664301049247028
0.588,0.5136054421768708,0.48639455782312924,0.5666883407513458
0.5885,0.514018691588785,0.485981308411215,0.5667581315570285
0.589,0.5135823429541596,0.4864176570458404,0.5668067842993094
0.5895,0.5139949109414759,0.48600508905852413,0.5669674173408443
0.59,0.514406779661017,0.485593220338983,0.5670746216195157
0.5905,0.514817950889077,0.485182049110923,0.5671499095232753
0.591,0.5152284263959391,0.48477157360406087,0.567216756894152
0.5915,0.5156382079459002,0.4843617920540998,0.5672284479462578
0.592,0.5152027027027027,0.48479729729729726,0.5673929126724268
0.5925,0.5156118143459916,0.48438818565400843,0.5674438905646582
0.593,0.515177065767285,0.48482293423271505,0.5677833056372256
0.5935,0.5155855096882898,0.48441449031171024,0.5678789002806452
0.594,0.5151515151515151,0.48484848484848486,0.5679293138967333
0.5945,0.5147182506307821,0.48528174936921786,0.5679679182274885
0.595,0.5142857142857142,0.48571428571428577,0.5681012089231157
0.5955,0.5138539042821159,0.48614609571788414,0.5681114687434907
0.596,0.5134228187919463,0.4865771812080537,0.5682808056022571
0.5965,0.5138306789606035,0.4861693210393965,0.5684184708077253
0.597,0.5142378559463987,0.4857621440536013,0.5684671599776194
0.5975,0.5138075313807532,0.4861924686192468,0.5687660749515298
0.598,0.5142140468227425,0.4857859531772575,0.568927353029774
0.5985,0.5137844611528822,0.48621553884711777,0.5690400619499181
0.599,0.5141903171953256,0.4858096828046744,0.5690585378033234
0.5995,0.5137614678899083,0.4862385321100917,0.569068733782855
0.6,0.5133333333333333,0.4866666666666667,0.5691998536919182
0.6005,0.5137385512073273,0.48626144879267275,0.5693153204452575
0.601,0.5141430948419301,0.4858569051580699,0.569353129886581
0.6015,0.513715710723192,0.486284289276808,0.5693924190436115
0.602,0.5132890365448505,0.4867109634551495,0.5694027798571649
0.6025,0.512863070539419,0.48713692946058096,0.5694269058022934
0.603,0.5132669983416253,0.48673300165837474,0.569544308863106
0.6035,0.5136702568351285,0.48632974316487154,0.5695964776479322
0.604,0.5132450331125827,0.48675496688741726,0.5697466237359646
0.6045,0.5128205128205128,0.4871794871794872,0.5700870972635277
0.605,0.5132231404958678,0.4867768595041322,0.5701347215098337
0.6055,0.5136251032204789,0.48637489677952106,0.5701418555825539
0.606,0.5132013201320133,0.48679867986798675,0.5701443955223214
0.6065,0.5127782357790602,0.48722176422093977,0.5704558237151418
0.607,0.5131795716639209,0.4868204283360791,0.570496653441971
0.6075,0.5127572016460905,0.4872427983539095,0.5705419439494241
0.608,0.5123355263157895,0.4876644736842105,0.5705550369074366
0.6085,0.5127362366474938,0.4872637633525062,0.5706832394931662
0.609,0.513136288998358,0.48686371100164205,0.5706958739885997
0.6095,0.5127153404429861,0.48728465955701394,0.5707445107450924
0.61,0.5131147540983606,0.4868852459016394,0.5708191072853152
0.6105,0.5126945126945127,0.4873054873054873,0.5709120097973567
0.611,0.5122749590834698,0.48772504091653024,0.5709948796374793
0.6115,0.5126737530662305,0.48732624693376947,0.5711502121497153
0.612,0.5130718954248366,0.48692810457516345,0.5711717413503332
0.6125,0.5126530612244898,0.48734693877551016,0.571357360654057
0.613,0.5122349102773246,0.4877650897226754,0.5715486055795242
0.6135,0.5126324368378158,0.4873675631621842,0.5717044564586516
0.614,0.512214983713355,0.48778501628664495,0.5717421752533097
0.6145,0.5117982099267697,0.4882017900732303,0.5717442437535925
0.615,0.5121951219512195,0.4878048780487805,0.5717611025217774
0.6155,0.512591389114541,0.48740861088545895,0.5717965892482362
0.616,0.512987012987013,0.487012987012987,0.5718180339988735
0.6165,0.51338199513382,0.48661800486618,0.5718339651100713
0.617,0.513776337115073,0.486223662884927,0.5718682732889777
0.6175,0.5141700404858299,0.4858299595141701,0.5719933125960875
0.618,0.5145631067961165,0.4854368932038835,0.5720888772022399
0.6185,0.5141471301535974,0.48585286984640264,0.5722874216173763
0.619,0.5145395799676898,0.48546042003231016,0.5723254969701768
0.6195,0.5149313962873285,0.48506860371267146,0.5724397660691136
0.62,0.5153225806451613,0.48467741935483866,0.572505949848203
0.6205,0.515713134568896,0.484286865431104,0.572511589600169
0.621,0.5161030595813204,0.4838969404186796,0.5725742978568399
0.6215,0.5156878519710378,0.48431214802896216,0.572596310314164
0.622,0.5160771704180064,0.4839228295819936,0.5726053716116408
0.6225,0.5164658634538153,0.4835341365461847,0.5726184265177774
0.623,0.5168539325842697,0.4831460674157303,0.5726573944865417
0.6235,0.5164394546912591,0.48356054530874093,0.5726909605555983
0.624,0.5168269230769231,0.48317307692307687,0.5726934287041857
0.6245,0.5172137710168134,0.48278622898318657,0.572750644606342
0.625,0.5168,0.48319999999999996,0.5727847529533967
0.6255,0.5171862509992007,0.4828137490007993,0.5728210859120866
0.626,0.5175718849840255,0.4824281150159745,0.5728593623754366
0.6265,0.5171588188347965,0.48284118116520347,0.5730157146895971
0.627,0.5167464114832536,0.4832535885167464,0.573135235140559
0.6275,0.5171314741035856,0.4828685258964144,0.5732534354423761
0.628,0.51671974522293,0.48328025477707004,0.5732543282248124
0.6285,0.5163086714399363,0.4836913285600637,0.5732798734481447
0.629,0.5158982511923689,0.4841017488076311,0.573486817421589
0.6295,0.5162827640984908,0.48371723590150917,0.5734878050728032
0.63,0.5158730158730159,0.4841269841269841,0.5737841275674488
0.6305,0.5162569389373514,0.48374306106264864,0.5737937762455396
0.631,0.5166402535657686,0.4833597464342314,0.5740010593395376
0.6315,0.5170229612034838,0.4829770387965162,0.5740679220037181
0.632,0.5174050632911392,0.4825949367088608,0.5741127319290296
0.6325,0.5177865612648221,0.48221343873517786,0.5741340324818269
0.633,0.5173775671406003,0.48262243285939965,0.574136914729139
0.6335,0.5169692186266772,0.4830307813733228,0.5745906047703001
0.634,0.5173501577287066,0.48264984227129337,0.5746587170787321
0.6345,0.5177304964539007,0.4822695035460993,0.5747215410461493
0.635,0.5173228346456693,0.4826771653543307,0.5747953725203202
0.6355,0.5169158143194336,0.48308418568056644,0.5749031340127826
0.636,0.5172955974842768,0.4827044025157232,0.5749358229409518
0.6365,0.5168892380204242,0.4831107619795758,0.574960640464505
0.637,0.5164835164835165,0.48351648351648346,0.5750357455505297
0.6375,0.5168627450980392,0.4831372549019608,0.5753498694134822
0.638,0.5172413793103449,0.48275862068965514,0.5753856415886875
0.6385,0.5168363351605325,0.4831636648394675,0.5753865785230871
0.639,0.5164319248826291,0.4835680751173709,0.5754739090032194
0.6395,0.5168100078186083,0.4831899921813917,0.5755213117213149
0.64,0.51640625,0.48359375000000004,0.5755347092370091
0.6405,0.516783762685402,0.48321623731459795,0.575565429355207
0.641,0.516380655226209,0.483619344773791,0.5757103377295669
0.6415,0.5167575993764614,0.4832424006235386,0.5758806582488156
0.642,0.5171339563862928,0.4828660436137072,0.5759191448181931
0.6425,0.5167315175097277,0.4832684824902723,0.5759330145802025
0.643,0.5163297045101088,0.48367029548989116,0.5760541867087088
0.6435,0.5167055167055167,0.4832944832944833,0.5760942075963496
0.644,0.5170807453416149,0.48291925465838514,0.5760957636737469
0.6445,0.5166795965865012,0.4833204034134988,0.5761551312703268
0.645,0.5170542635658915,0.48294573643410854,0.5762208213054641
0.6455,0.5166537567776918,0.48334624322230824,0.5763516436614567
0.646,0.5162538699690402,0.4837461300309598,0.5763685609427966
0.6465,0.5158546017014695,0.48414539829853054,0.5763806267089548
0.647,0.5162287480680062,0.4837712519319938,0.5764294603008857
0.6475,0.5166023166023166,0.4833976833976834,0.576438170373816
0.648,0.5162037037037037,0.4837962962962963,0.5765108888021304
0.6485,0.5165767154973014,0.48342328450269856,0.5766741662650854
0.649,0.5161787365177196,0.4838212634822804,0.5767185596457235
0.6495,0.5165511932255581,0.4834488067744419,0.5767854019515855
0.65,0.5161538461538462,0.4838461538461538,0.5770115990419419
0.6505,0.5165257494235204,0.48347425057647964,0.5771342535172889
0.651,0.5168970814132104,0.48310291858678955,0.5772467339074498
0.6515,0.5172678434382195,0.4827321565617805,0.5773489783458968
0.652,0.5176380368098159,0.4823619631901841,0.5774138070969848
0.6525,0.5172413793103449,0.48275862068965514,0.5775628752754637
0.653,0.5168453292496171,0.4831546707503829,0.5776254963851857
0.6535,0.5164498852333589,0.4835501147666411,0.5776488053622578
0.654,0.5168195718654435,0.4831804281345565,0.5776693758032099
0.6545,0.5164247517188694,0.48357524828113063,0.5778246304728603
0.655,0.516793893129771,0.483206106870229,0.5779666136488841
0.6555,0.517162471395881,0.482837528604119,0.5779939617244648
0.656,0.5167682926829268,0.4832317073170732,0.5781494256475399
0.6565,0.5171363290175172,0.48286367098248284,0.5782093933261109
0.657,0.517503805175038,0.482496194824962,0.5782457730499266
0.6575,0.5171102661596958,0.4828897338403042,0.5782952536648884
0.658,0.5167173252279635,0.48328267477203646,0.5784316132579299
0.6585,0.5170842824601367,0.4829157175398633,0.5784402650544751
0.659,0.5166919575113809,0.48330804248861914,0.578444296809085
0.6595,0.5170583775587566,0.4829416224412434,0.5784525022437798
0.66,0.5166666666666667,0.4833333333333333,0.5784530081463437
0.6605,0.5162755488266465,0.4837244511733535,0.5785624455346253
0.661,0.5158850226928896,0.4841149773071104,0.5786377433725767
0.6615,0.5162509448223734,0.48374905517762656,0.5787060675760327
0.662,0.5166163141993958,0.4833836858006042,0.5787623868879677
0.6625,0.5162264150943396,0.48377358490566036,0.5787633964349626
0.663,0.5158371040723982,0.48416289592760176,0.5787775130544995
0.6635,0.5162019593067069,0.48379804069329313,0.5788513516458106
0.664,0.516566265060241,0.48343373493975905,0.5790548650983454
0.6645,0.5169300225733634,0.4830699774266366,0.5791112582060156
0.665,0.5165413533834586,0.48345864661654137,0.5791323351929205
0.6655,0.5169045830202855,0.4830954169797145,0.5791797713226525
0.666,0.5165165165165165,0.48348348348348347,0.5792711707347049
0.6665,0.5161290322580645,0.4838709677419355,0.5792855526897722
0.667,0.5164917541229386,0.4835082458770614,0.5794958987916047
0.6675,0.5161048689138577,0.48389513108614235,0.5798255696537117
0.668,0.5164670658682635,0.4835329341317365,0.5798356588511684
0.6685,0.5160807778608826,0.4839192221391174,0.5798968911497753
0.669,0.5164424514200299,0.48355754857997013,0.5800320566057037
0.6695,0.5168035847647499,0.48319641523525014,0.5801464670511952
0.67,0.5164179104477612,0.4835820895522388,0.5801818498265545
0.6705,0.5167785234899329,0.4832214765100671,0.5804693439247343
0.671,0.5163934426229508,0.48360655737704916,0.5804883786647387
0.6715,0.5160089352196575,0.4839910647803425,0.5805083308522363
0.672,0.5163690476190477,0.48363095238095233,0.5806743428250354
0.6725,0.516728624535316,0.483271375464684,0.5807122502072894
0.673,0.5163447251114414,0.48365527488855864,0.5807156721342519
0.6735,0.5159613956941351,0.4840386043058649,0.5809353712211178
0.674,0.516320474777448,0.483679525222552,0.5809491898278895
0.6745,0.5159377316530763,0.4840622683469237,0.581071215513596
0.675,0.5155555555555555,0.48444444444444446,0.581110838367074
0.6755,0.5159141376757957,0.48408586232420425,0.5812072556785565
0.676,0.5155325443786982,0.4844674556213018,0.5812707502175889
0.6765,0.5151515151515151,0.48484848484848486,0.5813476899824894
0.677,0.5155096011816839,0.4844903988183161,0.5813656367761435
0.6775,0.5158671586715867,0.4841328413284133,0.581417376844144
0.678,0.5162241887905604,0.4837758112094396,0.581762698112029
0.6785,0.5165806927044952,0.48341930729550475,0.5817681933338191
0.679,0.5162002945508101,0.48379970544918993,0.5818179927144951
0.6795,0.5165562913907285,0.48344370860927155,0.5818650617020855
0.68,0.5161764705882353,0.48382352941176465,0.581978723753185
0.6805,0.5165319617927994,0.48346803820720063,0.5820650097665271
0.681,0.5161527165932452,0.48384728340675476,0.5821017906577663
0.6815,0.5157740278796772,0.4842259721203228,0.5821360657873085
0.682,0.5153958944281525,0.4846041055718475,0.5823634831332332
0.6825,0.515018315018315,0.48498168498168504,0.5825114425983944
0.683,0.5153733528550513,0.48462664714494874,0.5825493379468591
0.6835,0.514996342355523,0.48500365764447695,0.582730623938139
0.684,0.5153508771929824,0.48464912280701755,0.5827525022478766
0.6845,0.5149744338933528,0.48502556610664715,0.5827845718671885
0.685,0.5145985401459854,0.4854014598540146,0.5827984139658864
0.6855,0.5142231947483589,0.48577680525164113,0.5828396394877438
0.686,0.5145772594752187,0.4854227405247813,0.5829263136290301
0.6865,0.5149308084486526,0.4850691915513474,0.5829887202137894
0.687,0.5152838427947598,0.4847161572052402,0.5830181535944685
0.6875,0.5149090909090909,0.48509090909090913,0.5831677993532254
0.688,0.5145348837209303,0.48546511627906974,0.5832412350775331
0.6885,0.514161220043573,0.485838779956427,0.5833276395964055
0.689,0.5137880986937591,0.4862119013062409,0.5833913240768644
0.6895,0.514140681653372,0.485859318346628,0.5835032528113893
0.69,0.513768115942029,0.486231884057971,0.5835602121017163
0.6905,0.5133960897900073,0.4866039102099927,0.583576253054241
0.691,0.5130246020260492,0.48697539797395084,0.5837463384819119
0.6915,0.5133767172812725,0.48662328271872746,0.5837527117025573
0.692,0.5130057803468208,0.48699421965317924,0.5838195726408968
0.6925,0.5126353790613718,0.4873646209386282,0.5838895304251575
0.693,0.5122655122655123,0.4877344877344877,0.5839724028478057
0.6935,0.5118961788031723,0.4881038211968277,0.5840500976336727
0.694,0.5115273775216138,0.4884726224783862,0.5841171338359974
0.6945,0.5118790496760259,0.48812095032397407,0.5842018483907105
0.695,0.5122302158273381,0.4877697841726619,0.5842850254941119
0.6955,0.511861969805895,0.48813803019410495,0.5845846416820979
0.696,0.5114942528735632,0.4885057471264368,0.5846320282753488
0.6965,0.511127063890883,0.488872936109117,0.5846984490343339
0.697,0.5114777618364419,0.4885222381635581,0.5847197042399355
0.6975,0.5111111111111111,0.48888888888888893,0.5849123528030471
0.698,0.5107449856733525,0.48925501432664753,0.5850556826912554
0.6985,0.5110952040085899,0.4889047959914101,0.5851528750759318
0.699,0.5107296137339056,0.4892703862660944,0.5852201217074469
0.6995,0.5103645461043602,0.4896354538956398,0.5853616307681649
0.7,0.5107142857142857,0.4892857142857143,0.5853730406400991
0.7005,0.510349750178444,0.489650249821556,0.5854785812472416
0.701,0.5099857346647646,0.4900142653352354,0.5856679640192843
0.7015,0.5096222380612973,0.49037776193870275,0.5856870018496969
0.702,0.50997150997151,0.49002849002849,0.5857597511833664
0.7025,0.5096085409252669,0.49039145907473314,0.5857683090738628
0.703,0.5092460881934566,0.4907539118065434,0.5858166163185576
0.7035,0.5088841506751954,0.49111584932480457,0.5858735220143674
0.704,0.5092329545454546,0.4907670454545454,0.5858830210510622
0.7045,0.5088715400993612,0.4911284599006388,0.5859078586705807
0.705,0.5092198581560283,0.4907801418439717,0.5859194171327633
0.7055,0.5088589652728561,0.4911410347271439,0.5863789391457745
0.706,0.5092067988668555,0.4907932011331445,0.58643967891764
0.7065,0.5088464260438783,0.4911535739561217,0.5864910512165326
0.707,0.5084865629420084,0.49151343705799155,0.5867190886852633
0.7075,0.5081272084805654,0.49187279151943464,0.5869762653920885
0.708,0.5084745762711864,0.4915254237288136,0.5869836276050241
0.7085,0.5088214537755822,0.4911785462244178,0.5870344442777371
0.709,0.5084626234132581,0.4915373765867419,0.5872559740025513
0.7095,0.5081042988019733,0.4918957011980267,0.587283408848543
0.71,0.5084507042253521,0.4915492957746479,0.5873078359022178
0.7105,0.5080928923293455,0.4919071076706545,0.5873112697703138
0.711,0.5084388185654009,0.49156118143459915,0.587669082634928
0.7115,0.5087842586085735,0.49121574139142654,0.5877951773215164
0.712,0.5084269662921348,0.4915730337078652,0.587977454205312
0.7125,0.5087719298245614,0.49122807017543857,0.5880010020682503
0.713,0.5084151472650772,0.4915848527349228,0.5881207478145423
0.7135,0.5080588647512263,0.4919411352487737,0.5881611560542102
0.714,0.5084033613445378,0.4915966386554622,0.5881893937354482
0.7145,0.5087473757872638,0.4912526242127362,0.5882107842351416
0.715,0.5083916083916084,0.49160839160839165,0.5882195408265098
0.7155,0.5087351502445842,0.49126484975541584,0.5883226583941457
0.716,0.5090782122905028,0.49092178770949724,0.5883325083775806
0.7165,0.5094207955338451,0.4905792044661549,0.5883467982863007
0.717,0.5097629009762901,0.49023709902370993,0.5883515526216642
0.7175,0.5094076655052264,0.4905923344947736,0.5884182239269485
0.718,0.5090529247910863,0.4909470752089137,0.5884923908850241
0.7185,0.5086986778009742,0.4913013221990258,0.5885737719986674
0.719,0.5090403337969402,0.49095966620305975,0.5885846498589178
0.7195,0.5086865879082696,0.4913134120917304,0.5886277644214395
0.72,0.5090277777777777,0.49097222222222225,0.588693265697146
0.7205,0.508674531575295,0.49132546842470504,0.5887134509333101
0.721,0.5090152565880721,0.4909847434119279,0.5887210662724027
0.7215,0.5093555093555093,0.49064449064449067,0.5888670575629074
0.722,0.5096952908587258,0.4903047091412742,0.5889603639818655
0.7225,0.5093425605536333,0.49065743944636675,0.5890248940404079
0.723,0.5089903181189488,0.4910096818810512,0.5891403293983742
0.7235,0.5093296475466482,0.4906703524533518,0.5891819576688109
0.724,0.5096685082872928,0.4903314917127072,0.5892220263210047
0.7245,0.5100069013112492,0.48999309868875085,0.5893702761791388
0.725,0.5103448275862069,0.4896551724137931,0.5895003047433365
0.7255,0.5099931082012406,0.49000689179875945,0.5896613566227172
0.726,0.5103305785123967,0.4896694214876033,0.5899145842322793
0.7265,0.5099793530626291,0.4900206469373709,0.589998976418708
0.727,0.5096286107290234,0.49037138927097657,0.590083713200169
0.7275,0.5092783505154639,0.4907216494845361,0.5901068268574962
0.728,0.5089285714285714,0.4910714285714286,0.5901997606106415
0.7285,0.5085792724776939,0.49142072752230614,0.5902918305351395
0.729,0.5089163237311386,0.4910836762688614,0.590466055741036
0.7295,0.5085675119945168,0.4914324880054832,0.5905719550225834
0.73,0.5082191780821917,0.49178082191780825,0.5906122908597677
0.7305,0.5085557837097878,0.4914442162902122,0.5906679500967221
0.731,0.5082079343365253,0.49179206566347466,0.5907630727469774
0.7315,0.508544087491456,0.49145591250854403,0.5907742960744761
0.732,0.5088797814207651,0.49112021857923494,0.5908693793256469
0.7325,0.5085324232081911,0.49146757679180886,0.5908780789206943
0.733,0.5088676671214188,0.49113233287858116,0.5908977200621848
0.7335,0.50920245398773,0.49079754601227,0.5909061708799666
0.734,0.5095367847411444,0.4904632152588556,0.5910352729216859
0.7345,0.5098706603131382,0.4901293396868618,0.5910416888081396
0.735,0.5102040816326531,0.4897959183673469,0.5912823188206686
0.7355,0.5098572399728076,0.49014276002719237,0.591447867769493
0.736,0.5095108695652174,0.4904891304347826,0.5916553446420671
0.7365,0.5091649694501018,0.4908350305498982,0.5918189470732035
0.737,0.508819538670285,0.49118046132971505,0.5920540601632334
0.7375,0.5091525423728813,0.4908474576271187,0.5920708593441256
0.738,0.5088075880758808,0.4911924119241192,0.5922554619857541
0.7385,0.5091401489505755,0.49085985104942453,0.5922643771470872
0.739,0.5087956698240866,0.49120433017591336,0.5922696507380173
0.7395,0.5091277890466531,0.4908722109533469,0.5923706325397009
0.74,0.5087837837837837,0.49121621621621625,0.5924319888198297
0.7405,0.5084402430790007,0.4915597569209993,0.5924596546666181
0.741,0.5087719298245614,0.49122807017543857,0.5924691370032414
0.7415,0.5084288604180714,0.49157113958192855,0.5925723405987524
0.742,0.5080862533692723,0.49191374663072773,0.592681024399229
0.7425,0.5084175084175084,0.49158249158249157,0.5927890086606242
0.743,0.5087483176312247,0.49125168236877526,0.5928137858464542
0.7435,0.5084061869535978,0.49159381304640215,0.5928266831446545
0.744,0.5080645161290323,0.49193548387096775,0.5929009339978759
0.7445,0.5083948959032908,0.4916051040967092,0.5929412370130477
0.745,0.5080536912751678,0.49194630872483225,0.5929866692201633
0.7455,0.5083836351441985,0.4916163648558015,0.5931879771887535
0.746,0.5080428954423593,0.49195710455764075,0.5931925179794209
0.7465,0.5077026121902211,0.49229738780977894,0.5932108182352105
0.747,0.5080321285140562,0.4919678714859438,0.5932960697398638
0.7475,0.5083612040133779,0.4916387959866221,0.5933133764098495
0.748,0.5080213903743316,0.4919786096256684,0.5934124070252064
0.7485,0.5083500334001336,0.4916499665998664,0.5934977851367007
0.749,0.5080106809078772,0.49198931909212285,0.5935507841016275
0.7495,0.5076717811874583,0.49232821881254174,0.5935558789019539
0.75,0.5073333333333333,0.4926666666666667,0.5936377408933576
0.7505,0.5069953364423717,0.4930046635576283,0.5938269907594222
0.751,0.507323568575233,0.492676431424767,0.5938315278873817
0.7515,0.5069860279441117,0.49301397205588826,0.5940739936554377
0.752,0.507313829787234,0.49268617021276595,0.5941524323350219
0.7525,0.507641196013289,0.49235880398671095,0.5944429567698497
0.753,0.5073041168658698,0.49269588313413015,0.594580192597485
0.7535,0.5069674850696748,0.4930325149303252,0.5946212054011712
0.754,0.506631299734748,0.49336870026525204,0.5946762265442166
0.7545,0.5062955599734924,0.4937044400265076,0.5947750798697645
0.755,0.5059602649006623,0.49403973509933774,0.5948210704256309
0.7555,0.5062872270019855,0.4937127729980145,0.5948991242885322
0.756,0.5059523809523809,0.49404761904761907,0.5949565098073653
0.7565,0.5056179775280899,0.4943820224719101,0.5951118037352698
0.757,0.5052840158520475,0.4947159841479525,0.5951583389992372
0.7575,0.504950495049505,0.49504950495049505,0.5952288925664326
0.758,0.5052770448548812,0.49472295514511877,0.5952338708885765
0.7585,0.5056031641397495,0.4943968358602505,0.595301932698191
0.759,0.5059288537549407,0.4940711462450593,0.5953561194575497
0.7595,0.5055957867017775,0.4944042132982225,0.5954155372814292
0.76,0.5052631578947369,0.49473684210526314,0.5954416792002646
0.7605,0.504930966469428,0.49506903353057197,0.5955584057797741
0.761,0.5052562417871223,0.49474375821287775,0.59559850095023
0.7615,0.504924491135916,0.495075508864084,0.5956347293287327
0.762,0.505249343832021,0.494750656167979,0.5958509256466611
0.7625,0.5055737704918033,0.4944262295081967,0.5959618125213686
0.763,0.5052424639580603,0.4947575360419397,0.5959661574392023
0.7635,0.5055664702030125,0.4944335297969875,0.596211838257607
0.764,0.5058900523560209,0.4941099476439791,0.5966383564707015
0.7645,0.5055591890124265,0.49444081098757353,0.5966514928377917
0.765,0.5052287581699346,0.4947712418300654,0.5966695359894613
0.7655,0.5048987589810582,0.4951012410189418,0.596737535470788
0.766,0.5045691906005222,0.4954308093994778,0.5967505560371755
0.7665,0.5042400521852577,0.4957599478147423,0.5970600153442726
0.767,0.5039113428943938,0.49608865710560623,0.5972743687726916
0.7675,0.5035830618892508,0.49641693811074916,0.5974567506803015
0.768,0.5032552083333334,0.49674479166666663,0.5974739697909378
0.7685,0.5029277813923227,0.49707221860767725,0.5977161490181219
0.769,0.5032509752925878,0.4967490247074122,0.597727353512324
0.7695,0.5029239766081871,0.4970760233918129,0.5981153377106112
0.77,0.5025974025974026,0.4974025974025974,0.5983406407165728
0.7705,0.5029201817001947,0.4970798182998053,0.598465111460823
0.771,0.5025940337224384,0.4974059662775616,0.5984657282727066
0.7715,0.5029163966299417,0.4970836033700583,0.5984715164078033
0.772,0.5032383419689119,0.49676165803108807,0.5984957722621286
0.7725,0.5035598705501618,0.4964401294498382,0.5986829815593326
0.773,0.5032341526520052,0.4967658473479948,0.5989700856044986
0.7735,0.5029088558500323,0.4970911441499677,0.5989730381222413
0.774,0.5032299741602068,0.49677002583979324,0.5990089986418582
0.7745,0.5035506778566817,0.4964493221433183,0.5990638529656329
0.775,0.5032258064516129,0.49677419354838714,0.5992254792729985
0.7755,0.5029013539651838,0.49709864603481624,0.5992964023186174
0.776,0.5032216494845361,0.49677835051546393,0.599509461020032
0.7765,0.5028976175144881,0.49710238248551186,0.5995591415219093
0.777,0.5025740025740025,0.49742599742599747,0.5996873074625473
0.7775,0.5022508038585209,0.49774919614147906,0.5998127980149974
0.778,0.5025706940874036,0.4974293059125964,0.5999175254674918
0.7785,0.5028901734104047,0.49710982658959535,0.5999948356396708
0.779,0.5025673940949936,0.4974326059050064,0.6000583852223715
0.7795,0.5028864656831302,0.4971135343168698,0.6000841704790094
0.78,0.5025641025641026,0.49743589743589745,0.6001727775461541
0.7805,0.5022421524663677,0.4977578475336323,0.6003781834976706
0.781,0.5025608194622279,0.49743918053777214,0.6003823527829972
0.7815,0.5028790786948176,0.4971209213051824,0.6004414028210558
0.782,0.5025575447570333,0.4974424552429667,0.6004680587506483
0.7825,0.5022364217252396,0.49776357827476037,0.6004885423456416
0.783,0.5025542784163474,0.49744572158365263,0.6005796084621514
0.7835,0.5028717294192725,0.4971282705807275,0.6005830406821939
0.784,0.5025510204081632,0.49744897959183676,0.6007077125427802
0.7845,0.5022307202039515,0.49776927979604846,0.6008955035337811
0.785,0.5019108280254777,0.4980891719745223,0.6009691089849759
0.7855,0.501591343093571,0.498408656906429,0.6012694522140383
0.786,0.5012722646310432,0.49872773536895676,0.6016386497354076
0.7865,0.501589319771138,0.49841068022886204,0.6017905396358817
0.787,0.5012706480304956,0.4987293519695044,0.6019256918915962
0.7875,0.5015873015873016,0.4984126984126984,0.6020420762039105
0.788,0.501269035532995,0.49873096446700504,0.6020954602246262
0.7885,0.501585288522511,0.49841471147748895,0.6022420198982628
0.789,0.5019011406844106,0.4980988593155894,0.6022524941178935
0.7895,0.5015832805573147,0.4984167194426853,0.6022881446889348
0.79,0.5018987341772152,0.4981012658227848,0.6024264998214915
0.7905,0.502213788741303,0.49778621125869704,0.6024896391655414
0.791,0.5018963337547409,0.49810366624525915,0.6025042386043912
0.7915,0.5015792798483891,0.4984207201516109,0.6025245117515988
0.792,0.5018939393939394,0.49810606060606055,0.6025558850068486
0.7925,0.501577287066246,0.49842271293375395,0.6025783996932548
0.793,0.5012610340479193,0.49873896595208067,0.6026878622921568
0.7935,0.5015752993068683,0.4984247006931317,0.6027371236590893
0.794,0.5018891687657431,0.4981108312342569,0.6027855430586728
0.7945,0.5015733165512901,0.4984266834487099,0.6028550008245703
0.795,0.5012578616352201,0.4987421383647799,0.6028569684946177
0.7955,0.5009428032683847,0.4990571967316153,0.602867923469929
0.796,0.5006281407035176,0.4993718592964824,0.6028827298611821
0.7965,0.5009416195856874,0.4990583804143126,0.6030992958488756
0.797,0.501254705144291,0.49874529485570895,0.6031337506256295
0.7975,0.5009404388714733,0.4990595611285267,0.6031816439389021
0.798,0.5012531328320802,0.4987468671679198,0.6032172341680669
0.7985,0.5015654351909831,0.49843456480901693,0.6034233587355555
0.799,0.5018773466833542,0.49812265331664585,0.603713139608394
0.7995,0.5015634771732332,0.49843652282676676,0.6037719181118916
0.8,0.50125,0.49875,0.6038516562888094
0.8005,0.5009369144284822,0.4990630855715178,0.6039337072275096
0.801,0.5006242197253433,0.4993757802746567,0.6039341757189858
0.8015,0.5003119151590767,0.4996880848409233,0.6040266200394558
0.802,0.5006234413965087,0.4993765586034913,0.6041057676689938
0.8025,0.5009345794392523,0.49906542056074765,0.6041544498736113
0.803,0.5012453300124533,0.4987546699875467,0.6042352429868512
0.8035,0.5015556938394524,0.4984443061605476,0.6042354202640036
0.804,0.5018656716417911,0.4981343283582089,0.6044018162037519
0.8045,0.5015537600994406,0.49844623990055936,0.604433592499313
0.805,0.5012422360248447,0.49875776397515525,0.6045145942455505
0.8055,0.5009310986964618,0.4990689013035382,0.6045317873989613
0.806,0.500620347394541,0.499379652605459,0.6045940503600462
0.8065,0.5009299442033478,0.4990700557966522,0.6045982493985401
0.807,0.5006195786864932,0.4993804213135068,0.6046061057715442
0.8075,0.5003095975232198,0.4996904024767802,0.6046828593759048
0.808,0.5006188118811881,0.49938118811881194,0.6048789485703359
0.8085,0.5003092145949288,0.49969078540507117,0.6050444592587839
0.809,0.5006180469715699,0.49938195302843014,0.6050917048608611
0.8095,0.5003088326127239,0.49969116738727615,0.6051248383805266
0.81,0.5,0.5,0.6051831918878756
0.8105,0.499691548426897,0.500308451573103,0.6052930172700037
0.811,0.5,0.5,0.6053595134635441
0.8115,0.5003080714725816,0.4996919285274184,0.6057382785370159
0.812,0.5,0.5,0.6057412843497992
0.8125,0.5003076923076923,0.49969230769230766,0.6057563197357075
0.813,0.5006150061500615,0.4993849938499385,0.6057890569823087
0.8135,0.5003073140749846,0.49969268592501537,0.6058469632537692
0.814,0.5006142506142506,0.4993857493857494,0.6058699655316044
0.8145,0.5009208103130756,0.49907918968692444,0.6059254971588683
0.815,0.5012269938650307,0.49877300613496933,0.6059574585782176
0.8155,0.5015328019619865,0.49846719803801354,0.6061267128176899
0.816,0.5018382352941176,0.49816176470588236,0.6062169923385231
0.8165,0.5015309246785058,0.4984690753214942,0.6062767782531864
0.817,0.5012239902080783,0.4987760097919217,0.6063779729532413
0.8175,0.5009174311926605,0.4990825688073395,0.6063789269585066
0.818,0.5006112469437652,0.49938875305623476,0.6065709775305685
0.8185,0.5009163103237629,0.49908368967623706,0.6065725316652664
0.819,0.5012210012210012,0.4987789987789988,0.606590944806896
0.8195,0.5015253203172666,0.4984746796827334,0.6066515036007989
0.82,0.501219512195122,0.49878048780487805,0.6066863366739552
0.8205,0.5009140767824497,0.4990859232175503,0.6067814775883826
0.821,0.5006090133982948,0.4993909866017052,0.6067896851432706
0.8215,0.5009129640900791,0.4990870359099209,0.6069667836481949
0.822,0.5006082725060828,0.49939172749391725,0.607046702284137
0.8225,0.5003039513677812,0.49969604863221884,0.6071481345408208
0.823,0.5006075334143378,0.49939246658566216,0.607148778552199
0.8235,0.5003035822707954,0.4996964177292046,0.6072983388606554
0.824,0.5006067961165048,0.4993932038834952,0.6073337761186204
0.8245,0.5003032140691328,0.4996967859308672,0.6074664400259899
0.825,0.5,0.5,0.6074913517395677
0.8255,0.5003028467595396,0.4996971532404604,0.6076711554549257
0.826,0.5006053268765133,0.49939467312348673,0.6077915697475921
0.8265,0.5009074410163339,0.4990925589836661,0.6078946446744815
0.827,0.5006045949214026,0.49939540507859737,0.6080032577200596
0.8275,0.5003021148036254,0.4996978851963746,0.6081188145736298
0.828,0.5,0.5,0.6082704722729595
0.8285,0.5003017501508751,0.4996982498491249,0.6082717408960032
0.829,0.5,0.5,0.6083469481137203
0.8295,0.5003013863773358,0.4996986136226642,0.6083844397598883
0.83,0.5,0.5,0.6084110756099355
0.8305,0.4996989765201686,0.5003010234798314,0.6085124537304106
0.831,0.5,0.5,0.6086838794689592
0.8315,0.5003006614552015,0.49969933854479853,0.6086974850429441
0.832,0.5006009615384616,0.49939903846153844,0.6088720236037939
0.8325,0.5009009009009009,0.4990990990990991,0.6091147670285191
0.833,0.5012004801920769,0.49879951980792314,0.6091909770500724
0.8335,0.501499700059988,0.498500299940012,0.6092063914427674
0.834,0.5011990407673861,0.4988009592326139,0.609268822832389
0.8345,0.5014979029358898,0.4985020970641102,0.609277903959873
0.835,0.5011976047904192,0.4988023952095808,0.6093287220312558
0.8355,0.5008976660682226,0.4991023339317774,0.6093424861485023
0.836,0.5005980861244019,0.49940191387559807,0.609374846295005
0.8365,0.5002988643156007,0.49970113568439933,0.609379373425333
0.837,0.5,0.5,0.6094726727565305
0.8375,0.49970149253731344,0.5002985074626866,0.6095168930492811
0.838,0.5,0.5,0.6096245367996771
0.8385,0.49970184853905786,0.5002981514609421,0.609653725826035
0.839,0.499404052443385,0.5005959475566151,0.6099056192590504
0.8395,0.4997022036926742,0.5002977963073258,0.6099254792732436
0.84,0.5,0.5,0.6099319192867472
0.8405,0.5002974419988102,0.4997025580011898,0.6099546384689853
0.841,0.5005945303210464,0.4994054696789536,0.6099794880727967
0.8415,0.5008912655971479,0.4991087344028521,0.610309155397664
0.842,0.501187648456057,0.498812351543943,0.6103528385040671
0.8425,0.5014836795252225,0.49851632047477745,0.6105245411995592
0.843,0.501779359430605,0.49822064056939497,0.6105664171839371
0.8435,0.5020746887966805,0.4979253112033195,0.6106703747872806
0.844,0.5017772511848341,0.49822274881516593,0.6106994457272891
0.8445,0.5014801657785672,0.49851983422143276,0.610771466336679
0.845,0.5017751479289941,0.49822485207100586,0.6107927770288603
0.8455,0.5014784151389711,0.49852158486102893,0.6109244233915263
0.846,0.50177304964539,0.49822695035460995,0.6110015043191847
0.8465,0.5014766686355582,0.4985233313644418,0.6110532399435172
0.847,0.5011806375442739,0.4988193624557261,0.6115315673325734
0.8475,0.5014749262536873,0.4985250737463127,0.6117539661422309
0.848,0.5017688679245284,0.49823113207547165,0.611784362819444
0.8485,0.5020624631703006,0.49793753682969943,0.6118191124726045
0.849,0.5017667844522968,0.49823321554770317,0.6118456414231448
0.8495,0.5014714537963508,0.49852854620364917,0.6119929019286113
0.85,0.5017647058823529,0.4982352941176471,0.611995182485608
0.8505,0.5020576131687243,0.4979423868312757,0.6120437351560672
0.851,0.5023501762632198,0.49764982373678024,0.612084925979641
0.8515,0.5020551967116853,0.4979448032883147,0.6121206822353864
0.852,0.5017605633802817,0.49823943661971826,0.6122402216013063
0.8525,0.501466275659824,0.49853372434017595,0.6122452896771609
0.853,0.5011723329425557,0.4988276670574443,0.6123797694035027
0.8535,0.5008787346221442,0.49912126537785584,0.612480121882471
0.854,0.5005854800936768,0.49941451990632324,0.6127974874631458
0.8545,0.5002925687536571,0.49970743124634287,0.6128593356896362
0.855,0.5,0.5,0.612862585862314
0.8555,0.5002922267679719,0.4997077732320281,0.6129094846334737
0.856,0.5005841121495327,0.4994158878504673,0.6129283488710258
0.8565,0.5002918855808524,0.49970811441914764,0.6131580475283244
0.857,0.5005834305717619,0.4994165694282381,0.6132640013042162
0.8575,0.5002915451895044,0.49970845481049564,0.6134085935036282
0.858,0.5,0.5,0.6136144319108627
0.8585,0.49970879440885263,0.5002912055911474,0.613627165210978
0.859,0.5,0.5,0.6137260708352267
0.8595,0.5002908667830134,0.4997091332169866,0.6141229306926476
0.86,0.5,0.5,0.6141532392874562
0.8605,0.5002905287623475,0.4997094712376525,0.6146247755025125
0.861,0.5,0.5,0.614710680112463
0.8615,0.5002901915264074,0.4997098084735926,0.6147472507794559
0.862,0.5,0.5,0.6147728713037226
0.8625,0.5002898550724638,0.4997101449275362,0.6148292868316958
0.863,0.5,0.5,0.6148507349021817
0.8635,0.49971048060220036,0.5002895193977996,0.6148646561283009
0.864,0.4994212962962963,0.5005787037037037,0.6148661665651504
0.8645,0.4991324465008676,0.5008675534991325,0.6150057780097613
0.865,0.49942196531791905,0.500578034682081,0.6154156325788709
0.8655,0.49913344887348354,0.5008665511265165,0.6154516939251178
0.866,0.49884526558891457,0.5011547344110854,0.6154817666002763
0.8665,0.49855741488747835,0.5014425851125217,0.6155698718417217
0.867,0.4988465974625144,0.5011534025374855,0.6155954953237863
0.8675,0.49913544668587895,0.500864553314121,0.615625732195693
0.868,0.4988479262672811,0.5011520737327189,0.6156897892281541
0.8685,0.4985607369027058,0.5014392630972941,0.6157320823945001
0.869,0.498849252013809,0.501150747986191,0.6157391327001703
0.8695,0.4991374353076481,0.5008625646923519,0.6157842968391208
0.87,0.49885057471264366,0.5011494252873563,0.6158993665312921
0.8705,0.49856404365307294,0.5014359563469271,0.6159439322556614
0.871,0.49827784156142363,0.5017221584385764,0.615973956107646
0.8715,0.4979919678714859,0.5020080321285141,0.6160407914432833
0.872,0.49827981651376146,0.5017201834862386,0.6160910981882359
0.8725,0.498567335243553,0.501432664756447,0.6162515283277891
0.873,0.49828178694158076,0.5017182130584192,0.6162592028413959
0.8735,0.4985689753863766,0.5014310246136233,0.6162855545530382
0.874,0.4988558352402746,0.5011441647597255,0.616565324039247
0.8745,0.4985706117781589,0.501429388221841,0.6166969644588873
0.875,0.4982857142857143,0.5017142857142858,0.6168657684338665
0.8755,0.4985722444317533,0.5014277555682467,0.6168777154730605
0.876,0.4988584474885845,0.5011415525114156,0.6169015129745287
0.8765,0.49914432401597264,0.5008556759840274,0.616943379316413
0.877,0.49942987457240595,0.500570125427594,0.6169861125539511
0.8775,0.4997150997150997,0.5002849002849004,0.6169970347625338
0.878,0.4994305239179954,0.5005694760820045,0.6170754650536507
0.8785,0.49971542401821284,0.5002845759817871,0.6171560707587629
0.879,0.49943117178612056,0.5005688282138794,0.6172536398576739
0.8795,0.49971574758385445,0.5002842524161455,0.6174075935798988
0.88,0.4994318181818182,0.5005681818181817,0.6175711760542846
0.8805,0.4991482112436116,0.5008517887563884,0.6176147749774821
0.881,0.4988649262202043,0.5011350737797957,0.617678512251433
0.8815,0.4985819625638117,0.5014180374361883,0.6179996951278686
0.882,0.4988662131519274,0.5011337868480725,0.6180034904167724
0.8825,0.4985835694050991,0.5014164305949009,0.6181906044710266
0.883,0.4983012457531144,0.5016987542468856,0.6183507851184713
0.8835,0.4980192416525184,0.5019807583474816,0.6184204983285151
0.884,0.497737556561086,0.502262443438914,0.6184408105224519
0.8845,0.4980214810627473,0.5019785189372528,0.61851335925397
0.885,0.4977401129943503,0.5022598870056497,0.618713239276216
0.8855,0.49745906267645396,0.5025409373235461,0.6188738568200256
0.886,0.49774266365688485,0.5022573363431151,0.618954338499532
0.8865,0.49746192893401014,0.5025380710659899,0.6192114663383812
0.887,0.4971815107102593,0.5028184892897407,0.6193725457592603
0.8875,0.49690140845070424,0.5030985915492958,0.6194230407881312
0.888,0.4966216216216216,0.5033783783783784,0.6194480792547027
0.8885,0.49634214969048956,0.5036578503095104,0.6195596216562543
0.889,0.49606299212598426,0.5039370078740157,0.6196169871859567
0.8895,0.4963462619449129,0.5036537380550872,0.6198391158049779
0.89,0.4966292134831461,0.503370786516854,0.619978286822515
0.8905,0.49691184727681076,0.5030881527231892,0.6200294188586335
0.891,0.49719416386083054,0.5028058361391694,0.620069736723926
0.8915,0.4974761637689288,0.5025238362310712,0.6202022595435315
0.892,0.4971973094170404,0.5028026905829597,0.6204605974205214
0.8925,0.49747899159663866,0.5025210084033613,0.6204970739699973
0.893,0.49720044792833146,0.5027995520716686,0.6207849304077455
0.8935,0.4974818130945719,0.502518186905428,0.6208218857525842
0.894,0.49720357941834453,0.5027964205816555,0.6214089068192206
0.8945,0.4974846282839575,0.5025153717160424,0.6217333499807935
0.895,0.4972067039106145,0.5027932960893855,0.6217478897449182
0.8955,0.496929089893914,0.503070910106086,0.6218599059528755
0.896,0.49720982142857145,0.5027901785714286,0.6219838485584016
0.8965,0.49693251533742333,0.5030674846625767,0.6222042603770945
0.897,0.49665551839464883,0.5033444816053512,0.6228592086488015
0.8975,0.4963788300835655,0.5036211699164346,0.6229487304440793
0.898,0.49610244988864144,0.5038975501113585,0.6230942701100386
0.8985,0.4958263772954925,0.5041736227045075,0.6231878632024046
0.899,0.4961067853170189,0.5038932146829811,0.623200432504273
0.8995,0.4963868816008894,0.5036131183991106,0.6234933280086968
0.9,0.4961111111111111,0.5038888888888888,0.6238263953495278
0.9005,0.4963908939478068,0.5036091060521932,0.6238383917849692
0.901,0.49667036625971145,0.5033296337402886,0.6238830798611659
0.9015,0.49694952856350527,0.5030504714364947,0.6239270361363449
0.902,0.49722838137472286,0.5027716186252771,0.6242540284609537
0.9025,0.4969529085872576,0.5030470914127424,0.6244831780067963
0.903,0.49667774086378735,0.5033222591362126,0.6245304426529577
0.9035,0.496956281128943,0.503043718871057,0.6246561981045224
0.904,0.49723451327433627,0.5027654867256637,0.6247582977521449
0.9045,0.4975124378109453,0.5024875621890548,0.6249146670744496
0.905,0.4977900552486188,0.5022099447513813,0.6249286761747206
0.9055,0.4980673660960795,0.5019326339039205,0.6253896915720598
0.906,0.49834437086092714,0.5016556291390728,0.6253903013996367
0.9065,0.49862107004964146,0.5013789299503586,0.6255403206483783
0.907,0.49889746416758546,0.5011025358324146,0.6258464551880876
0.9075,0.4991735537190083,0.5008264462809917,0.6262405553282805
0.908,0.4994493392070485,0.5005506607929515,0.6262509068478794
0.9085,0.49972482113373695,0.500275178866263,0.626560685209159
0.909,0.5,0.5,0.6266013162840436
0.9095,0.4997251236943375,0.5002748763056625,0.6266044241429363
0.91,0.49945054945054945,0.5005494505494505,0.6266898226367861
0.9105,0.49917627677100496,0.500823723228995,0.62677009674349
0.911,0.4994511525795829,0.5005488474204172,0.6268202758303194
0.9115,0.49972572682391664,0.5002742731760834,0.6268770357564488
0.912,0.5,0.5,0.6271500130628751
0.9125,0.5002739726027398,0.49972602739726024,0.627207718667348
0.913,0.5005476451259584,0.4994523548740416,0.6275581547753223
0.9135,0.5008210180623974,0.4991789819376026,0.6277606533477604
0.914,0.50054704595186,0.49945295404814005,0.6277799120974741
0.9145,0.5008201202843083,0.49917987971569167,0.6278083890096319
0.915,0.5010928961748634,0.4989071038251366,0.6280365683037814
0.9155,0.500819224467504,0.49918077553249596,0.6282153394782513
0.916,0.5005458515283843,0.49945414847161573,0.6286639802149132
0.9165,0.5008183306055647,0.4991816693944353,0.6288516973476175
0.917,0.5010905125408942,0.4989094874591058,0.6289828997359577
0.9175,0.5013623978201635,0.49863760217983655,0.6291262988514364
0.918,0.5016339869281046,0.49836601307189543,0.629403506713567
0.9185,0.5013609145345672,0.4986390854654328,0.6296412958031361
0.919,0.501088139281828,0.49891186071817195,0.6297636541231566
0.9195,0.5013594344752583,0.4986405655247417,0.629935191131094
0.92,0.5016304347826087,0.4983695652173913,0.6299788437331638
0.9205,0.5013579576317219,0.49864204236827814,0.6300365610395648
0.921,0.501085776330076,0.498914223669924,0.6301452993406996
0.9215,0.5008138903960934,0.49918610960390664,0.6304220253724082
0.922,0.5010845986984815,0.49891540130151846,0.6306031645455544
0.9225,0.5008130081300813,0.49918699186991866,0.6309781354516205
0.923,0.5010834236186349,0.4989165763813651,0.6310554537619899
0.9235,0.5013535462912831,0.49864645370871685,0.6310787271699552
0.924,0.5016233766233766,0.49837662337662336,0.6312225287374552
0.9245,0.5013520822065982,0.4986479177934018,0.6312552674692522
0.925,0.5010810810810811,0.49891891891891893,0.6312751617340657
0.9255,0.5008103727714749,0.4991896272285251,0.6315694882189296
0.926,0.5005399568034558,0.49946004319654425,0.6318933530560654
0.9265,0.5002698327037237,0.4997301672962763,0.6319055336916816
0.927,0.5,0.5,0.6321087022933554
0.9275,0.5002695417789758,0.49973045822102424,0.6323118936049097
0.928,0.5,0.5,0.6324850698668949
0.9285,0.5002692514808832,0.4997307485191168,0.6328326553243833
0.929,0.5,0.5,0.6334982157402176
0.9295,0.5002689618074233,0.4997310381925767,0.6339302353566222
0.93,0.5,0.5,0.6340265789042017
0.9305,0.4997313272434175,0.5002686727565825,0.6340445365289984
0.931,0.49946294307196565,0.5005370569280343,0.6344007611754665
0.9315,0.499194847020934,0.500805152979066,0.6349271716846476
0.932,0.4989270386266094,0.5010729613733906,0.6350375066451547
0.9325,0.49865951742627346,0.5013404825737265,0.6351315183415387
0.933,0.49892818863879956,0.5010718113612005,0.6351523342561194
0.9335,0.499196572040707,0.500803427959293,0.6353185096089597
0.934,0.4994646680942184,0.5005353319057816,0.6353643385665269
0.9345,0.49919743178170145,0.5008025682182986,0.63537600127098
0.935,0.49893048128342243,0.5010695187165776,0.6357441122329864
0.9355,0.4991982896846606,0.5008017103153394,0.6359075417918114
0.936,0.49946581196581197,0.500534188034188,0.6363685502914
0.9365,0.4997330485851575,0.5002669514148426,0.6364299333284416
0.937,0.5,0.5,0.6364453576215185
0.9375,0.4997333333333333,0.5002666666666666,0.6364781702800553
0.938,0.5,0.5,0.6371447712326062
0.9385,0.49973361747469364,0.5002663825253064,0.637313716074243
0.939,0.5,0.5,0.6373654397943991
0.9395,0.5002660989888238,0.4997339010111762,0.6376120125798272
0.94,0.5,0.5,0.6376279100881592
0.9405,0.49973418394471025,0.5002658160552897,0.6377463208535266
0.941,0.49946865037194477,0.5005313496280552,0.6379258341002282
0.9415,0.4997344662772172,0.5002655337227828,0.638539890091117
0.942,0.4994692144373673,0.5005307855626326,0.6391630419191912
0.9425,0.4992042440318302,0.5007957559681697,0.6393717398834535
0.943,0.49946977730646874,0.5005302226935313,0.6394848473249162
0.9435,0.49920508744038156,0.5007949125596185,0.6395948740622286
0.944,0.4989406779661017,0.5010593220338984,0.6398577042780641
0.9445,0.49867654843832715,0.5013234515616729,0.6401738737655451
0.945,0.49894179894179896,0.501058201058201,0.6403624822269847
0.9455,0.4992067689053411,0.5007932310946589,0.6404129849499349
0.946,0.49947145877378435,0.5005285412262157,0.6412042159294318
0.9465,0.49973586899101957,0.5002641310089804,0.6414894103718227
0.947,0.5,0.5,0.6415459261806569
0.9475,0.49973614775725594,0.5002638522427441,0.6415609356246073
0.948,0.5,0.5,0.6415772426915514
0.9485,0.5002635740643121,0.4997364259356879,0.6416710860624231
0.949,0.5005268703898841,0.4994731296101159,0.642194427757887
0.9495,0.5007898894154819,0.49921011058451814,0.6423376859535728
0.95,0.5005263157894737,0.4994736842105263,0.6424711081489702
0.9505,0.5007890583903208,0.49921094160967916,0.6427447649158823
0.951,0.5010515247108307,0.4989484752891693,0.6427517189182033
0.9515,0.5013137151865475,0.49868628481345245,0.6429251302217881
0.952,0.5015756302521008,0.49842436974789917,0.6431508905074745
0.9525,0.5013123359580053,0.4986876640419947,0.6431671948676793
0.953,0.5010493179433368,0.49895068205666315,0.6435048357578976
0.9535,0.5013109596224437,0.49868904037755635,0.6435060768671477
0.954,0.5010482180293501,0.49895178197064993,0.6440673193961657
0.9545,0.500785751702462,0.499214248297538,0.6443247748904095
0.955,0.5005235602094241,0.4994764397905759,0.6445360452747293
0.9555,0.5007849293563579,0.4992150706436421,0.644647039345563
0.956,0.5010460251046025,0.4989539748953975,0.6448617274462058
0.9565,0.5013068478829065,0.49869315211709353,0.6449777515853414
0.957,0.5015673981191222,0.4984326018808778,0.6450559190323417
0.9575,0.5018276762402089,0.49817232375979115,0.6451123970698225
0.958,0.5015657620041754,0.49843423799582465,0.6451476751609134
0.9585,0.5013041210224308,0.4986958789775692,0.6454311213309953
0.959,0.5010427528675704,0.4989572471324296,0.6466395676968313
0.9595,0.5007816571130798,0.49921834288692024,0.6472755372993619
0.96,0.5010416666666667,0.4989583333333333,0.6474810673932849
0.9605,0.5013014055179594,0.49869859448204057,0.6485254001292341
0.961,0.5015608740894901,0.4984391259105099,0.6487449504014384
0.9615,0.5018200728029121,0.4981799271970879,0.6490805834172724
0.962,0.5015592515592515,0.4984407484407485,0.649310321174662
0.9625,0.5018181818181818,0.49818181818181817,0.649469898950283
0.963,0.5020768431983386,0.49792315680166144,0.6494940568797319
0.9635,0.5023352361183187,0.49766476388168135,0.6496052777605448
0.964,0.5020746887966805,0.4979253112033195,0.6506082314745268
0.9645,0.5023328149300156,0.4976671850699844,0.6508145394539859
0.965,0.5025906735751295,0.49740932642487046,0.6513296291094328
0.9655,0.502848265147592,0.49715173485240804,0.651518800449651
0.966,0.5025879917184265,0.4974120082815735,0.6515551886779837
0.9665,0.5023279875840663,0.49767201241593373,0.6515634230268951
0.967,0.5020682523267839,0.49793174767321613,0.6522750073882646
0.9675,0.5023255813953489,0.4976744186046511,0.6524471287201554
0.968,0.5020661157024794,0.4979338842975206,0.6530446909544063
0.9685,0.5018069179143004,0.49819308208569957,0.6530968428576973
0.969,0.5020639834881321,0.4979360165118679,0.6531533928865607
0.9695,0.5018050541516246,0.4981949458483754,0.6536952294688385
0.97,0.5015463917525773,0.4984536082474227,0.6547918524193774
0.9705,0.5012879958784132,0.4987120041215868,0.6556528872467342
0.971,0.5010298661174047,0.49897013388259526,0.6560016882908427
0.9715,0.5012866700977869,0.49871332990221307,0.6561881208578566
0.972,0.5010288065843621,0.4989711934156379,0.6564615820062002
0.9725,0.5012853470437018,0.49871465295629824,0.6577709444098654
0.973,0.501027749229188,0.498972250770812,0.6579368274611952
0.9735,0.5012840267077555,0.4987159732922445,0.6580198085120159
0.974,0.5015400410677618,0.49845995893223816,0.6581954500418785
0.9745,0.5017957927142124,0.4982042072857876,0.6599822747039733
0.975,0.5015384615384615,0.4984615384615385,0.6604538278729879
0.9755,0.5017939518195798,0.49820604818042025,0.661944018972038
0.976,0.5015368852459017,0.4984631147540983,0.6628724655957248
0.9765,0.5017921146953405,0.49820788530465954,0.6633707157789321
0.977,0.5020470829068577,0.49795291709314227,0.6637476767037724
0.9775,0.5017902813299233,0.4982097186700767,0.6637623108562242
0.978,0.5020449897750511,0.4979550102249489,0.6639201398637922
0.9785,0.5017884517118038,0.49821154828819625,0.6640199883227773
0.979,0.5020429009193054,0.49795709908069463,0.664082991052938
0.9795,0.5022970903522205,0.4977029096477795,0.6644738471498206
0.98,0.5025510204081632,0.49744897959183676,0.6646340417342447
0.9805,0.5022947475777665,0.4977052524222335,0.6647086581106411
0.981,0.5020387359836901,0.4979612640163099,0.6648042861501698
0.9815,0.5017829852266938,0.49821701477330615,0.6650159221382657
0.982,0.5020366598778004,0.49796334012219956,0.6657118014238503
0.9825,0.5022900763358779,0.49770992366412214,0.6664928861443306
0.983,0.5025432349949135,0.4974567650050865,0.6667102233358798
0.9835,0.5027961362480935,0.4972038637519065,0.6673671200995636
0.984,0.5025406504065041,0.4974593495934959,0.6694182112227848
0.9845,0.5022854240731336,0.4977145759268664,0.6703614233589555
0.985,0.5025380710659898,0.4974619289340102,0.6716299779431104
0.9855,0.502283105022831,0.497716894977169,0.6724439056843601
0.986,0.5025354969574036,0.4974645030425964,0.6727840657662731
0.9865,0.5027876330461226,0.4972123669538774,0.6733556993160101
0.987,0.502532928064843,0.49746707193515705,0.673516607455136
0.9875,0.5022784810126583,0.49772151898734174,0.6741704171765086
0.988,0.5025303643724697,0.4974696356275303,0.6744753341116833
0.9885,0.5027819929185635,0.4972180070814365,0.6746848632951897
0.989,0.5030333670374115,0.4969666329625885,0.6749372996970968
0.9895,0.5032844871147044,0.4967155128852956,0.6752967373725034
0.99,0.5035353535353535,0.4964646464646465,0.67547017821191
0.9905,0.5037859666834932,0.4962140333165068,0.6757259268663309
0.991,0.5040363269424823,0.49596367305751765,0.6766944628057894
0.9915,0.5037821482602118,0.49621785173978816,0.67891611383893
0.992,0.5040322580645161,0.4959677419354839,0.6789767920917598
0.9925,0.5037783375314862,0.49622166246851385,0.6818753327813369
0.993,0.5035246727089627,0.49647532729103727,0.6851468642500835
0.9935,0.5037745344740815,0.4962254655259185,0.6855939291749481
0.994,0.5040241448692153,0.4959758551307847,0.6879804841601833
0.9945,0.5042735042735043,0.49572649572649574,0.6880246383264605
0.995,0.5045226130653266,0.49547738693467336,0.6887045695434888
0.9955,0.5047714716223004,0.4952285283776996,0.689042327495615
0.996,0.5045180722891566,0.49548192771084343,0.6896828871745458
0.9965,0.5042649272453588,0.49573507275464124,0.6904886305320412
0.997,0.5045135406218656,0.4954864593781344,0.6910623077897151
0.9975,0.5047619047619047,0.49523809523809526,0.6951939321221773
0.998,0.5050100200400801,0.4949899799599199,0.6961694614468033
0.9985,0.5052578868302454,0.4947421131697546,0.6998461702151887
0.999,0.5055055055055055,0.49449449449449445,0.7003590639928088
0.9995,0.5052526263131566,0.4947473736868434,0.7018102918083976
1.0,0.5055,0.49450000000000005,0.7134462166932276
