coverage,risk,accuracy,abstain_threshold
0.0005,0.0,1.0,0.07150818218182925
0.001,0.0,1.0,0.07192594426610516
0.0015,0.0,1.0,0.07193660068107
0.002,0.0,1.0,0.07200336783984368
0.0025,0.0,1.0,0.07238972264691873
0.003,0.0,1.0,0.07278821283111331
0.0035,0.0,1.0,0.0736471675817576
0.004,0.125,0.875,0.07510357955003583
0.0045,0.2222222222222222,0.7777777777777778,0.07562209986196905
0.005,0.3,0.7,0.0760245795175411
0.0055,0.36363636363636365,0.6363636363636364,0.07733137939268442
0.006,0.4166666666666667,0.5833333333333333,0.07779589087357341
0.0065,0.46153846153846156,0.5384615384615384,0.08172190819980446
0.007,0.5,0.5,0.08393228020244009
0.0075,0.4666666666666667,0.5333333333333333,0.08398192511935654
0.008,0.4375,0.5625,0.08410136841155202
0.0085,0.47058823529411764,0.5294117647058824,0.08639224959615727
0.009,0.5,0.5,0.08682756407377012
0.0095,0.5263157894736842,0.4736842105263158,0.08829935983855713
0.01,0.5,0.5,0.0895909109005884
0.0105,0.5238095238095238,0.47619047619047616,0.09000823131575802
0.011,0.5,0.5,0.09095860532806399
0.0115,0.4782608695652174,0.5217391304347826,0.09223451779865882
0.012,0.5,0.5,0.09505077594726641
0.0125,0.48,0.52,0.09539748344372373
0.013,0.46153846153846156,0.5384615384615384,0.09540963656196771
0.0135,0.4444444444444444,0.5555555555555556,0.09671921431827507
0.014,0.4642857142857143,0.5357142857142857,0.0970652150540518
0.0145,0.4482758620689655,0.5517241379310345,0.09735290332025048
0.015,0.43333333333333335,0.5666666666666667,0.09782497654583472
0.0155,0.41935483870967744,0.5806451612903225,0.09880775359973676
0.016,0.40625,0.59375,0.09886111039257112
0.0165,0.3939393939393939,0.6060606060606061,0.09892959267658702
0.017,0.4117647058823529,0.5882352941176471,0.09989002073582709
0.0175,0.4,0.6,0.10005463520620222
0.018,0.3888888888888889,0.6111111111111112,0.10110156530732045
0.0185,0.40540540540540543,0.5945945945945945,0.10283245464981888
0.019,0.39473684210526316,0.6052631578947368,0.1035132499266615
0.0195,0.38461538461538464,0.6153846153846154,0.10365354649829012
0.02,0.375,0.625,0.10413363585360746
0.0205,0.36585365853658536,0.6341463414634146,0.10424165875590335
0.021,0.35714285714285715,0.6428571428571428,0.10454537913536838
0.0215,0.37209302325581395,0.627906976744186,0.10503917064882262
0.022,0.38636363636363635,0.6136363636363636,0.10661407055620598
0.0225,0.37777777777777777,0.6222222222222222,0.11240107039068759
0.023,0.391304347826087,0.6086956521739131,0.11266450395549177
0.0235,0.40425531914893614,0.5957446808510638,0.11426507157488908
0.024,0.4166666666666667,0.5833333333333333,0.11432491004390938
0.0245,0.40816326530612246,0.5918367346938775,0.11453911150059254
0.025,0.4,0.6,0.11475311720730125
0.0255,0.39215686274509803,0.607843137254902,0.11792893280573935
0.026,0.38461538461538464,0.6153846153846154,0.11830561592441524
0.0265,0.37735849056603776,0.6226415094339622,0.1190645929874507
0.027,0.37037037037037035,0.6296296296296297,0.11937816216385022
0.0275,0.38181818181818183,0.6181818181818182,0.12015082336375871
0.028,0.375,0.625,0.12023474753662511
0.0285,0.38596491228070173,0.6140350877192983,0.122254644383394
0.029,0.3793103448275862,0.6206896551724138,0.12313206760746226
0.0295,0.3728813559322034,0.6271186440677966,0.1234357758169567
0.03,0.38333333333333336,0.6166666666666667,0.1254314959487997
0.0305,0.39344262295081966,0.6065573770491803,0.12584848825155237
0.031,0.4032258064516129,0.5967741935483871,0.12665850190228684
0.0315,0.4126984126984127,0.5873015873015873,0.12879523466333698
0.032,0.421875,0.578125,0.1297424002267779
0.0325,0.4307692307692308,0.5692307692307692,0.13061164354192673
0.033,0.4393939393939394,0.5606060606060606,0.13097808994854782
0.0335,0.44776119402985076,0.5522388059701493,0.13211378693775755
0.034,0.4411764705882353,0.5588235294117647,0.13259441739085837
0.0345,0.4492753623188406,0.5507246376811594,0.1338710966094515
0.035,0.44285714285714284,0.5571428571428572,0.13927906953235514
0.0355,0.43661971830985913,0.5633802816901409,0.1394130007410277
0.036,0.4444444444444444,0.5555555555555556,0.1421702049765955
0.0365,0.4520547945205479,0.547945205479452,0.14394002756545937
0.037,0.44594594594594594,0.5540540540540541,0.14493127322060906
0.0375,0.4533333333333333,0.5466666666666666,0.14604220220344521
0.038,0.4605263157894737,0.5394736842105263,0.14739376714118857
0.0385,0.45454545454545453,0.5454545454545454,0.14872385551661915
0.039,0.44871794871794873,0.5512820512820513,0.1503292895002452
0.0395,0.45569620253164556,0.5443037974683544,0.15039960815233344
0.04,0.45,0.55,0.15159080985693035
0.0405,0.4567901234567901,0.5432098765432098,0.15196455233132344
0.041,0.4634146341463415,0.5365853658536586,0.15249996558041612
0.0415,0.46987951807228917,0.5301204819277108,0.15340139549961113
0.042,0.4642857142857143,0.5357142857142857,0.15392531077567206
0.0425,0.4588235294117647,0.5411764705882354,0.15396223396553954
0.043,0.46511627906976744,0.5348837209302326,0.15396498414550103
0.0435,0.47126436781609193,0.5287356321839081,0.15396649005897756
0.044,0.4659090909090909,0.5340909090909092,0.15398669320178787
0.0445,0.47191011235955055,0.5280898876404494,0.1540057189278995
0.045,0.4666666666666667,0.5333333333333333,0.15401198726778226
0.0455,0.4725274725274725,0.5274725274725275,0.1540685984575721
0.046,0.4673913043478261,0.5326086956521738,0.1541022953718716
0.0465,0.46236559139784944,0.5376344086021505,0.15414734085671933
0.047,0.4574468085106383,0.5425531914893618,0.15419955722562478
0.0475,0.45263157894736844,0.5473684210526315,0.15421755828624029
0.048,0.4583333333333333,0.5416666666666667,0.15423104250363767
0.0485,0.4639175257731959,0.5360824742268041,0.15426277507923175
0.049,0.45918367346938777,0.5408163265306123,0.1543004027558515
0.0495,0.46464646464646464,0.5353535353535354,0.1543044821410285
0.05,0.47,0.53,0.1543212629553078
0.0505,0.46534653465346537,0.5346534653465347,0.15437501216270372
0.051,0.46078431372549017,0.5392156862745099,0.15437544278638798
0.0515,0.46601941747572817,0.5339805825242718,0.15441027477909114
0.052,0.46153846153846156,0.5384615384615384,0.15442488660502562
0.0525,0.45714285714285713,0.5428571428571429,0.15443056651463916
0.053,0.46226415094339623,0.5377358490566038,0.15445085549884358
0.0535,0.4672897196261682,0.5327102803738317,0.1545021280734304
0.054,0.4722222222222222,0.5277777777777778,0.154531871867214
0.0545,0.47706422018348627,0.5229357798165137,0.15456243699629502
0.055,0.4727272727272727,0.5272727272727273,0.15457909829684718
0.0555,0.4774774774774775,0.5225225225225225,0.1546133147784714
0.056,0.48214285714285715,0.5178571428571428,0.15464172709321866
0.0565,0.4778761061946903,0.5221238938053097,0.1546636692623154
0.057,0.47368421052631576,0.5263157894736843,0.1546705362368731
0.0575,0.4782608695652174,0.5217391304347826,0.15467166061196824
0.058,0.47413793103448276,0.5258620689655172,0.1546892154534943
0.0585,0.47863247863247865,0.5213675213675213,0.15472195382579101
0.059,0.4830508474576271,0.5169491525423728,0.15475266433681456
0.0595,0.48739495798319327,0.5126050420168067,0.1547685635309975
0.06,0.49166666666666664,0.5083333333333333,0.15480287135743925
0.0605,0.49586776859504134,0.5041322314049587,0.15487301351584365
0.061,0.4918032786885246,0.5081967213114754,0.15488272089056576
0.0615,0.4959349593495935,0.5040650406504066,0.15492494201222773
0.062,0.5,0.5,0.15494993368078547
0.0625,0.504,0.496,0.154999759234205
0.063,0.5,0.5,0.15501366099068004
0.0635,0.49606299212598426,0.5039370078740157,0.15507469632599802
0.064,0.4921875,0.5078125,0.15513524348355523
0.0645,0.49612403100775193,0.5038759689922481,0.15514080496002125
0.065,0.5,0.5,0.15523062966358886
0.0655,0.5038167938931297,0.4961832061068703,0.15526249237063222
0.066,0.5,0.5,0.1552901834280031
0.0665,0.5037593984962406,0.49624060150375937,0.15533309561444553
0.067,0.5074626865671642,0.4925373134328358,0.1553598465809955
0.0675,0.5111111111111111,0.48888888888888893,0.15541282274324675
0.068,0.5073529411764706,0.49264705882352944,0.15542331484459054
0.0685,0.5109489051094891,0.4890510948905109,0.15545662734914129
0.069,0.5072463768115942,0.49275362318840576,0.15551916518512787
0.0695,0.5035971223021583,0.49640287769784175,0.15557753215953457
0.07,0.5071428571428571,0.4928571428571429,0.15582063373775273
0.0705,0.5106382978723404,0.4893617021276596,0.15606669516667204
0.071,0.5140845070422535,0.4859154929577465,0.15608223768840063
0.0715,0.5104895104895105,0.4895104895104895,0.15609712345982307
0.072,0.5069444444444444,0.4930555555555556,0.15613246275965909
0.0725,0.503448275862069,0.496551724137931,0.15625999379333572
0.073,0.5,0.5,0.1562655827049787
0.0735,0.4965986394557823,0.5034013605442177,0.1562769536322478
0.074,0.5,0.5,0.15634225651157618
0.0745,0.5033557046979866,0.49664429530201337,0.15642121874795134
0.075,0.5,0.5,0.15657055281279314
0.0755,0.4966887417218543,0.5033112582781457,0.15666621239509992
0.076,0.5,0.5,0.15681267862794163
0.0765,0.49673202614379086,0.5032679738562091,0.157031952801097
0.077,0.5,0.5,0.15737043496543746
0.0775,0.5032258064516129,0.49677419354838714,0.15746900650317414
0.078,0.5064102564102564,0.4935897435897436,0.15755468223067243
0.0785,0.5031847133757962,0.4968152866242038,0.15783540917435707
0.079,0.5063291139240507,0.49367088607594933,0.15793709186973787
0.0795,0.5094339622641509,0.49056603773584906,0.15813752936885012
0.08,0.5125,0.48750000000000004,0.15817498251797824
0.0805,0.515527950310559,0.484472049689441,0.1582110220408956
0.081,0.5123456790123457,0.48765432098765427,0.15843282652483665
0.0815,0.5153374233128835,0.48466257668711654,0.15845681457792904
0.082,0.5182926829268293,0.4817073170731707,0.15855228864583576
0.0825,0.5212121212121212,0.47878787878787876,0.15892327889626445
0.083,0.5180722891566265,0.4819277108433735,0.1589561644048934
0.0835,0.5149700598802395,0.4850299401197605,0.1589800344720465
0.084,0.5178571428571429,0.4821428571428571,0.15940203009269538
0.0845,0.5207100591715976,0.47928994082840237,0.15943913102959106
0.085,0.5235294117647059,0.4764705882352941,0.15946481041680144
0.0855,0.5263157894736842,0.4736842105263158,0.1595452694930924
0.086,0.5290697674418605,0.4709302325581395,0.1596717038732588
0.0865,0.5260115606936416,0.47398843930635837,0.160058721688914
0.087,0.5229885057471264,0.4770114942528736,0.16035797157452053
0.0875,0.5257142857142857,0.4742857142857143,0.1604004684826859
0.088,0.5227272727272727,0.4772727272727273,0.16062766078499735
0.0885,0.519774011299435,0.480225988700565,0.16070411771594412
0.089,0.5224719101123596,0.4775280898876404,0.16076254046028726
0.0895,0.5251396648044693,0.4748603351955307,0.16076792236672355
0.09,0.5222222222222223,0.47777777777777775,0.16115499897703744
0.0905,0.5193370165745856,0.48066298342541436,0.16132949662665658
0.091,0.521978021978022,0.478021978021978,0.16181024874673056
0.0915,0.5245901639344263,0.47540983606557374,0.16230016090919147
0.092,0.5271739130434783,0.47282608695652173,0.1623008347344383
0.0925,0.5243243243243243,0.4756756756756757,0.16231014592572385
0.093,0.521505376344086,0.478494623655914,0.16254905397151703
0.0935,0.5240641711229946,0.47593582887700536,0.1627713273970346
0.094,0.526595744680851,0.473404255319149,0.16291290581796386
0.0945,0.5291005291005291,0.47089947089947093,0.16369581574272818
0.095,0.531578947368421,0.46842105263157896,0.16454107568538473
0.0955,0.5340314136125655,0.46596858638743455,0.16479612572236335
0.096,0.5364583333333334,0.46354166666666663,0.16517668349634668
0.0965,0.538860103626943,0.46113989637305697,0.16527441288833222
0.097,0.5412371134020618,0.4587628865979382,0.16569548386745847
0.0975,0.5435897435897435,0.45641025641025645,0.16617630319632942
0.098,0.5408163265306123,0.4591836734693877,0.16648692227021905
0.0985,0.5431472081218274,0.4568527918781726,0.16719911594646825
0.099,0.5454545454545454,0.4545454545454546,0.16750750701929484
0.0995,0.5477386934673367,0.4522613065326633,0.1676752448197698
0.1,0.55,0.44999999999999996,0.16776982510618826
0.1005,0.5472636815920398,0.45273631840796025,0.16797377336131153
0.101,0.5445544554455446,0.4554455445544554,0.16865604133586237
0.1015,0.541871921182266,0.458128078817734,0.16889438272941254
0.102,0.5441176470588235,0.4558823529411765,0.1695723052998354
0.1025,0.5414634146341464,0.4585365853658536,0.1696020200463506
0.103,0.5388349514563107,0.46116504854368934,0.16973901023909976
0.1035,0.5410628019323671,0.4589371980676329,0.1697535044250535
0.104,0.5432692307692307,0.4567307692307693,0.16982912855932442
0.1045,0.5454545454545454,0.4545454545454546,0.17094482452975124
0.105,0.5428571428571428,0.4571428571428572,0.1711951936335871
0.1055,0.5450236966824644,0.4549763033175356,0.17125696440991484
0.106,0.5424528301886793,0.4575471698113207,0.1714077728580201
0.1065,0.5446009389671361,0.45539906103286387,0.1722421347484207
0.107,0.5420560747663551,0.4579439252336449,0.1724704186607765
0.1075,0.5395348837209303,0.4604651162790697,0.1725325119531803
0.108,0.5416666666666666,0.45833333333333337,0.17281436479611095
0.1085,0.5391705069124424,0.4608294930875576,0.17316703341649214
0.109,0.5412844036697247,0.45871559633027525,0.17341790019764236
0.1095,0.5388127853881278,0.4611872146118722,0.17410953417941605
0.11,0.5409090909090909,0.4590909090909091,0.17468074645814602
0.1105,0.5384615384615384,0.46153846153846156,0.174954678503231
0.111,0.5405405405405406,0.45945945945945943,0.1756473832373967
0.1115,0.5426008968609866,0.45739910313901344,0.17570219458009084
0.112,0.5401785714285714,0.4598214285714286,0.17581160609401703
0.1125,0.5422222222222223,0.45777777777777773,0.17582190183033014
0.113,0.5398230088495575,0.4601769911504425,0.17590471228318094
0.1135,0.5418502202643172,0.4581497797356828,0.17628156818199875
0.114,0.543859649122807,0.45614035087719296,0.1765634644492134
0.1145,0.5458515283842795,0.4541484716157205,0.1765808429205319
0.115,0.5434782608695652,0.4565217391304348,0.17668024149498784
0.1155,0.5454545454545454,0.4545454545454546,0.1768625926728063
0.116,0.5474137931034483,0.4525862068965517,0.1769238777945198
0.1165,0.5493562231759657,0.45064377682403434,0.17716391663356273
0.117,0.5512820512820513,0.4487179487179487,0.17723994778377272
0.1175,0.548936170212766,0.451063829787234,0.1773879291460363
0.118,0.5466101694915254,0.4533898305084746,0.17769685439527833
0.1185,0.5485232067510548,0.4514767932489452,0.17840921357737383
0.119,0.5504201680672269,0.44957983193277307,0.1784448567317224
0.1195,0.5523012552301255,0.4476987447698745,0.17898867124731616
0.12,0.55,0.44999999999999996,0.17956765012766324
0.1205,0.5477178423236515,0.4522821576763485,0.18003526205918063
0.121,0.5495867768595041,0.4504132231404959,0.180220331398119
0.1215,0.551440329218107,0.44855967078189296,0.18028228683509284
0.122,0.5532786885245902,0.44672131147540983,0.180323252714563
0.1225,0.5551020408163265,0.4448979591836735,0.1811958839200925
0.123,0.556910569105691,0.44308943089430897,0.18124008848120549
0.1235,0.5546558704453441,0.44534412955465585,0.18127309173181483
0.124,0.5564516129032258,0.44354838709677424,0.18136616558299962
0.1245,0.5542168674698795,0.4457831325301205,0.18221219437995367
0.125,0.552,0.44799999999999995,0.18294912034263805
0.1255,0.5537848605577689,0.4462151394422311,0.183434990341595
0.126,0.5555555555555556,0.4444444444444444,0.18364825524870665
0.1265,0.5573122529644269,0.4426877470355731,0.18529189058098156
0.127,0.5551181102362205,0.4448818897637795,0.18571749565542245
0.1275,0.5568627450980392,0.44313725490196076,0.18616184390218632
0.128,0.55859375,0.44140625,0.18630777538958343
0.1285,0.556420233463035,0.44357976653696496,0.18648775025640962
0.129,0.5581395348837209,0.4418604651162791,0.18792336014392264
0.1295,0.555984555984556,0.444015444015444,0.18812678967935004
0.13,0.5538461538461539,0.4461538461538461,0.18862854977593102
0.1305,0.5517241379310345,0.4482758620689655,0.18878492398988606
0.131,0.5534351145038168,0.44656488549618323,0.18903524237133768
0.1315,0.5551330798479087,0.4448669201520913,0.19059847817778375
0.132,0.5568181818181818,0.44318181818181823,0.19125151214741865
0.1325,0.5584905660377358,0.44150943396226416,0.1922716112499635
0.133,0.5601503759398496,0.4398496240601504,0.19242038169325204
0.1335,0.5617977528089888,0.4382022471910112,0.19301477235021974
0.134,0.5634328358208955,0.43656716417910446,0.19305197565723758
0.1345,0.5650557620817844,0.43494423791821557,0.1930524603289615
0.135,0.562962962962963,0.437037037037037,0.19308714644254849
0.1355,0.5608856088560885,0.4391143911439115,0.19313670645404546
0.136,0.5625,0.4375,0.19319075550518305
0.1365,0.5604395604395604,0.43956043956043955,0.19320434311669116
0.137,0.5620437956204379,0.43795620437956206,0.19323143778858748
0.1375,0.5636363636363636,0.4363636363636364,0.19324476467240004
0.138,0.5652173913043478,0.4347826086956522,0.19326249669131984
0.1385,0.5631768953068592,0.4368231046931408,0.193293204333793
0.139,0.5611510791366906,0.4388489208633094,0.19337020156226536
0.1395,0.5591397849462365,0.4408602150537635,0.1933809977995281
0.14,0.5607142857142857,0.4392857142857143,0.19343048776451477
0.1405,0.5587188612099644,0.4412811387900356,0.19347903652467124
0.141,0.5567375886524822,0.44326241134751776,0.19350878278688877
0.1415,0.558303886925795,0.441696113074205,0.19355571582727787
0.142,0.5563380281690141,0.4436619718309859,0.19360950388179926
0.1425,0.5543859649122806,0.44561403508771935,0.19370954432546605
0.143,0.5524475524475524,0.4475524475524476,0.1937806747472623
0.1435,0.5505226480836237,0.4494773519163763,0.19384966432032086
0.144,0.5486111111111112,0.45138888888888884,0.19388263781179682
0.1445,0.5501730103806228,0.44982698961937717,0.19390516095341037
0.145,0.5482758620689655,0.4517241379310345,0.1939093396102909
0.1455,0.5463917525773195,0.45360824742268047,0.19392030641426183
0.146,0.5445205479452054,0.45547945205479456,0.1940272124485875
0.1465,0.5460750853242321,0.4539249146757679,0.19405700413984173
0.147,0.54421768707483,0.45578231292517,0.19409850015041613
0.1475,0.5423728813559322,0.4576271186440678,0.1941346862952701
0.148,0.5405405405405406,0.45945945945945943,0.1941609298388382
0.1485,0.5387205387205387,0.4612794612794613,0.19417053054009104
0.149,0.540268456375839,0.459731543624161,0.19423454703530807
0.1495,0.5384615384615384,0.46153846153846156,0.19441519315351613
0.15,0.5366666666666666,0.4633333333333334,0.1945333432069944
0.1505,0.5382059800664452,0.46179401993355484,0.19466223001182092
0.151,0.5364238410596026,0.4635761589403974,0.19468105691574994
0.1515,0.5346534653465347,0.4653465346534653,0.19474881720225146
0.152,0.5361842105263158,0.4638157894736842,0.19476906147644002
0.1525,0.5377049180327869,0.46229508196721314,0.1948726242296253
0.153,0.5359477124183006,0.46405228758169936,0.19491017186102527
0.1535,0.5342019543973942,0.46579804560260585,0.1950276910398756
0.154,0.5324675324675324,0.4675324675324676,0.19509953171873845
0.1545,0.5307443365695793,0.4692556634304207,0.19547250773621233
0.155,0.5290322580645161,0.47096774193548385,0.19548175963521564
0.1555,0.5273311897106109,0.4726688102893891,0.19557609056259034
0.156,0.5256410256410257,0.47435897435897434,0.19561733081234622
0.1565,0.5271565495207667,0.47284345047923326,0.19561949304329368
0.157,0.5286624203821656,0.4713375796178344,0.19571468555187127
0.1575,0.526984126984127,0.473015873015873,0.19586536027402396
0.158,0.5253164556962026,0.47468354430379744,0.1959673111844334
0.1585,0.5236593059936908,0.4763406940063092,0.19600408401604752
0.159,0.5220125786163522,0.4779874213836478,0.19604016565458166
0.1595,0.5235109717868338,0.4764890282131662,0.19607091628257267
0.16,0.521875,0.478125,0.1964208621143933
0.1605,0.5233644859813084,0.47663551401869164,0.1965121798604199
0.161,0.5248447204968945,0.47515527950310554,0.19678563622035766
0.1615,0.5263157894736842,0.4736842105263158,0.1968091389253258
0.162,0.5246913580246914,0.47530864197530864,0.19703042202808047
0.1625,0.5230769230769231,0.4769230769230769,0.1977329011515565
0.163,0.5245398773006135,0.47546012269938653,0.19775887508011103
0.1635,0.5259938837920489,0.4740061162079511,0.19789374333420895
0.164,0.524390243902439,0.47560975609756095,0.1983344258671612
0.1645,0.5258358662613982,0.4741641337386018,0.19837259173128963
0.165,0.5242424242424243,0.4757575757575757,0.19851129740895623
0.1655,0.5226586102719033,0.4773413897280967,0.19852226211101553
0.166,0.5210843373493976,0.47891566265060237,0.19862611013526799
0.1665,0.5195195195195195,0.48048048048048053,0.1997677733165884
0.167,0.5179640718562875,0.48203592814371254,0.19986864717932118
0.1675,0.5164179104477612,0.4835820895522388,0.19987262414427387
0.168,0.5148809523809523,0.48511904761904767,0.2001739221224072
0.1685,0.5133531157270029,0.48664688427299707,0.20018813789629125
0.169,0.514792899408284,0.485207100591716,0.2002584020590053
0.1695,0.5132743362831859,0.48672566371681414,0.20034768922978263
0.17,0.5117647058823529,0.4882352941176471,0.2004342006858592
0.1705,0.5102639296187683,0.4897360703812317,0.2005561989214108
0.171,0.5087719298245614,0.49122807017543857,0.2007918570751367
0.1715,0.5072886297376094,0.49271137026239065,0.20153666489123362
0.172,0.5058139534883721,0.4941860465116279,0.20205037344260457
0.1725,0.5072463768115942,0.49275362318840576,0.20209147205005001
0.173,0.5057803468208093,0.4942196531791907,0.2026076448076879
0.1735,0.5072046109510087,0.49279538904899134,0.2029194450604861
0.174,0.5086206896551724,0.4913793103448276,0.20306479648701625
0.1745,0.5100286532951289,0.4899713467048711,0.20320091574340243
0.175,0.5085714285714286,0.49142857142857144,0.20324920870504104
0.1755,0.50997150997151,0.49002849002849,0.20328305038568456
0.176,0.5113636363636364,0.48863636363636365,0.20335888675518382
0.1765,0.509915014164306,0.49008498583569404,0.20351119473006796
0.177,0.5084745762711864,0.4915254237288136,0.20492917230790592
0.1775,0.5098591549295775,0.49014084507042255,0.2052274529236689
0.178,0.5084269662921348,0.4915730337078652,0.20527638993057712
0.1785,0.5070028011204482,0.49299719887955185,0.2056771891582826
0.179,0.5083798882681564,0.4916201117318436,0.20575728180594988
0.1795,0.5069637883008357,0.49303621169916434,0.20765942123508146
0.18,0.5055555555555555,0.49444444444444446,0.20888751271958567
0.1805,0.5041551246537396,0.4958448753462604,0.20899759732963485
0.181,0.505524861878453,0.494475138121547,0.20929254158945731
0.1815,0.5041322314049587,0.49586776859504134,0.20984442297476424
0.182,0.5054945054945055,0.4945054945054945,0.2104756405327397
0.1825,0.5068493150684932,0.4931506849315068,0.21078514677650362
0.183,0.505464480874317,0.49453551912568305,0.21102820514619386
0.1835,0.5068119891008175,0.4931880108991825,0.2115150025512148
0.184,0.5054347826086957,0.4945652173913043,0.2122861886887959
0.1845,0.5040650406504065,0.49593495934959353,0.21240299823763498
0.185,0.5027027027027027,0.4972972972972973,0.21281646895113848
0.1855,0.5040431266846361,0.49595687331536387,0.2130399651034668
0.186,0.5026881720430108,0.49731182795698925,0.21370243710351833
0.1865,0.5040214477211796,0.4959785522788204,0.2138782557328382
0.187,0.5026737967914439,0.49732620320855614,0.21402182886675714
0.1875,0.504,0.496,0.21546366768175185
0.188,0.5026595744680851,0.49734042553191493,0.215707913230608
0.1885,0.5039787798408488,0.4960212201591512,0.21596528594064113
0.189,0.5026455026455027,0.4973544973544973,0.21649368601038094
0.1895,0.503957783641161,0.49604221635883905,0.2165192221431867
0.19,0.5052631578947369,0.49473684210526314,0.21676067180211195
0.1905,0.5039370078740157,0.49606299212598426,0.2169939818123537
0.191,0.5026178010471204,0.4973821989528796,0.21701227309573567
0.1915,0.5013054830287206,0.4986945169712794,0.2171724222233204
0.192,0.5026041666666666,0.49739583333333337,0.21725083339029355
0.1925,0.5012987012987012,0.49870129870129876,0.21734445363244553
0.193,0.5,0.5,0.21737555976962292
0.1935,0.49870801033591733,0.5012919896640826,0.21738708937571632
0.194,0.49742268041237114,0.5025773195876289,0.2174512562285681
0.1945,0.4961439588688946,0.5038560411311054,0.21755156146146698
0.195,0.49743589743589745,0.5025641025641026,0.21757135743929307
0.1955,0.4961636828644501,0.5038363171355499,0.2175878852226517
0.196,0.49744897959183676,0.5025510204081632,0.2176376664410241
0.1965,0.4961832061068702,0.5038167938931297,0.21769721262346098
0.197,0.4949238578680203,0.5050761421319797,0.21775717190758748
0.1975,0.4936708860759494,0.5063291139240507,0.21809236318990122
0.198,0.49242424242424243,0.5075757575757576,0.21811951935663693
0.1985,0.491183879093199,0.508816120906801,0.21835669386603074
0.199,0.49246231155778897,0.507537688442211,0.21914563768889317
0.1995,0.49373433583959897,0.5062656641604011,0.21920622077070412
0.2,0.495,0.505,0.21923399102434682
0.2005,0.4937655860349127,0.5062344139650873,0.2194489865148232
0.201,0.49502487562189057,0.5049751243781094,0.2194698104977863
0.2015,0.49379652605459057,0.5062034739454094,0.21971890537721606
0.202,0.49257425742574257,0.5074257425742574,0.2199725621121455
0.2025,0.49135802469135803,0.508641975308642,0.2200763494377257
0.203,0.49261083743842365,0.5073891625615763,0.22009744816769644
0.2035,0.4914004914004914,0.5085995085995085,0.22027605892548724
0.204,0.49019607843137253,0.5098039215686274,0.2203640624855976
0.2045,0.49144254278728605,0.508557457212714,0.22054955502930867
0.205,0.4902439024390244,0.5097560975609756,0.22058224054558728
0.2055,0.48905109489051096,0.5109489051094891,0.2205999200292943
0.206,0.49029126213592233,0.5097087378640777,0.22065612875009705
0.2065,0.4891041162227603,0.5108958837772397,0.2209329225868673
0.207,0.49033816425120774,0.5096618357487923,0.22104278654514897
0.2075,0.4891566265060241,0.5108433734939759,0.22132381146326668
0.208,0.49038461538461536,0.5096153846153846,0.22140021930042098
0.2085,0.49160671462829736,0.5083932853717026,0.22167578781988662
0.209,0.4904306220095694,0.5095693779904307,0.221927645687308
0.2095,0.4892601431980907,0.5107398568019093,0.22192975921271324
0.21,0.4880952380952381,0.5119047619047619,0.22205588927309367
0.2105,0.48931116389548696,0.510688836104513,0.22257848585498546
0.211,0.490521327014218,0.509478672985782,0.22258974390544328
0.2115,0.48936170212765956,0.5106382978723405,0.22268654497803397
0.212,0.49056603773584906,0.5094339622641509,0.2227002397746748
0.2125,0.49176470588235294,0.5082352941176471,0.22318465805878496
0.213,0.49061032863849763,0.5093896713615024,0.22376560951291224
0.2135,0.4894613583138173,0.5105386416861827,0.22417895541543836
0.214,0.4883177570093458,0.5116822429906542,0.22495135006674216
0.2145,0.48717948717948717,0.5128205128205128,0.2251387018432358
0.215,0.48604651162790696,0.5139534883720931,0.225241562032494
0.2155,0.48491879350348027,0.5150812064965198,0.22527899280105784
0.216,0.4837962962962963,0.5162037037037037,0.22564283312693267
0.2165,0.48498845265588914,0.5150115473441108,0.22568939929393256
0.217,0.4838709677419355,0.5161290322580645,0.2257115363886511
0.2175,0.4827586206896552,0.5172413793103448,0.22575940304373987
0.218,0.48394495412844035,0.5160550458715596,0.22586508463707888
0.2185,0.482837528604119,0.517162471395881,0.2268351254401768
0.219,0.4817351598173516,0.5182648401826484,0.22720758549602044
0.2195,0.48291571753986334,0.5170842824601367,0.22728648471589658
0.22,0.4818181818181818,0.5181818181818182,0.22732568246868218
0.2205,0.48072562358276644,0.5192743764172336,0.2273812535925437
0.221,0.4796380090497738,0.5203619909502262,0.227747260886762
0.2215,0.4785553047404063,0.5214446952595937,0.22807478788397756
0.222,0.4774774774774775,0.5225225225225225,0.22822567980000508
0.2225,0.4764044943820225,0.5235955056179775,0.22825389390016682
0.223,0.47533632286995514,0.5246636771300448,0.2282674581001018
0.2235,0.47651006711409394,0.5234899328859061,0.22857466336848803
0.224,0.47544642857142855,0.5245535714285714,0.22900004700630344
0.2245,0.47438752783964366,0.5256124721603563,0.22946943740741804
0.225,0.47333333333333333,0.5266666666666666,0.22964261958580995
0.2255,0.4722838137472284,0.5277161862527716,0.22965136420956034
0.226,0.47123893805309736,0.5287610619469026,0.23030446109662717
0.2265,0.47240618101545256,0.5275938189845475,0.230529329648054
0.227,0.473568281938326,0.526431718061674,0.23060819120038162
0.2275,0.4747252747252747,0.5252747252747253,0.2315498518559297
0.228,0.4758771929824561,0.5241228070175439,0.231564642104526
0.2285,0.47702407002188185,0.5229759299781181,0.23200017047553112
0.229,0.4781659388646288,0.5218340611353711,0.23218360593732068
0.2295,0.477124183006536,0.522875816993464,0.23238970036560586
0.23,0.4782608695652174,0.5217391304347826,0.23251697856767845
0.2305,0.4772234273318872,0.5227765726681128,0.2326432828364598
0.231,0.47619047619047616,0.5238095238095238,0.23289576137093038
0.2315,0.47516198704103674,0.5248380129589633,0.23310884778491953
0.232,0.47413793103448276,0.5258620689655172,0.23311815060122404
0.2325,0.4731182795698925,0.5268817204301075,0.23313244934197297
0.233,0.4721030042918455,0.5278969957081545,0.23339223985986524
0.2335,0.47109207708779444,0.5289079229122056,0.23344325371785196
0.234,0.4700854700854701,0.5299145299145299,0.23383967749536327
0.2345,0.47121535181236673,0.5287846481876333,0.23386101700578582
0.235,0.4702127659574468,0.5297872340425531,0.23391459132781722
0.2355,0.4692144373673036,0.5307855626326964,0.23397052053447565
0.236,0.4703389830508475,0.5296610169491525,0.23401282939289658
0.2365,0.4714587737843552,0.5285412262156448,0.2342975205839007
0.237,0.47257383966244726,0.5274261603375527,0.23445481290465148
0.2375,0.47157894736842104,0.5284210526315789,0.23451965296897703
0.238,0.4726890756302521,0.5273109243697479,0.2353814839302184
0.2385,0.47379454926624737,0.5262054507337526,0.2357106712139494
0.239,0.47280334728033474,0.5271966527196652,0.23572343888252778
0.2395,0.4718162839248434,0.5281837160751566,0.23661865149407196
0.24,0.4708333333333333,0.5291666666666667,0.23678312196161122
0.2405,0.4698544698544699,0.5301455301455301,0.2370628286383546
0.241,0.46887966804979253,0.5311203319502075,0.23773293399086592
0.2415,0.46790890269151136,0.5320910973084887,0.2378096140108329
0.242,0.4669421487603306,0.5330578512396694,0.23826188875322823
0.2425,0.465979381443299,0.534020618556701,0.2383230777637897
0.243,0.4670781893004115,0.5329218106995885,0.23921172702841675
0.2435,0.4681724845995893,0.5318275154004106,0.23993724037813507
0.244,0.4672131147540984,0.5327868852459017,0.24036091959354916
0.2445,0.4662576687116564,0.5337423312883436,0.24042733576367237
0.245,0.46530612244897956,0.5346938775510204,0.24057658650190716
0.2455,0.4663951120162933,0.5336048879837068,0.24066019041060727
0.246,0.4654471544715447,0.5345528455284553,0.24202388262941504
0.2465,0.4645030425963489,0.5354969574036511,0.2423002391398847
0.247,0.46558704453441296,0.534412955465587,0.24240933357568178
0.2475,0.46464646464646464,0.5353535353535354,0.24269728419794678
0.248,0.4657258064516129,0.5342741935483871,0.243895174063387
0.2485,0.4647887323943662,0.5352112676056338,0.24389860430657107
0.249,0.463855421686747,0.536144578313253,0.2443272333058989
0.2495,0.46292585170340683,0.5370741482965932,0.24503516386874552
0.25,0.464,0.536,0.2465659908562714
0.2505,0.4630738522954092,0.5369261477045908,0.24759503065665117
0.251,0.46215139442231074,0.5378486055776892,0.24765452624325163
0.2515,0.46123260437375746,0.5387673956262425,0.2478220119608444
0.252,0.4603174603174603,0.5396825396825398,0.24785253626658726
0.2525,0.4594059405940594,0.5405940594059406,0.24827816601920843
0.253,0.46047430830039526,0.5395256916996047,0.249034544493076
0.2535,0.45956607495069035,0.5404339250493096,0.24970069012146845
0.254,0.46062992125984253,0.5393700787401574,0.25022601926164223
0.2545,0.45972495088408644,0.5402750491159136,0.250247453733733
0.255,0.4588235294117647,0.5411764705882354,0.251119455486392
0.2555,0.4598825831702544,0.5401174168297456,0.2511719928405935
0.256,0.458984375,0.541015625,0.25141193864295386
0.2565,0.4600389863547758,0.5399610136452242,0.25162146217763204
0.257,0.46108949416342415,0.5389105058365758,0.2522971342262195
0.2575,0.4601941747572815,0.5398058252427185,0.2526617349431136
0.258,0.45930232558139533,0.5406976744186047,0.25268522388127407
0.2585,0.46034816247582205,0.5396518375241779,0.25279171507208226
0.259,0.4613899613899614,0.5386100386100385,0.2528173801460428
0.2595,0.4605009633911368,0.5394990366088632,0.25319505377462703
0.26,0.4596153846153846,0.5403846153846155,0.25324154250608477
0.2605,0.46065259117082535,0.5393474088291746,0.2533916366540572
0.261,0.45977011494252873,0.5402298850574713,0.2537995632984021
0.2615,0.4588910133843212,0.5411089866156789,0.25403132695628705
0.262,0.4580152671755725,0.5419847328244275,0.25428274350210583
0.2625,0.45714285714285713,0.5428571428571429,0.2546459298841346
0.263,0.45817490494296575,0.5418250950570342,0.25543512339586383
0.2635,0.4573055028462998,0.5426944971537002,0.25555620122561734
0.264,0.4564393939393939,0.5435606060606061,0.25564669200573015
0.2645,0.4555765595463138,0.5444234404536862,0.25677823118016385
0.265,0.45660377358490567,0.5433962264150943,0.2568955042816014
0.2655,0.4576271186440678,0.5423728813559322,0.2573683913229643
0.266,0.45864661654135336,0.5413533834586466,0.2575089923532472
0.2665,0.4596622889305816,0.5403377110694184,0.2576594256751647
0.267,0.45880149812734083,0.5411985018726592,0.2596622984056903
0.2675,0.45981308411214955,0.5401869158878505,0.2599162173392551
0.268,0.458955223880597,0.541044776119403,0.26015544539176044
0.2685,0.45996275605214154,0.5400372439478585,0.26063304967293294
0.269,0.4591078066914498,0.5408921933085502,0.260738376050969
0.2695,0.4582560296846011,0.5417439703153989,0.26130271963790824
0.27,0.45740740740740743,0.5425925925925925,0.261607039310783
0.2705,0.4565619223659889,0.5434380776340111,0.2634719440964997
0.271,0.45571955719557194,0.5442804428044281,0.2661482076993599
0.2715,0.4548802946593002,0.5451197053406998,0.26675566861908706
0.272,0.45588235294117646,0.5441176470588236,0.266981800952405
0.2725,0.45688073394495415,0.5431192660550459,0.2678723976191279
0.273,0.45604395604395603,0.543956043956044,0.2681557652969209
0.2735,0.45521023765996343,0.5447897623400366,0.2689525144163073
0.274,0.4562043795620438,0.5437956204379562,0.2699578281321977
0.2745,0.4553734061930783,0.5446265938069217,0.26999907778422866
0.275,0.45636363636363636,0.5436363636363637,0.2705371063061916
0.2755,0.4573502722323049,0.5426497277676952,0.2714513689426414
0.276,0.45652173913043476,0.5434782608695652,0.27157078523663236
0.2765,0.45569620253164556,0.5443037974683544,0.27193310510347063
0.277,0.4566787003610108,0.5433212996389891,0.2736162413667321
0.2775,0.45585585585585586,0.5441441441441441,0.2739816597448152
0.278,0.4550359712230216,0.5449640287769784,0.27494774430173874
0.2785,0.4542190305206463,0.5457809694793536,0.2749517404170825
0.279,0.45340501792114696,0.546594982078853,0.275707657812899
0.2795,0.4543828264758497,0.5456171735241503,0.2765149782068492
0.28,0.45535714285714285,0.5446428571428572,0.2766084674929976
0.2805,0.4563279857397504,0.5436720142602496,0.27725129220242034
0.281,0.4555160142348754,0.5444839857651246,0.2773401277485814
0.2815,0.4564831261101243,0.5435168738898757,0.277518624761335
0.282,0.45567375886524825,0.5443262411347518,0.27758247851394086
0.2825,0.45486725663716815,0.5451327433628319,0.27840515291712725
0.283,0.4558303886925795,0.5441696113074205,0.2786644843144222
0.2835,0.455026455026455,0.544973544973545,0.28018501396633155
0.284,0.45422535211267606,0.545774647887324,0.2803411179512386
0.2845,0.45342706502636204,0.5465729349736379,0.28055355530501647
0.285,0.45263157894736844,0.5473684210526315,0.28104791785936
0.2855,0.45359019264448336,0.5464098073555166,0.2819625801716443
0.286,0.4527972027972028,0.5472027972027972,0.2833034419431093
0.2865,0.4537521815008726,0.5462478184991274,0.2835748502588329
0.287,0.4529616724738676,0.5470383275261324,0.28374305260920196
0.2875,0.4539130434782609,0.5460869565217391,0.28605751466935686
0.288,0.4548611111111111,0.5451388888888888,0.2868617702660833
0.2885,0.4558058925476603,0.5441941074523398,0.2874304943059977
0.289,0.45501730103806226,0.5449826989619377,0.2877308613746268
0.2895,0.4542314335060449,0.5457685664939551,0.2878510320935482
0.29,0.45517241379310347,0.5448275862068965,0.2879986428824904
0.2905,0.45438898450946646,0.5456110154905336,0.28814970247227895
0.291,0.45532646048109965,0.5446735395189004,0.28818904043012766
0.2915,0.4562607204116638,0.5437392795883362,0.2890571608349356
0.292,0.4571917808219178,0.5428082191780822,0.28952734428878446
0.2925,0.4564102564102564,0.5435897435897437,0.2897433141066473
0.293,0.45733788395904434,0.5426621160409557,0.2897697571888344
0.2935,0.45826235093696766,0.5417376490630323,0.2897991709190115
0.294,0.45918367346938777,0.5408163265306123,0.2901273729025062
0.2945,0.45840407470288624,0.5415959252971138,0.2906493627901098
0.295,0.45932203389830506,0.5406779661016949,0.29067703805446843
0.2955,0.4602368866328257,0.5397631133671743,0.2910945618295263
0.296,0.4594594594594595,0.5405405405405406,0.29144510934572715
0.2965,0.45868465430016864,0.5413153456998314,0.2920760296752731
0.297,0.45791245791245794,0.5420875420875421,0.29318685050540083
0.2975,0.45714285714285713,0.5428571428571429,0.2932127779683284
0.298,0.4563758389261745,0.5436241610738255,0.2939668398483152
0.2985,0.457286432160804,0.542713567839196,0.29397677811529693
0.299,0.45819397993311034,0.5418060200668897,0.2941392786263097
0.2995,0.4590984974958264,0.5409015025041737,0.2941407155483608
0.3,0.46,0.54,0.2941706233712224
0.3005,0.46089850249584025,0.5391014975041597,0.2944566211145224
0.301,0.46179401993355484,0.5382059800664452,0.29507513260813106
0.3015,0.4626865671641791,0.5373134328358209,0.29572190353311156
0.302,0.46357615894039733,0.5364238410596027,0.29859018806812637
0.3025,0.4628099173553719,0.5371900826446281,0.29898927850300283
0.303,0.4636963696369637,0.5363036303630363,0.2994268716431098
0.3035,0.4645799011532125,0.5354200988467874,0.2998477679757185
0.304,0.46381578947368424,0.5361842105263157,0.30039147523103227
0.3045,0.4630541871921182,0.5369458128078818,0.3012891943959599
0.305,0.46229508196721314,0.5377049180327869,0.3022723202895928
0.3055,0.46153846153846156,0.5384615384615384,0.30237470985704407
0.306,0.4624183006535948,0.5375816993464052,0.3031365745447566
0.3065,0.46166394779771613,0.5383360522022839,0.30426370279479675
0.307,0.46254071661237783,0.5374592833876222,0.3054175905302624
0.3075,0.4634146341463415,0.5365853658536586,0.3059650511342628
0.308,0.4642857142857143,0.5357142857142857,0.30602767091490274
0.3085,0.46353322528363045,0.5364667747163696,0.30607518312627047
0.309,0.46440129449838186,0.5355987055016181,0.3063562953621887
0.3095,0.46526655896607433,0.5347334410339257,0.30667252882725465
0.31,0.4645161290322581,0.5354838709677419,0.30689519820075634
0.3105,0.46537842190016104,0.5346215780998389,0.30701191232609065
0.311,0.4662379421221865,0.5337620578778135,0.3075118467740568
0.3115,0.46709470304975925,0.5329052969502408,0.3084489034005418
0.312,0.46634615384615385,0.5336538461538461,0.30932263926564707
0.3125,0.4656,0.5344,0.3104026728941943
0.313,0.46485623003194887,0.5351437699680511,0.31098400097544326
0.3135,0.46411483253588515,0.5358851674641149,0.3110837608888782
0.314,0.46496815286624205,0.535031847133758,0.31151284177467914
0.3145,0.4642289348171701,0.5357710651828299,0.3128567515120166
0.315,0.4634920634920635,0.5365079365079365,0.31438691757837484
0.3155,0.4643423137876387,0.5356576862123613,0.31605583499085205
0.316,0.46360759493670883,0.5363924050632911,0.31607453552185877
0.3165,0.4628751974723539,0.537124802527646,0.31644297100698937
0.317,0.4637223974763407,0.5362776025236593,0.3174004676452273
0.3175,0.4645669291338583,0.5354330708661417,0.3177897868331342
0.318,0.46540880503144655,0.5345911949685535,0.31920538654484154
0.3185,0.46467817896389324,0.5353218210361068,0.3208166328757914
0.319,0.46551724137931033,0.5344827586206897,0.3212078582409368
0.3195,0.46635367762128327,0.5336463223787167,0.32130494063320025
0.32,0.465625,0.534375,0.3213793414466864
0.3205,0.46489859594383776,0.5351014040561622,0.3215723476479299
0.321,0.4657320872274143,0.5342679127725857,0.3216419141491587
0.3215,0.4665629860031104,0.5334370139968896,0.3219222700478867
0.322,0.4658385093167702,0.5341614906832298,0.32263068464127287
0.3225,0.4666666666666667,0.5333333333333333,0.32312064083752273
0.323,0.4674922600619195,0.5325077399380804,0.32417678022380336
0.3235,0.4667697063369397,0.5332302936630603,0.3252626148320758
0.324,0.4675925925925926,0.5324074074074074,0.32592022627199296
0.3245,0.46687211093990755,0.5331278890600925,0.32649592043597275
0.325,0.46615384615384614,0.5338461538461539,0.3275004132411347
0.3255,0.46697388632872505,0.533026113671275,0.3288669427699739
0.326,0.4662576687116564,0.5337423312883436,0.3288918293828254
0.3265,0.4670750382848392,0.5329249617151608,0.3300200393665365
0.327,0.46636085626911317,0.5336391437308868,0.331076732793583
0.3275,0.467175572519084,0.532824427480916,0.3333932930449718
0.328,0.46646341463414637,0.5335365853658536,0.3351541553005782
0.3285,0.4672754946727549,0.5327245053272451,0.33522861748425553
0.329,0.46656534954407297,0.5334346504559271,0.3355959410351085
0.3295,0.4658573596358118,0.5341426403641882,0.33573533338889
0.33,0.46515151515151515,0.5348484848484849,0.33623142632667224
0.3305,0.46444780635400906,0.5355521936459909,0.33672751759894837
0.331,0.4637462235649547,0.5362537764350452,0.3370170661119633
0.3315,0.46304675716440424,0.5369532428355958,0.33701964398413903
0.332,0.4623493975903614,0.5376506024096386,0.33705613245231797
0.3325,0.4616541353383459,0.5383458646616541,0.3374245835888113
0.333,0.46096096096096095,0.539039039039039,0.3380103006772607
0.3335,0.4617691154422789,0.5382308845577211,0.3396107597862725
0.334,0.4625748502994012,0.5374251497005988,0.3396261783956814
0.3345,0.4633781763826607,0.5366218236173392,0.34041261649443555
0.335,0.46417910447761196,0.535820895522388,0.3408916108588782
0.3355,0.46348733233979134,0.5365126676602087,0.34116485771150984
0.336,0.46279761904761907,0.5372023809523809,0.3415927526029528
0.3365,0.4635958395245171,0.5364041604754829,0.3420052753579255
0.337,0.4629080118694362,0.5370919881305638,0.34208615595757513
0.3375,0.4622222222222222,0.5377777777777778,0.3420967692613598
0.338,0.46153846153846156,0.5384615384615384,0.34216752343790796
0.3385,0.4608567208271787,0.5391432791728212,0.34217245084707615
0.339,0.4616519174041298,0.5383480825958702,0.34221092760558186
0.3395,0.46244477172312226,0.5375552282768777,0.3422173518539245
0.34,0.46176470588235297,0.538235294117647,0.342276143177894
0.3405,0.46255506607929514,0.5374449339207048,0.3423166398083269
0.341,0.4633431085043988,0.5366568914956011,0.3423259331818656
0.3415,0.46266471449487556,0.5373352855051244,0.3423529616495304
0.342,0.4619883040935672,0.5380116959064327,0.34236634552454376
0.3425,0.46131386861313867,0.5386861313868614,0.3423711202812252
0.343,0.4606413994169096,0.5393586005830904,0.34237430441523253
0.3435,0.45997088791848617,0.5400291120815138,0.34239758470564985
0.344,0.45930232558139533,0.5406976744186047,0.3424397393937632
0.3445,0.45863570391872277,0.5413642960812772,0.3424778546288623
0.345,0.4579710144927536,0.5420289855072464,0.34248034635262514
0.3455,0.4573082489146165,0.5426917510853835,0.34249201396353196
0.346,0.45664739884393063,0.5433526011560694,0.34252426173403144
0.3465,0.455988455988456,0.5440115440115441,0.34256199719995856
0.347,0.4553314121037464,0.5446685878962536,0.34256744824595914
0.3475,0.4546762589928058,0.5453237410071943,0.3427339042000552
0.348,0.45545977011494254,0.5445402298850575,0.3427733666495068
0.3485,0.45480631276901007,0.5451936872309899,0.34278420360701495
0.349,0.45558739255014324,0.5444126074498568,0.3428111209211146
0.3495,0.4563662374821173,0.5436337625178826,0.3428694473558872
0.35,0.45571428571428574,0.5442857142857143,0.34294087641748705
0.3505,0.4550641940085592,0.5449358059914409,0.34294584100932674
0.351,0.4544159544159544,0.5455840455840456,0.34297561477715305
0.3515,0.45376955903271693,0.5462304409672831,0.3429906642898055
0.352,0.453125,0.546875,0.3431480695545061
0.3525,0.45390070921985815,0.5460992907801419,0.34317732434631765
0.353,0.45325779036827196,0.546742209631728,0.34324424100812023
0.3535,0.45403111739745405,0.545968882602546,0.3432697334287529
0.354,0.4548022598870056,0.5451977401129944,0.34338752725331634
0.3545,0.45557122708039494,0.5444287729196051,0.34339328743653974
0.355,0.4563380281690141,0.5436619718309859,0.3434062092461249
0.3555,0.45569620253164556,0.5443037974683544,0.34342885716166593
0.356,0.45646067415730335,0.5435393258426966,0.3434315484724682
0.3565,0.45722300140252453,0.5427769985974755,0.3434395383034255
0.357,0.4579831932773109,0.5420168067226891,0.3434455670421808
0.3575,0.45734265734265733,0.5426573426573427,0.3434985455945874
0.358,0.45670391061452514,0.5432960893854748,0.34359962913287034
0.3585,0.45746164574616455,0.5425383542538355,0.3436029588685884
0.359,0.4568245125348189,0.5431754874651811,0.3436718128791231
0.3595,0.4575799721835883,0.5424200278164117,0.34369268945423614
0.36,0.45694444444444443,0.5430555555555556,0.3436956797482363
0.3605,0.4563106796116505,0.5436893203883495,0.3437385574741431
0.361,0.45706371191135736,0.5429362880886426,0.34381420348966635
0.3615,0.4578146611341632,0.5421853388658369,0.3439108707715674
0.362,0.457182320441989,0.5428176795580111,0.3439449887667744
0.3625,0.45655172413793105,0.5434482758620689,0.34402735899013626
0.363,0.4559228650137741,0.5440771349862259,0.3440716752953024
0.3635,0.45667125171939477,0.5433287482806053,0.34423181979128314
0.364,0.4574175824175824,0.5425824175824177,0.3443149650663774
0.3645,0.45816186556927296,0.541838134430727,0.34465787283374405
0.365,0.4589041095890411,0.5410958904109588,0.34466416127288413
0.3655,0.4582763337893297,0.5417236662106704,0.3446876512240111
0.366,0.45901639344262296,0.540983606557377,0.34469887733040383
0.3665,0.4583901773533424,0.5416098226466576,0.3447531258913467
0.367,0.4591280653950954,0.5408719346049047,0.34475409839727733
0.3675,0.4598639455782313,0.5401360544217687,0.34477116837277877
0.368,0.4592391304347826,0.5407608695652174,0.34487917789786604
0.3685,0.45861601085481685,0.5413839891451832,0.3449853760759946
0.369,0.45799457994579945,0.5420054200542006,0.34505392506591137
0.3695,0.45737483085250336,0.5426251691474966,0.345218216493818
0.37,0.45675675675675675,0.5432432432432432,0.3452237751882172
0.3705,0.45614035087719296,0.543859649122807,0.3452412432775779
0.371,0.4555256064690027,0.5444743935309972,0.34533062383038554
0.3715,0.4549125168236878,0.5450874831763122,0.3453409852977325
0.372,0.4543010752688172,0.5456989247311828,0.34541313545824487
0.3725,0.45369127516778524,0.5463087248322147,0.3455171679920411
0.373,0.4544235924932976,0.5455764075067024,0.34556066416294134
0.3735,0.4538152610441767,0.5461847389558233,0.34570970409063917
0.374,0.4532085561497326,0.5467914438502675,0.3457599656190953
0.3745,0.45260347129506007,0.5473965287049399,0.3458075665878014
0.375,0.452,0.548,0.3458323033493095
0.3755,0.45139813581890814,0.5486018641810919,0.3460341758376096
0.376,0.4507978723404255,0.5492021276595744,0.3463537270942392
0.3765,0.45152722443559096,0.548472775564409,0.3463745085477157
0.377,0.4509283819628647,0.5490716180371353,0.34645598284274504
0.3775,0.45165562913907287,0.5483443708609271,0.34646288502038236
0.378,0.4523809523809524,0.5476190476190477,0.3465062639054031
0.3785,0.45310435931307796,0.5468956406869221,0.34658384444617063
0.379,0.4525065963060686,0.5474934036939314,0.34660474852802703
0.3795,0.45322793148880103,0.546772068511199,0.3466088128259264
0.38,0.45394736842105265,0.5460526315789473,0.3470815123503204
0.3805,0.4533508541392904,0.5466491458607097,0.347350390797725
0.381,0.452755905511811,0.547244094488189,0.34738498687976926
0.3815,0.4521625163826999,0.5478374836173001,0.3474167259853057
0.382,0.45157068062827227,0.5484293193717278,0.34746064098846186
0.3825,0.4522875816993464,0.5477124183006536,0.3475042716219977
0.383,0.4516971279373368,0.5483028720626633,0.34774751689128913
0.3835,0.45241199478487615,0.5475880052151239,0.3477685020588534
0.384,0.453125,0.546875,0.34790429346339746
0.3845,0.45253576072821844,0.5474642392717816,0.34807907197788346
0.385,0.45194805194805193,0.5480519480519481,0.34818147911232744
0.3855,0.45136186770428016,0.5486381322957199,0.34819870587762214
0.386,0.45077720207253885,0.5492227979274611,0.34828149365098093
0.3865,0.4514877102199224,0.5485122897800776,0.34855560732134117
0.387,0.4509043927648579,0.5490956072351421,0.3486575151235951
0.3875,0.4503225806451613,0.5496774193548387,0.3487400032145837
0.388,0.45103092783505155,0.5489690721649485,0.3487749944608002
0.3885,0.45045045045045046,0.5495495495495495,0.34877586279517814
0.389,0.45115681233933164,0.5488431876606683,0.34901697051271197
0.3895,0.45186136071887034,0.5481386392811296,0.3491922650738081
0.39,0.45256410256410257,0.5474358974358975,0.3492494198654606
0.3905,0.4519846350832266,0.5480153649167734,0.3496587770624944
0.391,0.45268542199488493,0.5473145780051151,0.3501685009177292
0.3915,0.45338441890166026,0.5466155810983397,0.3502298535188941
0.392,0.45408163265306123,0.5459183673469388,0.35023168470188454
0.3925,0.4547770700636943,0.5452229299363057,0.3503663168656998
0.393,0.455470737913486,0.544529262086514,0.35081292151390103
0.3935,0.4548919949174079,0.545108005082592,0.3508621901575403
0.394,0.4543147208121827,0.5456852791878173,0.35098296695913433
0.3945,0.45373891001267425,0.5462610899873257,0.35100374242771787
0.395,0.4531645569620253,0.5468354430379747,0.35103435644883996
0.3955,0.4538558786346397,0.5461441213653603,0.3512955323090038
0.396,0.45454545454545453,0.5454545454545454,0.35134809767893777
0.3965,0.45397225725094575,0.5460277427490543,0.3513659551027646
0.397,0.4534005037783375,0.5465994962216625,0.3518417727543502
0.3975,0.4540880503144654,0.5459119496855346,0.3519915928556977
0.398,0.4535175879396985,0.5464824120603016,0.35229223221675376
0.3985,0.45294855708908405,0.5470514429109159,0.352374590219451
0.399,0.45363408521303256,0.5463659147869675,0.35250921279631514
0.3995,0.45431789737171463,0.5456821026282854,0.3525252360129409
0.4,0.455,0.5449999999999999,0.3525374661475371
0.4005,0.4544319600499376,0.5455680399500624,0.35262597186629835
0.401,0.4551122194513716,0.5448877805486284,0.3526690105382057
0.4015,0.45579078455790784,0.5442092154420921,0.3527462879528549
0.402,0.4564676616915423,0.5435323383084577,0.3527523922278215
0.4025,0.45714285714285713,0.5428571428571429,0.35280821360138404
0.403,0.45781637717121587,0.5421836228287842,0.35285573453030644
0.4035,0.45724907063197023,0.5427509293680297,0.352905816391636
0.404,0.45792079207920794,0.5420792079207921,0.35328727416644246
0.4045,0.4573547589616811,0.5426452410383189,0.35340483478685447
0.405,0.4580246913580247,0.5419753086419753,0.3536286312557982
0.4055,0.45745992601726265,0.5425400739827373,0.35373118794196856
0.406,0.45689655172413796,0.5431034482758621,0.353842152822489
0.4065,0.45633456334563344,0.5436654366543665,0.35413310637989803
0.407,0.4557739557739558,0.5442260442260443,0.3544179527748153
0.4075,0.456441717791411,0.5435582822085889,0.3545926279075246
0.408,0.4571078431372549,0.5428921568627452,0.3547269620967239
0.4085,0.45777233782129745,0.5422276621787026,0.35493590519989926
0.409,0.45843520782396086,0.5415647921760391,0.35529880378366
0.4095,0.4590964590964591,0.540903540903541,0.3553972919495204
0.41,0.45975609756097563,0.5402439024390244,0.3553998959271355
0.4105,0.4591961023142509,0.5408038976857491,0.3557149448551079
0.411,0.4586374695863747,0.5413625304136254,0.3557240241200529
0.4115,0.4580801944106926,0.5419198055893074,0.3557621683663149
0.412,0.4587378640776699,0.5412621359223301,0.35581370625575104
0.4125,0.4581818181818182,0.5418181818181818,0.3558459080569033
0.413,0.4576271186440678,0.5423728813559322,0.35586494121408824
0.4135,0.4570737605804111,0.5429262394195888,0.35588924263019606
0.414,0.45652173913043476,0.5434782608695652,0.3559832692258721
0.4145,0.4571773220747889,0.5428226779252111,0.35603514375705325
0.415,0.4566265060240964,0.5433734939759036,0.3561167487021958
0.4155,0.45607701564380265,0.5439229843561973,0.3561752715381465
0.416,0.45552884615384615,0.5444711538461539,0.35618887054910847
0.4165,0.4561824729891957,0.5438175270108043,0.3562196309532604
0.417,0.4556354916067146,0.5443645083932853,0.35622243955596444
0.4175,0.4550898203592814,0.5449101796407185,0.3563337656884197
0.418,0.4557416267942584,0.5442583732057416,0.356334257653144
0.4185,0.45639187574671447,0.5436081242532855,0.35663330459640097
0.419,0.45704057279236276,0.5429594272076372,0.3568217655593549
0.4195,0.4564958283671037,0.5435041716328963,0.3569103946787587
0.42,0.45714285714285713,0.5428571428571429,0.35726572360690456
0.4205,0.4577883472057075,0.5422116527942925,0.3578016837761552
0.421,0.45724465558194777,0.5427553444180522,0.3578476596164864
0.4215,0.45670225385527874,0.5432977461447213,0.3578501405806986
0.422,0.45734597156398105,0.542654028436019,0.35799025146449576
0.4225,0.45798816568047335,0.5420118343195266,0.3583026808022974
0.423,0.4574468085106383,0.5425531914893618,0.35830346974058974
0.4235,0.45808736717827625,0.5419126328217237,0.35830720865639093
0.424,0.45754716981132076,0.5424528301886793,0.35853300688921
0.4245,0.45700824499411075,0.5429917550058893,0.35855218445646636
0.425,0.4576470588235294,0.5423529411764706,0.35856274472460414
0.4255,0.4582843713278496,0.5417156286721504,0.35865045599969886
0.426,0.45774647887323944,0.5422535211267605,0.35868788476084623
0.4265,0.45838218053927315,0.5416178194607268,0.35869360667943906
0.427,0.45901639344262296,0.540983606557377,0.35876174246332276
0.4275,0.4584795321637427,0.5415204678362573,0.3589136872736464
0.428,0.4591121495327103,0.5408878504672897,0.35915081795389453
0.4285,0.4597432905484247,0.5402567094515753,0.3593541418686614
0.429,0.4603729603729604,0.5396270396270396,0.35983337955572253
0.4295,0.459837019790454,0.540162980209546,0.3598996443722868
0.43,0.45930232558139533,0.5406976744186047,0.3600411006122783
0.4305,0.45876887340301975,0.5412311265969802,0.3602852469881663
0.431,0.4593967517401392,0.5406032482598608,0.360348763813919
0.4315,0.45886442641946695,0.541135573580533,0.360598493470571
0.432,0.45949074074074076,0.5405092592592593,0.3606370454475384
0.4325,0.45895953757225433,0.5410404624277456,0.3606667915406799
0.433,0.45958429561200925,0.5404157043879907,0.36079489913372664
0.4335,0.4602076124567474,0.5397923875432526,0.36085913724532953
0.434,0.4596774193548387,0.5403225806451613,0.3609064256306294
0.4345,0.46029919447640966,0.5397008055235903,0.36096144911869465
0.435,0.46091954022988507,0.5390804597701149,0.3610416609697099
0.4355,0.46039035591274396,0.539609644087256,0.36108215408204664
0.436,0.4610091743119266,0.5389908256880733,0.3611190506605946
0.4365,0.46048109965635736,0.5395189003436427,0.36122179678406563
0.437,0.459954233409611,0.540045766590389,0.36133360345585186
0.4375,0.4594285714285714,0.5405714285714286,0.3613351263524626
0.438,0.4600456621004566,0.5399543378995434,0.3613436928496181
0.4385,0.45952109464082097,0.540478905359179,0.36139871702269066
0.439,0.4601366742596811,0.5398633257403189,0.3615071896425887
0.4395,0.46075085324232085,0.5392491467576792,0.36154414046256855
0.44,0.4602272727272727,0.5397727272727273,0.36157000005715
0.4405,0.45970488081725314,0.5402951191827469,0.36157504733941326
0.441,0.4603174603174603,0.5396825396825398,0.361575580477355
0.4415,0.45979614949037373,0.5402038505096263,0.36158170268251755
0.442,0.4592760180995475,0.5407239819004526,0.3615986646621014
0.4425,0.4598870056497175,0.5401129943502825,0.3616154303714434
0.443,0.45936794582392776,0.5406320541760723,0.36215194210738433
0.4435,0.4599774520856821,0.5400225479143179,0.3621559289053431
0.444,0.4605855855855856,0.5394144144144144,0.36218642247995325
0.4445,0.46006749156355453,0.5399325084364455,0.36229804400659016
0.445,0.45955056179775283,0.5404494382022471,0.36231991076443953
0.4455,0.4590347923681257,0.5409652076318743,0.36241332758854644
0.446,0.4585201793721973,0.5414798206278026,0.3624320150520597
0.4465,0.458006718924972,0.541993281075028,0.36246249409379294
0.447,0.45861297539149887,0.5413870246085011,0.36247735130185876
0.4475,0.4581005586592179,0.541899441340782,0.36249704224370916
0.448,0.4575892857142857,0.5424107142857143,0.362793776816266
0.4485,0.45707915273132665,0.5429208472686733,0.36280614116034005
0.449,0.45657015590200445,0.5434298440979956,0.3628649507108736
0.4495,0.4560622914349277,0.5439377085650723,0.3628651330314135
0.45,0.45666666666666667,0.5433333333333333,0.36292662607792964
0.4505,0.4572697003329634,0.5427302996670367,0.36292694685463744
0.451,0.45787139689578715,0.5421286031042128,0.3629451079493565
0.4515,0.4573643410852713,0.5426356589147288,0.3629468529663533
0.452,0.45685840707964603,0.543141592920354,0.362947987550264
0.4525,0.4574585635359116,0.5425414364640884,0.3629586175480262
0.453,0.45805739514348787,0.5419426048565121,0.362962677067527
0.4535,0.45865490628445427,0.5413450937155457,0.3630686445678511
0.454,0.4581497797356828,0.5418502202643172,0.36322735027284686
0.4545,0.45874587458745875,0.5412541254125413,0.3632615589647333
0.455,0.4582417582417582,0.5417582417582418,0.3633156607757648
0.4555,0.45773874862788144,0.5422612513721186,0.36338897746294846
0.456,0.45723684210526316,0.5427631578947368,0.3634468682746816
0.4565,0.45673603504928806,0.5432639649507119,0.36350242319420245
0.457,0.4562363238512035,0.5437636761487965,0.36355369034468904
0.4575,0.4557377049180328,0.5442622950819672,0.3637299796845043
0.458,0.45633187772925765,0.5436681222707423,0.3637468782797462
0.4585,0.4569247546346783,0.5430752453653217,0.363826138581352
0.459,0.4564270152505447,0.5435729847494553,0.3638288478556158
0.4595,0.45701849836779107,0.5429815016322089,0.36387194092322095
0.46,0.45652173913043476,0.5434782608695652,0.3640591716335039
0.4605,0.4571118349619978,0.5428881650380022,0.3641871019732091
0.461,0.4566160520607375,0.5433839479392625,0.364243930701044
0.4615,0.457204767063922,0.542795232936078,0.36426277177230065
0.462,0.45670995670995673,0.5432900432900433,0.3642689262484229
0.4625,0.4572972972972973,0.5427027027027027,0.364287966235185
0.463,0.45788336933045354,0.5421166306695464,0.36431019441637535
0.4635,0.45738942826321466,0.5426105717367853,0.36432552456714457
0.464,0.45689655172413796,0.5431034482758621,0.36436718860574957
0.4645,0.4564047362755651,0.5435952637244349,0.36445703670659496
0.465,0.4559139784946237,0.5440860215053763,0.36446001417828505
0.4655,0.4564983888292159,0.5435016111707841,0.3645447762904011
0.466,0.4560085836909871,0.5439914163090129,0.3645463607747995
0.4665,0.4555198285101822,0.5444801714898178,0.3645847336244921
0.467,0.4550321199143469,0.5449678800856531,0.3646547440685071
0.4675,0.45454545454545453,0.5454545454545454,0.36478350466670156
0.468,0.4551282051282051,0.5448717948717949,0.3647949703351885
0.4685,0.45464247598719315,0.5453575240128068,0.36489595799161156
0.469,0.4541577825159915,0.5458422174840085,0.3650383840633051
0.4695,0.4536741214057508,0.5463258785942492,0.36506554429247723
0.47,0.4531914893617021,0.5468085106382978,0.36517389958854535
0.4705,0.4537725823591923,0.5462274176408077,0.3651797792475711
0.471,0.45329087048832273,0.5467091295116773,0.36523907676473677
0.4715,0.45387062566277836,0.5461293743372216,0.365357455401705
0.472,0.4533898305084746,0.5466101694915254,0.36537508537674773
0.4725,0.45396825396825397,0.5460317460317461,0.36543599205904265
0.473,0.45454545454545453,0.5454545454545454,0.3655706307511435
0.4735,0.45406546990496305,0.5459345300950369,0.36560167098561636
0.474,0.45464135021097046,0.5453586497890295,0.36580182991558063
0.4745,0.45521601685985247,0.5447839831401475,0.36585053135003714
0.475,0.45473684210526316,0.5452631578947369,0.3658633356649941
0.4755,0.45531019978969506,0.5446898002103049,0.36588634478707116
0.476,0.45588235294117646,0.5441176470588236,0.3658902338818587
0.4765,0.4564533053515215,0.5435466946484785,0.36590327600025874
0.477,0.4570230607966457,0.5429769392033543,0.3659196538900887
0.4775,0.45759162303664924,0.5424083769633508,0.3659418378379323
0.478,0.4581589958158996,0.5418410041841004,0.36600069763857074
0.4785,0.4587251828631139,0.5412748171368861,0.366046532248003
0.479,0.4592901878914405,0.5407098121085595,0.3661057158045982
0.4795,0.45985401459854014,0.5401459854014599,0.3661645841852007
0.48,0.46041666666666664,0.5395833333333333,0.36633422229200463
0.4805,0.46097814776274715,0.5390218522372529,0.3667916729751653
0.481,0.4604989604989605,0.5395010395010396,0.366804192314654
0.4815,0.46105919003115264,0.5389408099688473,0.36709220484638566
0.482,0.4605809128630705,0.5394190871369295,0.3671197381170014
0.4825,0.46113989637305697,0.538860103626943,0.3671309660951035
0.483,0.4616977225672878,0.5383022774327122,0.3671846352679714
0.4835,0.4622543950361944,0.5377456049638056,0.3672686293781836
0.484,0.4617768595041322,0.5382231404958677,0.3673814415560736
0.4845,0.46233230134158926,0.5376676986584108,0.3674922408044276
0.485,0.4618556701030928,0.5381443298969072,0.3676653729117443
0.4855,0.46138002059732236,0.5386199794026776,0.36769174049445974
0.486,0.4609053497942387,0.5390946502057613,0.36777033171736423
0.4865,0.4614594039054471,0.5385405960945528,0.36791264346899444
0.487,0.46098562628336753,0.5390143737166324,0.3680084995988931
0.4875,0.46153846153846156,0.5384615384615384,0.3680363310556134
0.488,0.46209016393442626,0.5379098360655737,0.36811349711692926
0.4885,0.4616171954964176,0.5383828045035823,0.36813822223904885
0.489,0.4621676891615542,0.5378323108384457,0.3681666909798964
0.4895,0.4616956077630235,0.5383043922369766,0.36834786381291923
0.49,0.46122448979591835,0.5387755102040817,0.3683805910905526
0.4905,0.4617737003058104,0.5382262996941896,0.3685413195078086
0.491,0.46130346232179226,0.5386965376782078,0.3685938987902139
0.4915,0.46185147507629704,0.538148524923703,0.3686168488156932
0.492,0.46239837398373984,0.5376016260162602,0.3686818897163553
0.4925,0.46294416243654823,0.5370558375634518,0.36868343771832734
0.493,0.4634888438133874,0.5365111561866126,0.3687282948303003
0.4935,0.46403242147923,0.53596757852077,0.3688230045965921
0.494,0.46356275303643724,0.5364372469635628,0.3688668487351326
0.4945,0.46309403437815977,0.5369059656218402,0.3689192073474873
0.495,0.4626262626262626,0.5373737373737374,0.36893487543642034
0.4955,0.46316851664984865,0.5368314833501513,0.36898122945588774
0.496,0.4627016129032258,0.5372983870967742,0.36900043690527196
0.4965,0.46324269889224573,0.5367573011077542,0.3691661071334956
0.497,0.46277665995975853,0.5372233400402415,0.36920281184529
0.4975,0.4623115577889447,0.5376884422110553,0.369285619800088
0.498,0.46184738955823296,0.5381526104417671,0.3695700374445602
0.4985,0.46238716148445336,0.5376128385155466,0.3696447242419728
0.499,0.4619238476953908,0.5380761523046091,0.3696547326670382
0.4995,0.46146146146146144,0.5385385385385386,0.3699117830192405
0.5,0.462,0.538,0.3700223016397067
0.5005,0.46253746253746253,0.5374625374625375,0.37015698526402546
0.501,0.4630738522954092,0.5369261477045908,0.37035038853874946
0.5015,0.46360917248255235,0.5363908275174476,0.37035832119388534
0.502,0.4641434262948207,0.5358565737051793,0.3704353635373009
0.5025,0.46368159203980097,0.536318407960199,0.37052370641271043
0.503,0.46421471172962225,0.5357852882703777,0.37068749571618304
0.5035,0.4637537239324727,0.5362462760675273,0.3707590113129275
0.504,0.4642857142857143,0.5357142857142857,0.3708028555707052
0.5045,0.4638255698711596,0.5361744301288405,0.37080721374613074
0.505,0.4633663366336634,0.5366336633663367,0.3708116355666432
0.5055,0.4638971315529179,0.5361028684470821,0.371185700819144
0.506,0.4644268774703557,0.5355731225296443,0.37118933290843165
0.5065,0.46495557749259625,0.5350444225074038,0.3714197850268486
0.507,0.46449704142011833,0.5355029585798816,0.3715223250825142
0.5075,0.46502463054187193,0.5349753694581281,0.3715332985692652
0.508,0.4645669291338583,0.5354330708661417,0.3715832697385282
0.5085,0.464110127826942,0.5358898721730581,0.3716600508339091
0.509,0.4636542239685658,0.5363457760314342,0.3717695786119334
0.5095,0.4631992149165849,0.5368007850834151,0.3718057576022315
0.51,0.4627450980392157,0.5372549019607843,0.3720191395712468
0.5105,0.4632713026444662,0.5367286973555339,0.37211421248777493
0.511,0.4628180039138943,0.5371819960861057,0.37228043356886936
0.5115,0.4633431085043988,0.5366568914956011,0.37229853794055495
0.512,0.4638671875,0.5361328125,0.3723626957302433
0.5125,0.46439024390243905,0.535609756097561,0.37251666692964147
0.513,0.4649122807017544,0.5350877192982456,0.37270343226557107
0.5135,0.4644595910418695,0.5355404089581305,0.3727050535076001
0.514,0.4649805447470817,0.5350194552529183,0.3727594718260531
0.5145,0.4645286686103013,0.5354713313896987,0.37281276570378313
0.515,0.4650485436893204,0.5349514563106796,0.3728474643745993
0.5155,0.46459747817652763,0.5354025218234724,0.37285607204808496
0.516,0.4641472868217054,0.5358527131782946,0.37288102915108123
0.5165,0.46466602129719264,0.5353339787028073,0.3729062816289264
0.517,0.46421663442940037,0.5357833655705997,0.37291553747232153
0.5175,0.463768115942029,0.536231884057971,0.37293845772056794
0.518,0.4642857142857143,0.5357142857142857,0.37298468685792846
0.5185,0.46383799421407906,0.5361620057859209,0.37306782649510317
0.519,0.4633911368015414,0.5366088631984586,0.3730734778032922
0.5195,0.4629451395572666,0.5370548604427334,0.373100750817477
0.52,0.4625,0.5375,0.3731051887748036
0.5205,0.4620557156580211,0.5379442843419788,0.3731350873763901
0.521,0.4616122840690979,0.5383877159309021,0.37319851903200185
0.5215,0.46116970278044106,0.5388302972195589,0.37323375293101413
0.522,0.4616858237547893,0.5383141762452107,0.37334062599887174
0.5225,0.46220095693779906,0.5377990430622009,0.3733507965265121
0.523,0.46175908221797324,0.5382409177820268,0.37342720750894015
0.5235,0.46131805157593125,0.5386819484240688,0.373459472453312
0.524,0.46087786259541985,0.5391221374045801,0.3736194780171412
0.5245,0.4604385128693994,0.5395614871306006,0.37368164816185023
0.525,0.46,0.54,0.37374651067158
0.5255,0.45956232159847765,0.5404376784015223,0.3738972772179076
0.526,0.4600760456273764,0.5399239543726235,0.3739144511982732
0.5265,0.46058879392212726,0.5394112060778727,0.3739391126422232
0.527,0.46110056925996207,0.5388994307400379,0.3740092899590794
0.5275,0.46161137440758293,0.5383886255924171,0.37401756011789067
0.528,0.46117424242424243,0.5388257575757576,0.37402734313301067
0.5285,0.4607379375591296,0.5392620624408704,0.3741260293785334
0.529,0.4603024574669187,0.5396975425330812,0.3741571348763675
0.5295,0.45986779981114256,0.5401322001888574,0.37417396324195573
0.53,0.46037735849056605,0.539622641509434,0.37420414067637553
0.5305,0.4599434495758718,0.5400565504241281,0.3744206286328774
0.531,0.4595103578154426,0.5404896421845574,0.3745132065305947
0.5315,0.4590780809031044,0.5409219190968956,0.37457463861550716
0.532,0.45958646616541354,0.5404135338345865,0.374827580466337
0.5325,0.460093896713615,0.539906103286385,0.3750116689881216
0.533,0.4606003752345216,0.5393996247654784,0.3750211835920011
0.5335,0.46016869728209936,0.5398313027179007,0.37531813259993985
0.534,0.4606741573033708,0.5393258426966292,0.37533630932505907
0.5345,0.46024321796071094,0.539756782039289,0.3753381525570638
0.535,0.45981308411214955,0.5401869158878505,0.37540485347822966
0.5355,0.45938375350140054,0.5406162464985995,0.37546019560337285
0.536,0.45988805970149255,0.5401119402985075,0.37546941692288616
0.5365,0.4603914259086673,0.5396085740913328,0.37547958304154766
0.537,0.46089385474860334,0.5391061452513967,0.3757238028270937
0.5375,0.4613953488372093,0.5386046511627907,0.3757908858020281
0.538,0.46096654275092935,0.5390334572490707,0.3758289641074052
0.5385,0.4605385329619313,0.5394614670380686,0.3760167553476772
0.539,0.4601113172541744,0.5398886827458256,0.3760603850384991
0.5395,0.45968489341983315,0.5403151065801668,0.376091476936752
0.54,0.45925925925925926,0.5407407407407407,0.3761220374247799
0.5405,0.4588344125809436,0.5411655874190564,0.3761240108714277
0.541,0.4584103512014787,0.5415896487985212,0.3761955130554504
0.5415,0.4579870729455217,0.5420129270544782,0.3762550671499865
0.542,0.4584870848708487,0.5415129151291513,0.3763333557575918
0.5425,0.4589861751152074,0.5410138248847927,0.376372276902742
0.543,0.4594843462246777,0.5405156537753223,0.37645460422403787
0.5435,0.45906163753449863,0.5409383624655013,0.37649989990076826
0.544,0.4586397058823529,0.5413602941176471,0.37654350870842546
0.5445,0.45821854912764004,0.54178145087236,0.37662159362605074
0.545,0.4577981651376147,0.5422018348623854,0.37667633545836005
0.5455,0.458295142071494,0.541704857928506,0.3767910579986342
0.546,0.45787545787545786,0.5421245421245422,0.37679237458318404
0.5465,0.45745654162854527,0.5425434583714548,0.37682970164092233
0.547,0.4570383912248629,0.5429616087751371,0.37684150163330266
0.5475,0.45662100456621,0.54337899543379,0.3770536839607124
0.548,0.4562043795620438,0.5437956204379562,0.377102342423129
0.5485,0.45578851412944393,0.544211485870556,0.3772027354381247
0.549,0.4553734061930783,0.5446265938069217,0.37722505347858987
0.5495,0.45586897179253866,0.5441310282074614,0.37739864807477685
0.55,0.45636363636363636,0.5436363636363637,0.37756568057993967
0.5505,0.45594913714804725,0.5440508628519527,0.3775752241686329
0.551,0.455535390199637,0.5444646098003629,0.37758812572571226
0.5515,0.4551223934723481,0.5448776065276519,0.3778893969585968
0.552,0.45561594202898553,0.5443840579710144,0.3778986002428711
0.5525,0.45610859728506786,0.5438914027149322,0.3780048112221455
0.553,0.45569620253164556,0.5443037974683544,0.37801540123677657
0.5535,0.4561878952122855,0.5438121047877145,0.37803239001301353
0.554,0.4566787003610108,0.5433212996389891,0.37805212323343584
0.5545,0.45626690712353474,0.5437330928764652,0.37806612012579144
0.555,0.45585585585585586,0.5441441441441441,0.3787470869712285
0.5555,0.45544554455445546,0.5445544554455446,0.37886057896971564
0.556,0.45593525179856115,0.5440647482014389,0.3789385441767742
0.5565,0.4564240790655885,0.5435759209344115,0.37913690143052775
0.557,0.45691202872531417,0.5430879712746859,0.37919317339904135
0.5575,0.45739910313901344,0.5426008968609866,0.379266667422761
0.558,0.45698924731182794,0.543010752688172,0.37927578006326523
0.5585,0.4565801253357207,0.5434198746642793,0.379407865983704
0.559,0.45706618962432916,0.5429338103756709,0.3794812090480873
0.5595,0.4575513851653262,0.5424486148346739,0.3795279727462863
0.56,0.45803571428571427,0.5419642857142857,0.37954332980961925
0.5605,0.45851917930419267,0.5414808206958073,0.3797022423399709
0.561,0.4590017825311943,0.5409982174688057,0.3798075618664389
0.5615,0.4594835262689225,0.5405164737310775,0.3799298025174842
0.562,0.4599644128113879,0.5400355871886121,0.37998029975332487
0.5625,0.45955555555555555,0.5404444444444445,0.37999767113211685
0.563,0.4591474245115453,0.5408525754884548,0.38000316409336155
0.5635,0.45962732919254656,0.5403726708074534,0.3801458582751604
0.564,0.4592198581560284,0.5407801418439716,0.38017116429218845
0.5645,0.4588131089459699,0.5411868910540301,0.38023986949545824
0.565,0.4592920353982301,0.5407079646017698,0.38029118994440836
0.5655,0.4588859416445623,0.5411140583554377,0.3802957216894493
0.566,0.4584805653710247,0.5415194346289753,0.38029845035770915
0.5665,0.4589585172109444,0.5410414827890556,0.3803766159340457
0.567,0.45943562610229277,0.5405643738977073,0.38053995104448357
0.5675,0.4590308370044053,0.5409691629955947,0.38060579134484407
0.568,0.4586267605633803,0.5413732394366197,0.3806582683039883
0.5685,0.45822339489885666,0.5417766051011433,0.3807048811759079
0.569,0.45869947275922673,0.5413005272407733,0.3807470096013111
0.5695,0.4591747146619842,0.5408252853380158,0.38092806226651515
0.57,0.4587719298245614,0.5412280701754386,0.3809639500080514
0.5705,0.4583698510078878,0.5416301489921123,0.38101243946934404
0.571,0.45884413309982486,0.5411558669001751,0.38103362559155945
0.5715,0.45931758530183725,0.5406824146981628,0.38105030073339496
0.572,0.4589160839160839,0.541083916083916,0.3810891298047473
0.5725,0.4585152838427948,0.5414847161572052,0.3811921911739372
0.573,0.4581151832460733,0.5418848167539267,0.3812738205980866
0.5735,0.45858761987794244,0.5414123801220576,0.381365522698364
0.574,0.45905923344947736,0.5409407665505226,0.38144296566874974
0.5745,0.4595300261096606,0.5404699738903394,0.38146360614684255
0.575,0.4591304347826087,0.5408695652173914,0.38148951925506946
0.5755,0.4596003475238923,0.5403996524761077,0.38152658069587414
0.576,0.4592013888888889,0.5407986111111112,0.38152667139982616
0.5765,0.45967042497831745,0.5403295750216826,0.38171806148424975
0.577,0.46013864818024264,0.5398613518197574,0.38176845441335533
0.5775,0.4597402597402597,0.5402597402597402,0.3818854890245115
0.578,0.4602076124567474,0.5397923875432526,0.38194235978812524
0.5785,0.45980985306828004,0.54019014693172,0.382077131428319
0.579,0.46027633851468047,0.5397236614853196,0.38217661651616364
0.5795,0.46074201898188094,0.5392579810181191,0.3822996617280669
0.58,0.4603448275862069,0.5396551724137931,0.3823876502669207
0.5805,0.4599483204134367,0.5400516795865633,0.38240919828057746
0.581,0.4604130808950086,0.5395869191049913,0.38240963376001624
0.5815,0.46087704213241615,0.5391229578675838,0.3824730396973853
0.582,0.46134020618556704,0.538659793814433,0.3824852235284488
0.5825,0.4609442060085837,0.5390557939914162,0.38255115206296586
0.583,0.46054888507718694,0.5394511149228131,0.3826177459612259
0.5835,0.4601542416452442,0.5398457583547558,0.3826972656925056
0.584,0.4597602739726027,0.5402397260273972,0.3828489268456903
0.5845,0.4593669803250642,0.5406330196749358,0.3829027229225292
0.585,0.45897435897435895,0.5410256410256411,0.3833457696669347
0.5855,0.45858240819812124,0.5414175918018788,0.38345468132004784
0.586,0.45819112627986347,0.5418088737201365,0.38349585459339147
0.5865,0.4578005115089514,0.5421994884910486,0.3836230150340641
0.587,0.45741056218057924,0.5425894378194207,0.3837465120138355
0.5875,0.45787234042553193,0.5421276595744681,0.38376746984996457
0.588,0.4583333333333333,0.5416666666666667,0.3838988272904053
0.5885,0.45794392523364486,0.5420560747663552,0.3839032454444731
0.589,0.45840407470288624,0.5415959252971138,0.383913837228969
0.5895,0.458863443596268,0.541136556403732,0.3839143323907941
0.59,0.45932203389830506,0.5406779661016949,0.38394771867485755
0.5905,0.45977984758679086,0.5402201524132091,0.38397443842783996
0.591,0.4602368866328257,0.5397631133671743,0.3840009822520475
0.5915,0.4606931530008453,0.5393068469991547,0.38417759164922943
0.592,0.46030405405405406,0.5396959459459459,0.38420753672514635
0.5925,0.459915611814346,0.5400843881856541,0.3842566826052023
0.593,0.46037099494097805,0.539629005059022,0.3843277633693987
0.5935,0.45998315080033697,0.5400168491996631,0.3843946074292458
0.594,0.4595959595959596,0.5404040404040404,0.38443491254333667
0.5945,0.4592094196804037,0.5407905803195963,0.38472945985671925
0.595,0.45966386554621846,0.5403361344537816,0.3847806105127392
0.5955,0.45927791771620485,0.5407220822837951,0.38481269697437487
0.596,0.4597315436241611,0.5402684563758389,0.38492772041351864
0.5965,0.45934618608549876,0.5406538139145012,0.3849339490223043
0.597,0.45979899497487436,0.5402010050251256,0.3850463339690672
0.5975,0.4602510460251046,0.5397489539748954,0.3851563637017841
0.598,0.459866220735786,0.540133779264214,0.38527209375033394
0.5985,0.4603174603174603,0.5396825396825398,0.38527839537722497
0.599,0.4599332220367279,0.5400667779632722,0.38531435053078955
0.5995,0.45954962468723937,0.5404503753127606,0.38534255144771445
0.6,0.45916666666666667,0.5408333333333333,0.3853835574701841
0.6005,0.4587843463780183,0.5412156536219817,0.3853899922933049
0.601,0.4584026622296173,0.5415973377703827,0.38543977524378437
0.6015,0.45885286783042395,0.541147132169576,0.3854945153183678
0.602,0.45930232558139533,0.5406976744186047,0.385613000203
0.6025,0.4589211618257261,0.5410788381742739,0.38563627248882526
0.603,0.45854063018242125,0.5414593698175787,0.3856704605672156
0.6035,0.45816072908036454,0.5418392709196355,0.3858779026753941
0.604,0.45778145695364236,0.5422185430463576,0.3859129942068709
0.6045,0.45822994210090984,0.5417700578990902,0.3859295333000383
0.605,0.45867768595041325,0.5413223140495868,0.38617988525394453
0.6055,0.458298926507019,0.541701073492981,0.386644266843177
0.606,0.45792079207920794,0.5420792079207921,0.38674905468720144
0.6065,0.4583676834295136,0.5416323165704864,0.386778351095033
0.607,0.4588138385502471,0.5411861614497528,0.3869025663153648
0.6075,0.45925925925925926,0.5407407407407407,0.3870601328489476
0.608,0.4588815789473684,0.5411184210526316,0.3870650603745042
0.6085,0.45850451930977815,0.5414954806902219,0.3870903723486341
0.609,0.45894909688013136,0.5410509031198687,0.3872802721822083
0.6095,0.4585726004922067,0.5414273995077933,0.38729475295448096
0.61,0.45901639344262296,0.540983606557377,0.38753801536618987
0.6105,0.4594594594594595,0.5405405405405406,0.3875523410013428
0.611,0.4590834697217676,0.5409165302782324,0.38756022068921603
0.6115,0.45870809484873265,0.5412919051512673,0.3876220758225784
0.612,0.4591503267973856,0.5408496732026145,0.38766515240324717
0.6125,0.45877551020408164,0.5412244897959184,0.3876686206053047
0.613,0.45840130505709625,0.5415986949429037,0.38768102178844666
0.6135,0.4580277098614507,0.5419722901385493,0.38768307927885154
0.614,0.4576547231270358,0.5423452768729642,0.3877512297008044
0.6145,0.45728234336859236,0.5427176566314076,0.38790481752885775
0.615,0.45772357723577234,0.5422764227642276,0.38805992407866713
0.6155,0.45735174654752236,0.5426482534524777,0.3880772278093504
0.616,0.4577922077922078,0.5422077922077921,0.38816543802470316
0.6165,0.45742092457420924,0.5425790754257908,0.38818516168535594
0.617,0.45786061588330634,0.5421393841166937,0.38828197191746333
0.6175,0.4582995951417004,0.5417004048582996,0.3883648710181072
0.618,0.4587378640776699,0.5412621359223301,0.38839505325830065
0.6185,0.45917542441390463,0.5408245755860954,0.3884401194636826
0.619,0.4588045234248788,0.5411954765751212,0.38853509528713637
0.6195,0.45843422114608556,0.5415657788539144,0.38871725758573766
0.62,0.4588709677419355,0.5411290322580645,0.38877661829526633
0.6205,0.45930701047542305,0.5406929895245769,0.38886345161038893
0.621,0.45974235104669886,0.5402576489533011,0.38890745520262576
0.6215,0.4593724859211585,0.5406275140788415,0.38906369109640426
0.622,0.45980707395498394,0.540192926045016,0.38911123857209023
0.6225,0.4602409638554217,0.5397590361445783,0.3892366152710789
0.623,0.45987158908507225,0.5401284109149278,0.38925139984295415
0.6235,0.4595028067361668,0.5404971932638332,0.3893602081418644
0.624,0.45913461538461536,0.5408653846153846,0.38938756789048234
0.6245,0.45876701361088873,0.5412329863891112,0.3896046032172213
0.625,0.4584,0.5416000000000001,0.38969977068922035
0.6255,0.45883293365307753,0.5411670663469225,0.3897320400143488
0.626,0.45926517571884984,0.5407348242811502,0.3898927847614389
0.6265,0.4596967278531524,0.5403032721468476,0.38991311818560975
0.627,0.46012759170653905,0.539872408293461,0.3900071274908235
0.6275,0.4605577689243028,0.5394422310756972,0.3900141355813647
0.628,0.4601910828025478,0.5398089171974523,0.3901786209155786
0.6285,0.4598249801113763,0.5401750198886237,0.39019078924148753
0.629,0.46025437201907793,0.5397456279809221,0.39033856835184166
0.6295,0.46068308181096107,0.5393169181890389,0.3903744681796305
0.63,0.46111111111111114,0.5388888888888889,0.39045416762100604
0.6305,0.46153846153846156,0.5384615384615384,0.3904989651952069
0.631,0.4619651347068146,0.5380348652931854,0.39055213227012203
0.6315,0.4615993665874901,0.5384006334125099,0.3907213704310309
0.632,0.4620253164556962,0.5379746835443038,0.390813812955868
0.6325,0.4624505928853755,0.5375494071146245,0.39084513079985506
0.633,0.46208530805687204,0.5379146919431279,0.39087302480660086
0.6335,0.4617205998421468,0.5382794001578532,0.3908802616711684
0.634,0.46214511041009465,0.5378548895899053,0.3909503746425512
0.6345,0.46256895193065406,0.5374310480693459,0.39106343876984934
0.635,0.462992125984252,0.537007874015748,0.3911011757242135
0.6355,0.4634146341463415,0.5365853658536586,0.39110325267776086
0.636,0.4630503144654088,0.5369496855345912,0.3912648316719012
0.6365,0.4626865671641791,0.5373134328358209,0.3912689965808218
0.637,0.46232339089481944,0.5376766091051806,0.39134930868870793
0.6375,0.4627450980392157,0.5372549019607843,0.3915348894253048
0.638,0.46316614420062696,0.536833855799373,0.391594935730555
0.6385,0.4635865309318716,0.5364134690681284,0.3916631729686635
0.639,0.46322378716744916,0.5367762128325508,0.39178617925009496
0.6395,0.46364347146207974,0.5363565285379203,0.39181576362894466
0.64,0.46328125,0.53671875,0.39183677058728456
0.6405,0.4637002341920375,0.5362997658079625,0.3918553864134151
0.641,0.4641185647425897,0.5358814352574103,0.3918565556019609
0.6415,0.46453624318004677,0.5354637568199532,0.39192232072035715
0.642,0.4649532710280374,0.5350467289719626,0.39193375987842016
0.6425,0.4653696498054475,0.5346303501945525,0.39201098044794863
0.643,0.46578538102643857,0.5342146189735615,0.3920222033601365
0.6435,0.4654234654234654,0.5345765345765345,0.39205501024819656
0.644,0.46506211180124224,0.5349378881987578,0.392271587192645
0.6445,0.46547711404189296,0.534522885958107,0.39240532813510937
0.645,0.465891472868217,0.5341085271317829,0.39243473140943297
0.6455,0.46553059643687067,0.5344694035631293,0.3925140534987448
0.646,0.46594427244582043,0.5340557275541795,0.3925151724185609
0.6465,0.46558391337973704,0.534416086620263,0.3926545269635104
0.647,0.4652241112828439,0.5347758887171561,0.3929247810643929
0.6475,0.4648648648648649,0.5351351351351351,0.3931160684754469
0.648,0.4645061728395062,0.5354938271604939,0.3931985607707967
0.6485,0.46414803392444104,0.535851966075559,0.39343000209727347
0.649,0.4637904468412943,0.5362095531587057,0.39344692774643597
0.6495,0.46420323325635104,0.535796766743649,0.393503460174302
0.65,0.46384615384615385,0.5361538461538462,0.3935473608827235
0.6505,0.46348962336664107,0.536510376633359,0.39361139690651364
0.651,0.46390168970814133,0.5360983102918586,0.39362652815558924
0.6515,0.46431312356101306,0.5356868764389869,0.3937765463232885
0.652,0.4639570552147239,0.5360429447852761,0.3938218058334779
0.6525,0.46360153256704983,0.5363984674329502,0.39387695376511495
0.653,0.46401225114854516,0.5359877488514548,0.39388473500638643
0.6535,0.4636572302983933,0.5363427697016068,0.39390573216208097
0.654,0.463302752293578,0.536697247706422,0.39406948102698375
0.6545,0.46294881588999237,0.5370511841100076,0.3940731811760922
0.655,0.46259541984732827,0.5374045801526717,0.39429463394475
0.6555,0.4622425629290618,0.5377574370709381,0.3943832069397512
0.656,0.46189024390243905,0.538109756097561,0.39457443281604176
0.6565,0.4623000761614623,0.5376999238385377,0.39459837269365095
0.657,0.4627092846270928,0.5372907153729072,0.39463516051388425
0.6575,0.46311787072243343,0.5368821292775665,0.39476881821135085
0.658,0.4627659574468085,0.5372340425531915,0.39536694537957556
0.6585,0.4624145785876993,0.5375854214123007,0.3954551931090346
0.659,0.4620637329286798,0.5379362670713201,0.39552096762488625
0.6595,0.46171341925701287,0.5382865807429871,0.3955302124589805
0.66,0.46136363636363636,0.5386363636363636,0.39557545818467227
0.6605,0.4610143830431491,0.5389856169568509,0.39564615733116
0.661,0.4606656580937973,0.5393343419062027,0.3956558628314399
0.6615,0.4603174603174603,0.5396825396825398,0.3956867276099987
0.662,0.45996978851963743,0.5400302114803626,0.3957677813454188
0.6625,0.46037735849056605,0.539622641509434,0.3959659773893678
0.663,0.46078431372549017,0.5392156862745099,0.3962394473082184
0.6635,0.4604370761115298,0.5395629238884703,0.39628908425282644
0.664,0.4608433734939759,0.5391566265060241,0.39637722125651553
0.6645,0.4612490594431904,0.5387509405568096,0.3964488938107326
0.665,0.46090225563909776,0.5390977443609022,0.3964961898118963
0.6655,0.46055597295266715,0.5394440270473329,0.3965546856411962
0.666,0.4602102102102102,0.5397897897897899,0.3965629247904267
0.6665,0.4606151537884471,0.5393848462115529,0.3965953998845763
0.667,0.46026986506746626,0.5397301349325337,0.3968651686898843
0.6675,0.4599250936329588,0.5400749063670411,0.39698937399304496
0.668,0.4595808383233533,0.5404191616766467,0.39711118331883355
0.6685,0.4599850411368736,0.5400149588631264,0.3973296321031226
0.669,0.46038863976083705,0.539611360239163,0.3973470011366508
0.6695,0.46004480955937266,0.5399551904406273,0.39738289724271897
0.67,0.4597014925373134,0.5402985074626866,0.3974454661750771
0.6705,0.459358687546607,0.540641312453393,0.39748718776506403
0.671,0.45901639344262296,0.540983606557377,0.3976097013326025
0.6715,0.45867460908414,0.54132539091586,0.3978857833517414
0.672,0.4583333333333333,0.5416666666666667,0.39788960387104405
0.6725,0.4587360594795539,0.541263940520446,0.3979192077857012
0.673,0.45839524517087665,0.5416047548291234,0.3980898606362095
0.6735,0.4580549368968077,0.5419450631031923,0.3981108771187381
0.674,0.4577151335311573,0.5422848664688427,0.39811630397656633
0.6745,0.4573758339510749,0.542624166048925,0.3982239873914468
0.675,0.4577777777777778,0.5422222222222222,0.39831334563912474
0.6755,0.45743893412287195,0.542561065877128,0.39833408749374705
0.676,0.45710059171597633,0.5428994082840237,0.39838790008849145
0.6765,0.4567627494456763,0.5432372505543237,0.3985869804812319
0.677,0.4564254062038405,0.5435745937961596,0.3986692620577271
0.6775,0.45608856088560884,0.5439114391143911,0.39872703882671456
0.678,0.4564896755162242,0.5435103244837758,0.3987523968731154
0.6785,0.45689019896831246,0.5431098010316875,0.3991502225407166
0.679,0.4565537555228277,0.5434462444771724,0.39932135214664577
0.6795,0.4562178072111847,0.5437821927888153,0.39951004819382274
0.68,0.45588235294117646,0.5441176470588236,0.3998511783343265
0.6805,0.4562821454812638,0.5437178545187362,0.39985566433702835
0.681,0.4566813509544787,0.5433186490455213,0.3999018359981237
0.6815,0.45634629493763756,0.5436537050623624,0.40003710455660135
0.682,0.4560117302052786,0.5439882697947214,0.40009911729140135
0.6825,0.4564102564102564,0.5435897435897437,0.40013154583508465
0.683,0.4560761346998536,0.5439238653001464,0.40036773190589237
0.6835,0.4564740307242136,0.5435259692757863,0.40036858981317813
0.684,0.45687134502923976,0.5431286549707602,0.40040010645867696
0.6845,0.4572680788897005,0.5427319211102994,0.4004276178210966
0.685,0.4569343065693431,0.5430656934306569,0.4005698403016834
0.6855,0.4573304157549234,0.5426695842450766,0.4006016845072233
0.686,0.45699708454810495,0.543002915451895,0.40060446696681096
0.6865,0.45666423889293517,0.5433357611070648,0.4008736250641127
0.687,0.4570596797671033,0.5429403202328966,0.40096498252557145
0.6875,0.4567272727272727,0.5432727272727274,0.4011343179027516
0.688,0.4563953488372093,0.5436046511627908,0.4012501801122645
0.6885,0.4560639070442992,0.5439360929557008,0.40140616583081407
0.689,0.45573294629898403,0.5442670537010159,0.4015249835397497
0.6895,0.45540246555474984,0.5445975344452502,0.40167587242170655
0.69,0.4557971014492754,0.5442028985507246,0.401688213186071
0.6905,0.4561911658218682,0.5438088341781318,0.40169622763858687
0.691,0.4565846599131693,0.5434153400868307,0.40184454081012877
0.6915,0.45625451916124365,0.5437454808387563,0.4021785007586659
0.692,0.4559248554913295,0.5440751445086704,0.4023431114059919
0.6925,0.4563176895306859,0.543682310469314,0.4025965031378985
0.693,0.455988455988456,0.5440115440115441,0.4027517329038269
0.6935,0.4563806777217015,0.5436193222782986,0.4029009452986285
0.694,0.45677233429394815,0.5432276657060519,0.4030641555652871
0.6945,0.4564434845212383,0.5435565154787617,0.4031681732695164
0.695,0.4568345323741007,0.5431654676258992,0.40397164531408786
0.6955,0.4565061107117182,0.5434938892882818,0.4040649029454722
0.696,0.45689655172413796,0.5431034482758621,0.4043757412387355
0.6965,0.457286432160804,0.542713567839196,0.4044923819879691
0.697,0.45767575322812054,0.5423242467718794,0.4047095886709969
0.6975,0.45734767025089607,0.5426523297491039,0.40471311119665876
0.698,0.45702005730659023,0.5429799426934098,0.40477319828958486
0.6985,0.4566929133858268,0.5433070866141732,0.4048039398403525
0.699,0.4570815450643777,0.5429184549356223,0.4050908369462217
0.6995,0.45675482487491065,0.5432451751250893,0.4051256106060565
0.7,0.4564285714285714,0.5435714285714286,0.4053796908512348
0.7005,0.4568165596002855,0.5431834403997144,0.40552332645430045
0.701,0.456490727532097,0.5435092724679029,0.40579502321252153
0.7015,0.45616535994297935,0.5438346400570206,0.405808949932921
0.702,0.45584045584045585,0.5441595441595442,0.4061427994568168
0.7025,0.45622775800711746,0.5437722419928825,0.40625202844733693
0.703,0.4566145092460882,0.5433854907539117,0.40634316303974455
0.7035,0.4562899786780384,0.5437100213219617,0.4063753673167305
0.704,0.45667613636363635,0.5433238636363636,0.4067996787002134
0.7045,0.45635202271114267,0.5436479772888574,0.4068508434216207
0.705,0.45602836879432623,0.5439716312056737,0.40699431503673267
0.7055,0.45570517363571933,0.5442948263642806,0.4070007843259862
0.706,0.45538243626062325,0.5446175637393768,0.4071234918649167
0.7065,0.4557678697806086,0.5442321302193913,0.407195769024745
0.707,0.45615275813295614,0.5438472418670439,0.40755354923695286
0.7075,0.4565371024734982,0.5434628975265018,0.407804214571398
0.708,0.4562146892655367,0.5437853107344632,0.40782040303341194
0.7085,0.45589273112208895,0.544107268877911,0.40787398677845216
0.709,0.45627644569816644,0.5437235543018335,0.4081087809724746
0.7095,0.4559548978153629,0.5440451021846371,0.4081199864906218
0.71,0.4556338028169014,0.5443661971830986,0.40844639729941307
0.7105,0.4560168895144265,0.5439831104855735,0.40867210831258194
0.711,0.45569620253164556,0.5443037974683544,0.4087717247937241
0.7115,0.45537596626844695,0.5446240337315531,0.4088713007034429
0.712,0.4550561797752809,0.5449438202247191,0.4089019438970246
0.7125,0.45473684210526316,0.5452631578947369,0.40893898253268324
0.713,0.45511921458625526,0.5448807854137447,0.4091019648794428
0.7135,0.4555010511562719,0.5444989488437282,0.4092019981067866
0.714,0.45588235294117646,0.5441176470588236,0.40922656483885433
0.7145,0.4555633310006998,0.5444366689993002,0.40922756883521333
0.715,0.45594405594405596,0.544055944055944,0.40926509364826735
0.7155,0.45632424877707894,0.5436757512229211,0.40990688118324853
0.716,0.45600558659217877,0.5439944134078212,0.40999071063886877
0.7165,0.45638520586182835,0.5436147941381717,0.4100217256272932
0.717,0.45676429567642957,0.5432357043235705,0.41011049091180146
0.7175,0.45714285714285713,0.5428571428571429,0.41017623857852636
0.718,0.4575208913649025,0.5424791086350975,0.41042402238748305
0.7185,0.45789839944328464,0.5421016005567154,0.41047895075790514
0.719,0.4575799721835883,0.5424200278164117,0.4104966460200062
0.7195,0.4572619874913134,0.5427380125086866,0.4106087045598239
0.72,0.4576388888888889,0.5423611111111111,0.4106120149564758
0.7205,0.4580152671755725,0.5419847328244275,0.41066895847813273
0.721,0.45839112343966715,0.5416088765603329,0.4106848362331433
0.7215,0.45807345807345806,0.541926541926542,0.4106984531410562
0.722,0.4577562326869806,0.5422437673130194,0.4107327355025174
0.7225,0.4581314878892734,0.5418685121107266,0.4109727091907136
0.723,0.4578146611341632,0.5421853388658369,0.41119102024143334
0.7235,0.45749827228749135,0.5425017277125086,0.411572393302796
0.724,0.457182320441989,0.5428176795580111,0.4117394719870193
0.7245,0.4575569358178054,0.5424430641821947,0.4117415157803378
0.725,0.4572413793103448,0.5427586206896552,0.41208782698836716
0.7255,0.45761543762922124,0.5423845623707788,0.4122025021848205
0.726,0.4573002754820937,0.5426997245179064,0.4123901522513094
0.7265,0.4576737783895389,0.5423262216104612,0.41293543309633884
0.727,0.4580467675378267,0.5419532324621733,0.41316512181352966
0.7275,0.4584192439862543,0.5415807560137458,0.41350316450614516
0.728,0.4581043956043956,0.5418956043956045,0.41364626471474014
0.7285,0.45847632120796156,0.5415236787920384,0.4136628622619819
0.729,0.45816186556927296,0.541838134430727,0.41385545138002494
0.7295,0.4578478409869774,0.5421521590130226,0.41397937346325203
0.73,0.45821917808219176,0.5417808219178082,0.4140648120573503
0.7305,0.458590006844627,0.5414099931553731,0.4142771556304721
0.731,0.4582763337893297,0.5417236662106704,0.41454772531597023
0.7315,0.4579630895420369,0.5420369104579631,0.4145886418574079
0.732,0.4576502732240437,0.5423497267759563,0.41460380768689886
0.7325,0.45802047781569966,0.5419795221843003,0.41460470293907764
0.733,0.4583901773533424,0.5416098226466576,0.41481842348993997
0.7335,0.45875937286980234,0.5412406271301977,0.41483529872758007
0.734,0.45844686648501365,0.5415531335149864,0.4148426073127342
0.7345,0.45881552076242343,0.5411844792375766,0.4148845998305107
0.735,0.45850340136054424,0.5414965986394558,0.41489138452352947
0.7355,0.4581917063222298,0.5418082936777702,0.415184535979295
0.736,0.4578804347826087,0.5421195652173914,0.4152338877283381
0.7365,0.4575695858791582,0.5424304141208418,0.41526576535031173
0.737,0.45793758480325647,0.5420624151967435,0.41546220696354363
0.7375,0.4583050847457627,0.5416949152542373,0.4154700148778226
0.738,0.45799457994579945,0.5420054200542006,0.41559863612090076
0.7385,0.45768449559918756,0.5423155044008124,0.41562323431103165
0.739,0.45737483085250336,0.5426251691474966,0.4156770510358625
0.7395,0.4570655848546315,0.5429344151453686,0.4157810448042512
0.74,0.4574324324324324,0.5425675675675676,0.41591551812479755
0.7405,0.4577987846049966,0.5422012153950033,0.41596942618230864
0.741,0.4574898785425101,0.5425101214574899,0.41612274220019435
0.7415,0.4571813890761969,0.5428186109238031,0.41628068276798025
0.742,0.45754716981132076,0.5424528301886793,0.416676152269697
0.7425,0.4572390572390572,0.5427609427609428,0.41673586162893295
0.743,0.4576043068640646,0.5423956931359354,0.4168570155648079
0.7435,0.45729657027572296,0.542703429724277,0.4178410117117427
0.744,0.4576612903225806,0.5423387096774194,0.4178517327310217
0.7445,0.458025520483546,0.541974479516454,0.41804819153645184
0.745,0.4577181208053691,0.5422818791946309,0.4180930452388373
0.7455,0.4574111334674715,0.5425888665325285,0.41816382463583895
0.746,0.45777479892761397,0.542225201072386,0.4181673838475458
0.7465,0.4581379772270596,0.5418620227729404,0.418266197578745
0.747,0.4578313253012048,0.5421686746987953,0.4184292051953084
0.7475,0.45752508361204014,0.5424749163879599,0.4184511668927876
0.748,0.45788770053475936,0.5421122994652406,0.4185086136254566
0.7485,0.4575818303273213,0.5424181696726786,0.4185183948280926
0.749,0.45794392523364486,0.5420560747663552,0.41853536091879334
0.7495,0.45763842561707807,0.542361574382922,0.418658918846317
0.75,0.458,0.542,0.41870621110765127
0.7505,0.4576948700866089,0.5423051299133911,0.4188377859109709
0.751,0.4580559254327563,0.5419440745672437,0.4194334548195305
0.7515,0.458416500332668,0.541583499667332,0.4194958195789632
0.752,0.45811170212765956,0.5418882978723405,0.41952999023951726
0.7525,0.4584717607973422,0.5415282392026578,0.41953925810083453
0.753,0.4581673306772908,0.5418326693227091,0.4196711907692048
0.7535,0.45786330457863306,0.5421366954213669,0.4198053511851883
0.754,0.45755968169761274,0.5424403183023873,0.4198858643714951
0.7545,0.4579191517561299,0.5420808482438702,0.41990526889568275
0.755,0.45761589403973507,0.542384105960265,0.4200882675785113
0.7555,0.45797485109199204,0.5420251489080079,0.4206145728738283
0.756,0.4583333333333333,0.5416666666666667,0.42106259181714545
0.7565,0.45803040317250493,0.5419695968274951,0.4211355614077473
0.757,0.4583883751651255,0.5416116248348746,0.4211510252614511
0.7575,0.45808580858085807,0.5419141914191419,0.4211985919691707
0.758,0.4577836411609499,0.5422163588390501,0.42120836709660947
0.7585,0.45814106789716547,0.5418589321028345,0.42122682694967295
0.759,0.45849802371541504,0.541501976284585,0.42123028554722275
0.7595,0.45819618169848586,0.5418038183015141,0.4212415443069009
0.76,0.45789473684210524,0.5421052631578948,0.4213178567372461
0.7605,0.45825115055884286,0.5417488494411571,0.4213655028070726
0.761,0.45860709592641263,0.5413929040735874,0.4216131998032663
0.7615,0.4583059750492449,0.5416940249507551,0.42181380957528836
0.762,0.458005249343832,0.541994750656168,0.42185473442830923
0.7625,0.4577049180327869,0.5422950819672131,0.42187326085274685
0.763,0.4580602883355177,0.5419397116644823,0.422161857998997
0.7635,0.4577603143418468,0.5422396856581533,0.4223479226278282
0.764,0.4574607329842932,0.5425392670157068,0.4224274421442338
0.7645,0.45716154349247873,0.5428384565075213,0.4226016425569782
0.765,0.45751633986928103,0.542483660130719,0.42339839172903004
0.7655,0.457217504898759,0.542782495101241,0.4234069965913565
0.766,0.45691906005221933,0.5430809399477807,0.4239618078377509
0.7665,0.4572733202870189,0.542726679712981,0.4242942162121035
0.767,0.45697522816166886,0.5430247718383312,0.4243564735065705
0.7675,0.45732899022801304,0.5426710097719869,0.42435804766077967
0.768,0.4576822916666667,0.5423177083333333,0.42509526975212414
0.7685,0.45738451528952506,0.5426154847104749,0.42520144249059855
0.769,0.45708712613784136,0.5429128738621587,0.4253769677496496
0.7695,0.4567901234567901,0.5432098765432098,0.4255787828514914
0.77,0.45714285714285713,0.5428571428571429,0.425601930418444
0.7705,0.45684620376378976,0.5431537962362103,0.4256605797327067
0.771,0.4571984435797665,0.5428015564202335,0.42566290648965543
0.7715,0.45690213869086194,0.5430978613091381,0.4257882572715998
0.772,0.4566062176165803,0.5433937823834196,0.4260527677608497
0.7725,0.4563106796116505,0.5436893203883495,0.42626354943893346
0.773,0.45601552393272965,0.5439844760672703,0.4264620267191871
0.7735,0.4557207498383969,0.5442792501616032,0.42658175288996697
0.774,0.45542635658914726,0.5445736434108528,0.4267495977433563
0.7745,0.4551323434473854,0.5448676565526146,0.42684000175744324
0.775,0.45483870967741935,0.5451612903225806,0.42702187768278627
0.7755,0.45454545454545453,0.5454545454545454,0.4270580135426451
0.776,0.45489690721649484,0.5451030927835052,0.42707824920635096
0.7765,0.45524790727623954,0.5447520927237605,0.42713210926904904
0.777,0.4555984555984556,0.5444015444015444,0.42722756333071504
0.7775,0.4553054662379421,0.5446945337620579,0.42727255873942016
0.778,0.455012853470437,0.544987146529563,0.42731548657731583
0.7785,0.45472061657032753,0.5452793834296725,0.4278773154325524
0.779,0.45507060333761234,0.5449293966623876,0.42973091236040895
0.7795,0.4547787042976267,0.5452212957023733,0.4303321937269922
0.78,0.4551282051282051,0.5448717948717949,0.4306142303140234
0.7805,0.4554772581678411,0.5445227418321589,0.43074164917683794
0.781,0.4551856594110115,0.5448143405889885,0.4311785065372027
0.7815,0.45489443378119004,0.54510556621881,0.4315301452138596
0.782,0.45460358056265987,0.5453964194373402,0.43160622063538684
0.7825,0.45431309904153355,0.5456869009584664,0.4317374735603257
0.783,0.4540229885057471,0.5459770114942528,0.43211536154305036
0.7835,0.45373324824505423,0.5462667517549458,0.43220004750781443
0.784,0.4534438775510204,0.5465561224489797,0.4326257194384301
0.7845,0.4537922243467177,0.5462077756532824,0.4327619970148276
0.785,0.45414012738853504,0.545859872611465,0.4336201551651226
0.7855,0.45385105028644174,0.5461489497135583,0.43372008801501055
0.786,0.4535623409669211,0.5464376590330788,0.43390275248906385
0.7865,0.45390972663699936,0.5460902733630006,0.43391072880698967
0.787,0.4542566709021601,0.54574332909784,0.43406410974228965
0.7875,0.4546031746031746,0.5453968253968253,0.4341215054716643
0.788,0.4549492385786802,0.5450507614213198,0.4345605824185212
0.7885,0.45529486366518707,0.544705136334813,0.4346461695597648
0.789,0.4556400506970849,0.5443599493029151,0.43465214499437405
0.7895,0.45535148828372385,0.5446485117162762,0.4348526022627677
0.79,0.45569620253164556,0.5443037974683544,0.4349207071083567
0.7905,0.45540796963946867,0.5445920303605314,0.43522385245475287
0.791,0.45512010113780027,0.5448798988621997,0.43525628399182364
0.7915,0.4554643082754264,0.5445356917245736,0.4354575334103778
0.792,0.4551767676767677,0.5448232323232323,0.43557465114157506
0.7925,0.4555205047318612,0.5444794952681389,0.4356204316265351
0.793,0.4552332912988651,0.544766708701135,0.4361293672113974
0.7935,0.4555765595463138,0.5444234404536862,0.4361344365195494
0.794,0.45591939546599497,0.544080604534005,0.43623365794294694
0.7945,0.4556324732536186,0.5443675267463814,0.4364953261172967
0.795,0.4559748427672956,0.5440251572327044,0.4365813818586273
0.7955,0.45631678189817726,0.5436832181018227,0.43703167713107866
0.796,0.4566582914572864,0.5433417085427136,0.4370717723266812
0.7965,0.45699937225360954,0.5430006277463905,0.43720951040449774
0.797,0.4573400250941029,0.5426599749058971,0.43735097439154147
0.7975,0.45768025078369906,0.542319749216301,0.43736924403712507
0.798,0.4573934837092732,0.5426065162907268,0.4378469644405253
0.7985,0.4577332498434565,0.5422667501565435,0.43797350066178997
0.799,0.4574468085106383,0.5425531914893618,0.4382271419539373
0.7995,0.45716072545340836,0.5428392745465916,0.4383599392055944
0.8,0.456875,0.5431250000000001,0.43860692182124
0.8005,0.4565896314803248,0.5434103685196752,0.43953820893447687
0.801,0.45630461922596754,0.5436953807740325,0.4396265781783123
0.8015,0.4560199625701809,0.5439800374298192,0.4397257456134572
0.802,0.4557356608478803,0.5442643391521197,0.44004668973678646
0.8025,0.45607476635514016,0.5439252336448599,0.44011485496772257
0.803,0.4564134495641345,0.5435865504358655,0.44017612143322493
0.8035,0.4561294337274424,0.5438705662725576,0.44060583422441163
0.804,0.4564676616915423,0.5435323383084577,0.440607884177186
0.8045,0.45680546923555004,0.5431945307644499,0.44082311301429605
0.805,0.45714285714285713,0.5428571428571429,0.4409193667584373
0.8055,0.45685909373060213,0.5431409062693979,0.44135528118815237
0.806,0.456575682382134,0.543424317617866,0.4414175735822244
0.8065,0.45629262244265345,0.5437073775573465,0.4416165006035043
0.807,0.4566294919454771,0.5433705080545229,0.4417028526691936
0.8075,0.4569659442724458,0.5430340557275541,0.44191126449762735
0.808,0.4573019801980198,0.5426980198019802,0.44223675436736165
0.8085,0.45763760049474334,0.5423623995052567,0.44252980475722387
0.809,0.4573547589616811,0.5426452410383189,0.4425396102229232
0.8095,0.4576899320568252,0.5423100679431748,0.44283580886060575
0.81,0.4580246913580247,0.5419753086419753,0.4432061935288235
0.8105,0.4583590376310919,0.541640962368908,0.4434796112202207
0.811,0.45807644882860665,0.5419235511713933,0.44383115725068434
0.8115,0.4584103512014787,0.5415896487985212,0.4439657382354126
0.812,0.45874384236453203,0.541256157635468,0.4440218576116264
0.8125,0.4590769230769231,0.5409230769230768,0.44407575771512975
0.813,0.45879458794587946,0.5412054120541205,0.4444650299241507
0.8135,0.45912722802704364,0.5408727719729564,0.4451248226665547
0.814,0.4594594594594595,0.5405405405405406,0.44535955438763436
0.8145,0.4597912829957029,0.5402087170042971,0.44544422582367715
0.815,0.4601226993865031,0.5398773006134969,0.4455184650597652
0.8155,0.4598405885959534,0.5401594114040467,0.44551877271616347
0.816,0.46017156862745096,0.539828431372549,0.4455446662006637
0.8165,0.4598897734231476,0.5401102265768525,0.44576487158435557
0.817,0.4602203182374541,0.539779681762546,0.4464015156202296
0.8175,0.4599388379204893,0.5400611620795107,0.4465251591292757
0.818,0.46026894865525675,0.5397310513447433,0.44653815798853863
0.8185,0.4599877825290165,0.5400122174709835,0.44736297927642044
0.819,0.4603174603174603,0.5396825396825398,0.4474640977027666
0.8195,0.4600366076876144,0.5399633923123857,0.44761942664146265
0.82,0.45975609756097563,0.5402439024390244,0.44811907157107517
0.8205,0.46008531383302864,0.5399146861669714,0.4483762194731687
0.821,0.4598051157125457,0.5401948842874543,0.44864259468448564
0.8215,0.46013390139987825,0.5398660986001218,0.44907169678774395
0.822,0.4604622871046229,0.5395377128953771,0.4492366812081551
0.8225,0.4601823708206687,0.5398176291793313,0.44973657164685826
0.823,0.46051032806804376,0.5394896719319562,0.4503555347639536
0.8235,0.4602307225258045,0.5397692774741956,0.45077312911125256
0.824,0.46055825242718446,0.5394417475728155,0.4510035176039824
0.8245,0.46088538508186777,0.5391146149181323,0.45115483890103014
0.825,0.46060606060606063,0.5393939393939393,0.45126967020949166
0.8255,0.4609327680193822,0.5390672319806178,0.4512912111662587
0.826,0.4612590799031477,0.5387409200968523,0.4513998334542168
0.8265,0.46098003629764067,0.5390199637023594,0.45184311491196133
0.827,0.46130592503022977,0.5386940749697702,0.45190250103181856
0.8275,0.461631419939577,0.538368580060423,0.452089424046591
0.828,0.4613526570048309,0.538647342995169,0.4521846964825406
0.8285,0.46167773083886543,0.5383222691611346,0.452201724331397
0.829,0.4620024125452352,0.5379975874547648,0.4522478434630723
0.8295,0.46232670283303196,0.537673297166968,0.4523429612029976
0.83,0.46265060240963857,0.5373493975903614,0.4525037185629431
0.8305,0.4629741119807345,0.5370258880192655,0.45276305676156625
0.831,0.46329723225030084,0.5367027677496992,0.4528576569792366
0.8315,0.4630186410102225,0.5369813589897775,0.4535100028544242
0.832,0.46334134615384615,0.5366586538461539,0.45369475443403673
0.8325,0.46306306306306305,0.536936936936937,0.4538668626534067
0.833,0.46338535414165666,0.5366146458583434,0.4544551598889444
0.8335,0.46370725854829037,0.5362927414517096,0.45485035561511444
0.834,0.46402877697841727,0.5359712230215827,0.45485219482550177
0.8345,0.46375074895146795,0.536249251048532,0.45554400040829773
0.835,0.46347305389221555,0.5365269461077844,0.45625609634250747
0.8355,0.4631956912028725,0.5368043087971275,0.45641554219198943
0.836,0.46291866028708134,0.5370813397129186,0.45649028731928054
0.8365,0.4632396891811118,0.5367603108188882,0.4572266533103569
0.837,0.46296296296296297,0.537037037037037,0.45763645332259095
0.8375,0.4626865671641791,0.5373134328358209,0.4576707237205809
0.838,0.4630071599045346,0.5369928400954653,0.45811796865582605
0.8385,0.46332737030411447,0.5366726296958855,0.4584809227405199
0.839,0.46305125148986886,0.5369487485101312,0.45886449752679115
0.8395,0.46337105419892793,0.536628945801072,0.45894008422536
0.84,0.4630952380952381,0.5369047619047619,0.4593922692612622
0.8405,0.462819750148721,0.537180249851279,0.4596097990719321
0.841,0.4625445897740785,0.5374554102259215,0.4596630145020128
0.8415,0.4622697563874034,0.5377302436125966,0.46045127950796316
0.842,0.46258907363420426,0.5374109263657958,0.4604772870883447
0.8425,0.4629080118694362,0.5370919881305638,0.46101269396380395
0.843,0.4626334519572954,0.5373665480427046,0.4611096220662635
0.8435,0.46295198577356256,0.5370480142264374,0.4616149262341115
0.844,0.46267772511848343,0.5373222748815165,0.46223499139752955
0.8445,0.4624037892243931,0.5375962107756069,0.462440395313873
0.845,0.46272189349112425,0.5372781065088758,0.4635935995867436
0.8455,0.4630396215257244,0.5369603784742756,0.463604652256833
0.846,0.4627659574468085,0.5372340425531915,0.4636483238512047
0.8465,0.4630832841110455,0.5369167158889545,0.464647575854871
0.847,0.46340023612750886,0.5365997638724911,0.4656314378421504
0.8475,0.46371681415929206,0.536283185840708,0.4657674219365805
0.848,0.46403301886792453,0.5359669811320755,0.4658919278163391
0.8485,0.4637595757218621,0.5362404242781379,0.4660738655755879
0.849,0.464075382803298,0.535924617196702,0.46670777238559435
0.8495,0.4643908181283108,0.5356091818716893,0.4670383160078848
0.85,0.4647058823529412,0.5352941176470588,0.4676516296369524
0.8505,0.46502057613168724,0.5349794238683128,0.46794206039909786
0.851,0.46474735605170386,0.5352526439482961,0.46802262471417466
0.8515,0.46506165590135057,0.5349383440986495,0.46805155762078854
0.852,0.4647887323943662,0.5352112676056338,0.4683312080043974
0.8525,0.4645161290322581,0.5354838709677419,0.46840716540794286
0.853,0.46483001172332944,0.5351699882766705,0.46880662336545387
0.8535,0.4645577035735208,0.5354422964264792,0.46894122454590487
0.854,0.4648711943793911,0.5351288056206089,0.4692505737187765
0.8545,0.46459918080748974,0.5354008191925103,0.469962141273193
0.855,0.4649122807017544,0.5350877192982456,0.47006464797569913
0.8555,0.4652250146113384,0.5347749853886616,0.47090197974989395
0.856,0.4649532710280374,0.5350467289719626,0.47101862442463505
0.8565,0.4652656158785756,0.5347343841214244,0.4711929352145897
0.857,0.46499416569428237,0.5350058343057176,0.47157419839202347
0.8575,0.46530612244897956,0.5346938775510204,0.47173527800133863
0.858,0.46561771561771564,0.5343822843822843,0.47227323896031065
0.8585,0.46534653465346537,0.5346534653465347,0.4724484704411309
0.859,0.4650756693830035,0.5349243306169965,0.47247836896826645
0.8595,0.4653868528214078,0.5346131471785922,0.47283282235963553
0.86,0.46511627906976744,0.5348837209302326,0.47291433131697225
0.8605,0.46484601975595585,0.5351539802440441,0.47407100624963217
0.861,0.4645760743321719,0.5354239256678281,0.4743681064843948
0.8615,0.4643064422518862,0.5356935577481138,0.47468440288888775
0.862,0.4646171693735499,0.5353828306264501,0.47501871691769204
0.8625,0.4643478260869565,0.5356521739130435,0.47512960093712675
0.863,0.4640787949015064,0.5359212050984936,0.4754323566764596
0.8635,0.4643891140706427,0.5356108859293573,0.4754768614902873
0.864,0.46412037037037035,0.5358796296296297,0.4764134760922716
0.8645,0.4644303065355697,0.5355696934644303,0.47657919599120535
0.865,0.4647398843930636,0.5352601156069364,0.47707084039609654
0.8655,0.464471403812825,0.535528596187175,0.47741008252554934
0.866,0.4647806004618938,0.5352193995381063,0.4776048239260289
0.8665,0.46508944027697635,0.5349105597230237,0.477633815582412
0.867,0.46482122260668973,0.5351787773933103,0.47763433629396074
0.8675,0.46512968299711815,0.5348703170028819,0.47776800953183685
0.868,0.46543778801843316,0.5345622119815668,0.4779961221480283
0.8685,0.4657455382843984,0.5342544617156015,0.4783421731536642
0.869,0.4660529344073648,0.5339470655926353,0.47861481681580825
0.8695,0.4657849338700403,0.5342150661299597,0.4788365089169737
0.87,0.46551724137931033,0.5344827586206897,0.479106115398123
0.8705,0.4652498564043653,0.5347501435956348,0.4791497629569603
0.871,0.46498277841561425,0.5350172215843858,0.4791523619758746
0.8715,0.4652897303499713,0.5347102696500288,0.47975100254702024
0.872,0.46559633027522934,0.5344036697247707,0.480027510069589
0.8725,0.4659025787965616,0.5340974212034384,0.48042076050836774
0.873,0.4662084765177549,0.5337915234822451,0.48087183663773475
0.8735,0.4659416141957642,0.5340583858042358,0.4811658746878089
0.874,0.4662471395881007,0.5337528604118993,0.482250129243465
0.8745,0.4665523156089194,0.5334476843910806,0.4831585045313958
0.875,0.4662857142857143,0.5337142857142857,0.48362770465474336
0.8755,0.46601941747572817,0.5339805825242718,0.483701262814252
0.876,0.4657534246575342,0.5342465753424658,0.4839964357779948
0.8765,0.46605818596691384,0.5339418140330862,0.4848044969486228
0.877,0.4657924743443558,0.5342075256556442,0.48517028469807
0.8775,0.4655270655270655,0.5344729344729344,0.48529759890315266
0.878,0.4652619589977221,0.534738041002278,0.4859674442968106
0.8785,0.4649971542401821,0.5350028457598179,0.4874858413007578
0.879,0.4653014789533561,0.534698521046644,0.48776062476894294
0.8795,0.46560545764639,0.5343945423536101,0.4878599527788537
0.88,0.4653409090909091,0.5346590909090909,0.488616160535344
0.8805,0.46564452015900054,0.5343554798409995,0.4887234537127739
0.881,0.4659477866061294,0.5340522133938705,0.4897966315051306
0.8815,0.46568349404424275,0.5343165059557573,0.49035629150335963
0.882,0.46598639455782315,0.5340136054421769,0.4910341823537416
0.8825,0.46572237960339946,0.5342776203966005,0.49144193600759184
0.883,0.46602491506228766,0.5339750849377123,0.49275862775506823
0.8835,0.46576117713638937,0.5342388228636106,0.49326193361255877
0.884,0.4654977375565611,0.5345022624434389,0.49421914728605126
0.8845,0.4652345958168457,0.5347654041831543,0.4952794369920713
0.885,0.46497175141242936,0.5350282485875706,0.4952992320338164
0.8855,0.4647092038396386,0.5352907961603615,0.49533854811552935
0.886,0.46444695259593677,0.5355530474040633,0.49596124614513903
0.8865,0.4647490129723632,0.5352509870276367,0.496019598848462
0.887,0.4650507328072153,0.5349492671927847,0.4960345066791551
0.8875,0.46535211267605636,0.5346478873239436,0.4966530261607393
0.888,0.4650900900900901,0.5349099099099099,0.4967924573598699
0.8885,0.46482836240855374,0.5351716375914463,0.49680013930373557
0.889,0.4651293588301462,0.5348706411698538,0.4981041546237528
0.8895,0.4654300168634064,0.5345699831365935,0.4987735319739245
0.89,0.4657303370786517,0.5342696629213484,0.4987761105729754
0.8905,0.46546883773161146,0.5345311622683886,0.4991363431060314
0.891,0.46520763187429853,0.5347923681257014,0.4994278195210585
0.8915,0.4655075715086932,0.5344924284913068,0.5001532344447999
0.892,0.46524663677130046,0.5347533632286996,0.5002397098397001
0.8925,0.46554621848739497,0.534453781512605,0.5003389949650263
0.893,0.4652855543113102,0.5347144456886899,0.5003572556060414
0.8935,0.4650251818690543,0.5349748181309457,0.5009133105720109
0.894,0.465324384787472,0.534675615212528,0.5027619633136429
0.8945,0.4656232532140861,0.534376746785914,0.5039861252054937
0.895,0.4653631284916201,0.5346368715083799,0.5042183419552698
0.8955,0.4651032942490229,0.534896705750977,0.5043894586797333
0.896,0.4654017857142857,0.5345982142857143,0.5044368322431683
0.8965,0.4651422197434467,0.5348577802565533,0.5044636431530943
0.897,0.4654403567447046,0.5345596432552955,0.5058808457478623
0.8975,0.46518105849582175,0.5348189415041782,0.5059452865163224
0.898,0.46492204899777284,0.5350779510022272,0.5061258933049901
0.8985,0.46521981079577074,0.5347801892042292,0.5067228602443969
0.899,0.46551724137931033,0.5344827586206897,0.5071969231626559
0.8995,0.46581434130072263,0.5341856586992774,0.5075885833948712
0.9,0.46555555555555556,0.5344444444444445,0.5084256288811224
0.9005,0.4652970571904497,0.5347029428095502,0.5086562914575437
0.901,0.4655937846836848,0.5344062153163152,0.5090278599076716
0.9015,0.4653355518580144,0.5346644481419855,0.509743767879633
0.902,0.46507760532150777,0.5349223946784922,0.5100797936239199
0.9025,0.464819944598338,0.535180055401662,0.5105739170027541
0.903,0.464562569213732,0.5354374307862679,0.5105805538104137
0.9035,0.46485888212506915,0.5351411178749308,0.5107207884383081
0.904,0.4651548672566372,0.5348451327433628,0.5108992494121409
0.9045,0.46489773355444997,0.53510226644555,0.5115983850209125
0.905,0.46464088397790054,0.5353591160220994,0.5116822440720049
0.9055,0.46438431805632246,0.5356156819436775,0.5129179008679587
0.906,0.46467991169977924,0.5353200883002207,0.513148280505005
0.9065,0.46497517926089355,0.5350248207391064,0.5136292428643022
0.907,0.4652701212789416,0.5347298787210584,0.5138143094318945
0.9075,0.4650137741046832,0.5349862258953169,0.5138615890966431
0.908,0.46530837004405284,0.5346916299559472,0.5146372803518586
0.9085,0.46560264171711613,0.5343973582828838,0.5155218062578796
0.909,0.4658965896589659,0.534103410341034,0.5159264156639737
0.9095,0.46564046179219354,0.5343595382078065,0.5164138868464248
0.91,0.46593406593406594,0.5340659340659341,0.5180756757033251
0.9105,0.4656781987918726,0.5343218012081274,0.5191618893187121
0.911,0.4659714599341383,0.5340285400658618,0.5210147627509474
0.9115,0.46571585298957763,0.5342841470104224,0.522713593475991
0.912,0.46600877192982454,0.5339912280701755,0.52294373919165
0.9125,0.4657534246575342,0.5342465753424658,0.5231994532791814
0.913,0.4654983570646221,0.5345016429353779,0.5234825193329383
0.9135,0.4652435686918446,0.5347564313081554,0.5238820562283826
0.914,0.4649890590809628,0.5350109409190372,0.5241667976144782
0.9145,0.4652815746309459,0.5347184253690541,0.5242966708890467
0.915,0.46502732240437156,0.5349726775956285,0.5252468887199488
0.9155,0.4647733478973239,0.5352266521026761,0.5254669141715169
0.916,0.4650655021834061,0.534934497816594,0.525890561168774
0.9165,0.46481178396072015,0.5351882160392798,0.526319802080456
0.917,0.46510359869138496,0.534896401308615,0.5269056992154204
0.9175,0.4653950953678474,0.5346049046321526,0.5273109229186883
0.918,0.46568627450980393,0.5343137254901961,0.5273171245990989
0.9185,0.46597713663581924,0.5340228633641808,0.5273519290141758
0.919,0.4657236126224157,0.5342763873775843,0.5275375628617536
0.9195,0.46547036432843936,0.5345296356715606,0.529036152669126
0.92,0.4652173913043478,0.5347826086956522,0.5326497341969276
0.9205,0.465507876154264,0.5344921238457361,0.5330517677260533
0.921,0.46525515743756785,0.5347448425624322,0.5337151809743639
0.9215,0.4655453065653825,0.5344546934346175,0.5357339233671601
0.922,0.46529284164859,0.53470715835141,0.5357819561125858
0.9225,0.4655826558265583,0.5344173441734417,0.5366648404648917
0.923,0.4658721560130011,0.534127843986999,0.5379873178498552
0.9235,0.466161342717921,0.533838657282079,0.5384551058467462
0.924,0.4659090909090909,0.5340909090909092,0.5385132469680046
0.9245,0.46619794483504595,0.533802055164954,0.5386701787631973
0.925,0.46594594594594596,0.534054054054054,0.5387209591545475
0.9255,0.4662344678552134,0.5337655321447866,0.5390234674765475
0.926,0.4659827213822894,0.5340172786177106,0.539378820509753
0.9265,0.4662709120345386,0.5337290879654615,0.5398935696142848
0.927,0.4665587918015103,0.5334412081984897,0.540520610725562
0.9275,0.4668463611859838,0.5331536388140161,0.5406928909934623
0.928,0.4665948275862069,0.5334051724137931,0.5410052712983389
0.9285,0.4663435648896069,0.5336564351103932,0.5412856673964169
0.929,0.46609257265877285,0.5339074273412272,0.5414436748225199
0.9295,0.4658418504572351,0.534158149542765,0.5418997123826531
0.93,0.4661290322580645,0.5338709677419355,0.5420368278019922
0.9305,0.4658785599140247,0.5341214400859753,0.5420827213922564
0.931,0.4656283566058002,0.5343716433941998,0.5421007098445196
0.9315,0.46537842190016104,0.5346215780998389,0.5423504618276704
0.932,0.46512875536480686,0.5348712446351931,0.5443574236070736
0.9325,0.46541554959785525,0.5345844504021448,0.5464358620456166
0.933,0.46516613076098606,0.534833869239014,0.546952789645931
0.9335,0.4654525977504017,0.5345474022495983,0.5471025638496756
0.934,0.4657387580299786,0.5342612419700214,0.5476908509974017
0.9345,0.46602461209202783,0.5339753879079722,0.548522722385345
0.935,0.4663101604278075,0.5336898395721925,0.5485633692670456
0.9355,0.4665954035275254,0.5334045964724746,0.5485939626330301
0.936,0.4668803418803419,0.5331196581196581,0.5488870436280717
0.9365,0.46663107314468766,0.5333689268553123,0.5501208876875936
0.937,0.46691568836712916,0.5330843116328708,0.5518920664166425
0.9375,0.4666666666666667,0.5333333333333333,0.552044666361426
0.938,0.4664179104477612,0.5335820895522387,0.5539932220028795
0.9385,0.4667021843367075,0.5332978156632925,0.5540864141330588
0.939,0.46645367412140576,0.5335463258785942,0.5543857033812681
0.9395,0.4667376263970197,0.5332623736029802,0.5544253144429308
0.94,0.46702127659574466,0.5329787234042553,0.5545261313875782
0.9405,0.46730462519936206,0.532695374800638,0.5547198894628409
0.941,0.4675876726886291,0.5324123273113709,0.5552654130070809
0.9415,0.467870419543282,0.532129580456718,0.5553384012220597
0.942,0.4676220806794055,0.5323779193205944,0.5565568777881048
0.9425,0.4673740053050398,0.5326259946949602,0.5585977858736165
0.943,0.4676564156945917,0.5323435843054083,0.5590122822775172
0.9435,0.46793852676205616,0.5320614732379438,0.559440188434438
0.944,0.4676906779661017,0.5323093220338984,0.559608429502535
0.9445,0.4679724722075172,0.5320275277924829,0.5604115393676936
0.945,0.46825396825396826,0.5317460317460317,0.5610484940491152
0.9455,0.4685351665785299,0.5314648334214701,0.5610888538011859
0.946,0.4682875264270613,0.5317124735729387,0.5617488718812469
0.9465,0.468040147913365,0.531959852086635,0.5618996369115637
0.947,0.4677930306230201,0.53220696937698,0.5619757190503882
0.9475,0.46807387862796834,0.5319261213720317,0.5628035960035062
0.948,0.46835443037974683,0.5316455696202531,0.5632497452118717
0.9485,0.46863468634686345,0.5313653136531366,0.5641951811512779
0.949,0.4683877766069547,0.5316122233930454,0.5644882404888789
0.9495,0.4681411269088994,0.5318588730911006,0.5646878444753152
0.95,0.46789473684210525,0.5321052631578947,0.5647642970986713
0.9505,0.46764860599684377,0.5323513940031562,0.5651555184149629
0.951,0.4679284963196635,0.5320715036803365,0.5653016539156335
0.9515,0.4682080924855491,0.5317919075144508,0.56560999375226
0.952,0.4684873949579832,0.5315126050420168,0.5669668802472463
0.9525,0.46824146981627296,0.5317585301837271,0.5695748079576193
0.953,0.46799580272822666,0.5320041972717733,0.5696069573855587
0.9535,0.46775039328788676,0.5322496067121132,0.571929750397725
0.954,0.46802935010482183,0.5319706498951782,0.5722324157178991
0.9545,0.4677841801990571,0.5322158198009429,0.5729659763041546
0.955,0.4675392670157068,0.5324607329842932,0.5735994336323313
0.9555,0.46781789638932497,0.5321821036106751,0.5747464311420792
0.956,0.46809623430962344,0.5319037656903766,0.5751491864391903
0.9565,0.4683742812336644,0.5316257187663356,0.5754231395330948
0.957,0.46812957157784746,0.5318704284221525,0.5758862275311285
0.9575,0.46788511749347256,0.5321148825065274,0.5760070235070031
0.958,0.4681628392484342,0.5318371607515657,0.576187315295285
0.9585,0.4679186228482003,0.5320813771517997,0.5782216334685409
0.959,0.4681960375391032,0.5318039624608968,0.5786823935126226
0.9595,0.4679520583637311,0.5320479416362689,0.5786837762736649
0.96,0.46770833333333334,0.5322916666666666,0.5801417757188937
0.9605,0.46798542425819883,0.5320145757418011,0.5814633869926941
0.961,0.46826222684703434,0.5317377731529657,0.5814844180126416
0.9615,0.46801872074882994,0.53198127925117,0.5822145984296478
0.962,0.4677754677754678,0.5322245322245323,0.5824895905797522
0.9625,0.46805194805194805,0.531948051948052,0.5827627518665326
0.963,0.4683281412253375,0.5316718587746625,0.5863818105063163
0.9635,0.46808510638297873,0.5319148936170213,0.5868448959683643
0.964,0.4678423236514523,0.5321576763485477,0.5874032939945087
0.9645,0.4675997926386729,0.5324002073613271,0.5890342745536328
0.965,0.46735751295336786,0.5326424870466322,0.5899393480872084
0.9655,0.4671154842050751,0.5328845157949249,0.5908438966254275
0.966,0.4673913043478261,0.5326086956521738,0.5916862773898653
0.9665,0.4676668391101914,0.5323331608898085,0.5920159329718523
0.967,0.46794208893485006,0.53205791106515,0.5920442408221713
0.9675,0.4682170542635659,0.531782945736434,0.5921215404811309
0.968,0.46797520661157027,0.5320247933884297,0.5930114109991458
0.9685,0.467733608673206,0.532266391326794,0.5954500063119912
0.969,0.4674922600619195,0.5325077399380804,0.5979532510354256
0.9695,0.46725116039195463,0.5327488396080453,0.5996860008003527
0.97,0.4675257731958763,0.5324742268041237,0.6014989490907484
0.9705,0.4678001030396703,0.5321998969603297,0.6016331842488296
0.971,0.46755921730175076,0.5324407826982492,0.6017481751759104
0.9715,0.4678332475553268,0.5321667524446732,0.602215482743435
0.972,0.4675925925925926,0.5324074074074074,0.6030356200576321
0.9725,0.4673521850899743,0.5326478149100258,0.6042025913127362
0.973,0.4671120246659815,0.5328879753340185,0.6049813368199701
0.9735,0.46738572162300973,0.5326142783769903,0.6052130756859189
0.974,0.4671457905544148,0.5328542094455853,0.6055528972401705
0.9745,0.46690610569522834,0.5330938943047716,0.6063359736396909
0.975,0.46717948717948715,0.5328205128205128,0.6071070258774036
0.9755,0.4674525884161968,0.5325474115838031,0.6072170625984987
0.976,0.4677254098360656,0.5322745901639344,0.609003585638842
0.9765,0.4679979518689196,0.5320020481310803,0.6096384378176762
0.977,0.4677584442169908,0.5322415557830091,0.6113579226855428
0.9775,0.4680306905370844,0.5319693094629157,0.612519385664011
0.978,0.46830265848670755,0.5316973415132924,0.6143185519946046
0.9785,0.4680633622892182,0.5319366377107818,0.6150227450959926
0.979,0.46782431052093976,0.5321756894790602,0.6154048694657659
0.9795,0.46809596733027053,0.5319040326697295,0.6155148949264072
0.98,0.46785714285714286,0.5321428571428571,0.6158002151844448
0.9805,0.4681285058643549,0.531871494135645,0.6158918451549416
0.981,0.46839959225280325,0.5316004077471967,0.6164998030097648
0.9815,0.46816097809475293,0.5318390219052471,0.6176093697189802
0.982,0.4679226069246436,0.5320773930753564,0.6179034756864266
0.9825,0.4681933842239186,0.5318066157760815,0.6187103065115914
0.983,0.46795523906408953,0.5320447609359105,0.6189610951308759
0.9835,0.4682257244534825,0.5317742755465176,0.6219250106942454
0.984,0.4684959349593496,0.5315040650406504,0.6237167711163913
0.9845,0.46876587100050787,0.5312341289994922,0.6242661998863464
0.985,0.4685279187817259,0.531472081218274,0.6251251008999283
0.9855,0.4687975646879756,0.5312024353120244,0.6255351767905031
0.986,0.46906693711967545,0.5309330628803246,0.628147151898263
0.9865,0.46933603649265077,0.5306639635073492,0.6295670027761894
0.987,0.4696048632218845,0.5303951367781155,0.6319841568306572
0.9875,0.46936708860759496,0.5306329113924051,0.6337548990950388
0.988,0.4691295546558704,0.5308704453441295,0.633774559699982
0.9885,0.46889226100151743,0.5311077389984826,0.6344458895083016
0.989,0.4691607684529828,0.5308392315470172,0.6347365153952654
0.9895,0.4694290045477514,0.5305709954522486,0.6362920202334101
0.99,0.4691919191919192,0.5308080808080808,0.6371882568160835
0.9905,0.469459868753155,0.530540131246845,0.638984447182422
0.991,0.4692230070635722,0.5307769929364279,0.6445654564126176
0.9915,0.4689863842662632,0.5310136157337368,0.6451118443220263
0.992,0.46875,0.53125,0.6460678030566621
0.9925,0.4690176322418136,0.5309823677581864,0.6476658000302693
0.993,0.4687814702920443,0.5312185297079557,0.6494610545102161
0.9935,0.4685455460493206,0.5314544539506794,0.6516642060008984
0.994,0.4688128772635815,0.5311871227364184,0.6521339489735837
0.9945,0.46907993966817496,0.530920060331825,0.6536986637991193
0.995,0.46934673366834173,0.5306532663316583,0.6542233462134376
0.9955,0.4691109994977398,0.5308890005022602,0.6575986779232776
0.996,0.46887550200803213,0.5311244979919678,0.6598281129695254
0.9965,0.4686402408429503,0.5313597591570497,0.6611842464509512
0.997,0.4684052156469408,0.5315947843530592,0.6616851926092204
0.9975,0.46867167919799496,0.531328320802005,0.6660521792071683
0.998,0.46893787575150303,0.531062124248497,0.667563442054399
0.9985,0.46870305458187284,0.5312969454181271,0.6686662404854076
0.999,0.46846846846846846,0.5315315315315315,0.6761854577714314
0.9995,0.4687343671835918,0.5312656328164083,0.6792057856029257
1.0,0.4685,0.5315,0.7040077035118737
